,id_venta,id_producto,producto,precio_unit,cantidad,fecha_venta,categoria,rango,precio_rango
0,792,192,Cuadro decorativo,69.94,5,2024-01-02,Decoración,R2,0.0
1,811,0,Lámpara de mesa,105.1,5,2024-01-02,Decoración,,0.0
2,1156,0,Secadora,97.96,3,2024-01-02,Electrodomésticos,,0.0
3,1372,0,Heladera,114.35,8,2024-01-02,Electrodomésticos,,0.0
4,1546,0,Secadora,106.21,4,2024-01-02,Electrodomésticos,,0.0
5,1697,0,Horno eléctrico,35.35,9,2024-01-02,Electrodomésticos,,0.0
6,1710,0,Plancha de vapor,65.43,2,2024-01-02,Electrodomésticos,,0.0
7,2959,0,Proyector,88.17,9,2024-01-02,Electrónica,,0.0
8,318,0,Rincón de plantas,79.86,11,2024-01-03,Decoración,,0.0
9,419,0,Candelabro,66.11,8,2024-01-03,Decoración,,0.0
10,1374,123,Aspiradora,95.9,5,2024-01-03,Electrodomésticos,R3,0.0
11,1571,0,Freidora eléctrica,111.18,1,2024-01-03,Electrodomésticos,,0.0
12,1814,122,Aspiradora,70.91,2,2024-01-03,Electrodomésticos,R2,0.0
13,2769,0,Proyector,43.62,11,2024-01-03,Electrónica,,0.0
14,2794,0,Tablet,67.97,9,2024-01-03,Electrónica,,0.0
15,2824,0,Tablet,74.09,5,2024-01-03,Electrónica,,0.0
16,446,0,Cortinas,62.1,4,2024-01-04,Decoración,,0.0
17,630,102,Adorno de pared,71.99,9,2024-01-04,Decoración,R2,66-91
18,794,0,Jarrón decorativo,96.97,7,2024-01-04,Decoración,,0.0
19,882,193,Cuadro decorativo,101.92,9,2024-01-04,Decoración,R3,0.0
20,969,0,Candelabro,90.7,12,2024-01-04,Decoración,,0.0
21,1445,0,Lavadora,28.41,10,2024-01-04,Electrodomésticos,,0.0
22,1971,0,Freidora eléctrica,122.25,11,2024-01-04,Electrodomésticos,,0.0
23,2209,0,Proyector,32.15,1,2024-01-04,Electrónica,,0.0
24,256,0,Cortinas,86.82,8,2024-01-05,Decoración,,0.0
25,606,0,Cortinas,106.66,11,2024-01-05,Decoración,,0.0
26,704,0,Jarrón decorativo,57.22,9,2024-01-05,Decoración,,0.0
27,1362,0,Heladera,109.49,11,2024-01-05,Electrodomésticos,,0.0
28,2155,132,Auriculares,84.8,10,2024-01-05,Electrónica,R2,0.0
29,2947,0,Cámara digital,107.78,3,2024-01-05,Electrónica,,0.0
30,1495,0,Lavadora,38.99,6,2024-01-06,Electrodomésticos,,0.0
31,1572,152,Cafetera,61.4,9,2024-01-06,Electrodomésticos,R2,0.0
32,2180,0,Consola de videojuegos,102.57,9,2024-01-06,Electrónica,,0.0
33,2487,0,Cámara digital,50.76,3,2024-01-06,Electrónica,,0.0
34,2603,0,Smartphone,87.05,5,2024-01-06,Electrónica,,0.0
35,2885,133,Auriculares,100.4,6,2024-01-06,Electrónica,R3,0.0
36,17,0,Elementos de cerámica,108.48,11,2024-01-07,Decoración,,0.0
37,183,0,Espejo decorativo,82.76,8,2024-01-07,Decoración,,0.0
38,560,101,Adorno de pared,57.62,6,2024-01-07,Decoración,R1,25-66
39,632,191,Cuadro decorativo,30.49,12,2024-01-07,Decoración,R1,0.0
40,699,0,Candelabro,34.23,12,2024-01-07,Decoración,,0.0
41,1150,0,Plancha de vapor,33.63,10,2024-01-07,Electrodomésticos,,0.0
42,1400,0,Plancha de vapor,26.91,5,2024-01-07,Electrodomésticos,,0.0
43,1496,0,Secadora,95.33,11,2024-01-07,Electrodomésticos,,0.0
44,1524,122,Aspiradora,65.55,8,2024-01-07,Electrodomésticos,R2,0.0
45,1550,0,Plancha de vapor,51.51,7,2024-01-07,Electrodomésticos,,0.0
46,2174,133,Auriculares,116.04,11,2024-01-07,Electrónica,R3,0.0
47,2773,0,Smartphone,107.51,5,2024-01-07,Electrónica,,0.0
48,2920,0,Consola de videojuegos,29.49,2,2024-01-07,Electrónica,,0.0
49,84,0,Jarrón decorativo,37.05,4,2024-01-08,Decoración,,0.0
50,349,0,Candelabro,57.65,6,2024-01-08,Decoración,,0.0
51,687,0,Elementos de cerámica,27.68,8,2024-01-08,Decoración,,0.0
52,696,0,Cortinas,32.57,8,2024-01-08,Decoración,,0.0
53,1734,121,Aspiradora,50.86,4,2024-01-08,Electrodomésticos,R1,0.0
54,2173,0,Smartphone,54.19,12,2024-01-08,Electrónica,,0.0
55,2283,0,Smartphone,70.07,11,2024-01-08,Electrónica,,0.0
56,2501,0,Parlantes Bluetooth,87.78,1,2024-01-08,Electrónica,,0.0
57,2918,0,SmartWatch,82.18,10,2024-01-08,Electrónica,,0.0
58,386,0,Cortinas,85.71,8,2024-01-09,Decoración,,0.0
59,599,0,Candelabro,47.22,5,2024-01-09,Decoración,,0.0
60,633,0,Espejo decorativo,60.39,2,2024-01-09,Decoración,,0.0
61,714,0,Jarrón decorativo,42.46,8,2024-01-09,Decoración,,0.0
62,871,0,Lámpara de mesa,79.64,11,2024-01-09,Decoración,,0.0
63,1132,151,Cafetera,29.88,10,2024-01-09,Electrodomésticos,R1,0.0
64,1443,0,Microondas,67.39,8,2024-01-09,Electrodomésticos,,0.0
65,1584,123,Aspiradora,99.58,7,2024-01-09,Electrodomésticos,R3,0.0
66,1617,0,Horno eléctrico,68.53,8,2024-01-09,Electrodomésticos,,0.0
67,1649,141,Batidora,39.26,11,2024-01-09,Electrodomésticos,R1,0.0
68,2917,0,Cámara digital,120.87,7,2024-01-09,Electrónica,,0.0
69,315,113,Alfombra,122.07,9,2024-01-10,Decoración,R3,89-125
70,553,0,Espejo decorativo,96.29,9,2024-01-10,Decoración,,0.0
71,817,0,Elementos de cerámica,106.31,1,2024-01-10,Decoración,,0.0
72,830,102,Adorno de pared,67.23,10,2024-01-10,Decoración,R2,66-91
73,854,0,Jarrón decorativo,42.83,5,2024-01-10,Decoración,,0.0
74,1090,0,Plancha de vapor,66.15,8,2024-01-10,Electrodomésticos,,0.0
75,1464,121,Aspiradora,36.38,5,2024-01-10,Electrodomésticos,R1,0.0
76,1933,0,Microondas,46.05,6,2024-01-10,Electrodomésticos,,0.0
77,308,0,Rincón de plantas,31.7,11,2024-01-11,Decoración,,0.0
78,718,0,Rincón de plantas,29.88,8,2024-01-11,Decoración,,0.0
79,804,0,Jarrón decorativo,87.84,7,2024-01-11,Decoración,,0.0
80,963,0,Espejo decorativo,32.34,5,2024-01-11,Decoración,,0.0
81,1167,0,Horno eléctrico,119.7,6,2024-01-11,Electrodomésticos,,0.0
82,1234,121,Aspiradora,36.89,7,2024-01-11,Electrodomésticos,R1,0.0
83,1319,142,Batidora,79.98,12,2024-01-11,Electrodomésticos,R2,0.0
84,1885,0,Lavadora,120.75,10,2024-01-11,Electrodomésticos,,0.0
85,2268,0,SmartWatch,48.45,2,2024-01-11,Electrónica,,0.0
86,2325,133,Auriculares,117.43,11,2024-01-11,Electrónica,R3,0.0
87,2761,0,Parlantes Bluetooth,29.89,9,2024-01-11,Electrónica,,0.0
88,243,0,Espejo decorativo,55.61,1,2024-01-12,Decoración,,0.0
89,1441,0,Freidora eléctrica,52.57,11,2024-01-12,Electrodomésticos,,0.0
90,2428,0,SmartWatch,115.0,10,2024-01-12,Electrónica,,0.0
91,2583,0,Smartphone,67.93,10,2024-01-12,Electrónica,,0.0
92,2980,0,Consola de videojuegos,110.6,12,2024-01-12,Electrónica,,0.0
93,88,0,Rincón de plantas,109.33,9,2024-01-13,Decoración,,0.0
94,501,0,Lámpara de mesa,35.2,6,2024-01-13,Decoración,,0.0
95,507,0,Elementos de cerámica,111.1,1,2024-01-13,Decoración,,0.0
96,669,0,Lámpara de mesa,96.79,5,2024-01-13,Decoración,,0.0
97,987,0,Elementos de cerámica,102.62,3,2024-01-13,Decoración,,0.0
98,1548,151,Cafetera,35.73,12,2024-01-13,Electrodomésticos,R1,0.0
99,2822,0,Televisor,57.34,1,2024-01-13,Electrónica,,0.0
100,2924,0,Tablet,32.3,1,2024-01-13,Electrónica,,0.0
101,20,102,Adorno de pared,90.21,2,2024-01-14,Decoración,R2,66-91
102,53,0,Espejo decorativo,115.45,7,2024-01-14,Decoración,,0.0
103,608,0,Rincón de plantas,64.67,10,2024-01-14,Decoración,,0.0
104,993,0,Espejo decorativo,98.26,1,2024-01-14,Decoración,,0.0
105,1065,0,Lavadora,43.98,6,2024-01-14,Electrodomésticos,,0.0
106,1599,143,Batidora,96.78,12,2024-01-14,Electrodomésticos,R3,0.0
107,1638,153,Cafetera,123.96,9,2024-01-14,Electrodomésticos,R3,0.0
108,1685,0,Lavadora,84.8,3,2024-01-14,Electrodomésticos,,0.0
109,2685,131,Auriculares,27.36,10,2024-01-14,Electrónica,R1,0.0
110,169,0,Lámpara de mesa,76.32,9,2024-01-15,Decoración,,0.0
111,236,0,Cortinas,118.69,9,2024-01-15,Decoración,,0.0
112,260,103,Adorno de pared,101.48,9,2024-01-15,Decoración,R3,91-120
113,977,0,Elementos de cerámica,74.35,5,2024-01-15,Decoración,,0.0
114,1271,0,Freidora eléctrica,119.46,2,2024-01-15,Electrodomésticos,,0.0
115,2098,0,SmartWatch,75.65,5,2024-01-15,Electrónica,,0.0
116,2196,0,Laptop,31.69,1,2024-01-15,Electrónica,,0.0
117,2590,0,Consola de videojuegos,99.14,6,2024-01-15,Electrónica,,0.0
118,2788,0,SmartWatch,30.38,8,2024-01-15,Electrónica,,0.0
119,2803,0,Smartphone,95.73,5,2024-01-15,Electrónica,,0.0
120,2874,0,Tablet,117.47,2,2024-01-15,Electrónica,,0.0
121,113,0,Espejo decorativo,75.93,10,2024-01-16,Decoración,,0.0
122,503,0,Espejo decorativo,101.91,3,2024-01-16,Decoración,,0.0
123,832,191,Cuadro decorativo,30.59,1,2024-01-16,Decoración,R1,0.0
124,962,191,Cuadro decorativo,40.97,11,2024-01-16,Decoración,R1,0.0
125,1250,0,Plancha de vapor,98.55,6,2024-01-16,Electrodomésticos,,0.0
126,1431,0,Freidora eléctrica,83.95,8,2024-01-16,Electrodomésticos,,0.0
127,1920,0,Plancha de vapor,86.65,6,2024-01-16,Electrodomésticos,,0.0
128,2129,0,Proyector,107.98,6,2024-01-16,Electrónica,,0.0
129,2220,0,Consola de videojuegos,31.57,1,2024-01-16,Electrónica,,0.0
130,2477,0,Cámara digital,38.37,9,2024-01-16,Electrónica,,0.0
131,2789,0,Proyector,115.19,11,2024-01-16,Electrónica,,0.0
132,2935,132,Auriculares,80.29,2,2024-01-16,Electrónica,R2,0.0
133,131,0,Lámpara de mesa,58.32,10,2024-01-17,Decoración,,0.0
134,178,0,Rincón de plantas,81.5,1,2024-01-17,Decoración,,0.0
135,368,0,Rincón de plantas,87.4,9,2024-01-17,Decoración,,0.0
136,684,0,Jarrón decorativo,106.89,6,2024-01-17,Decoración,,0.0
137,1750,0,Plancha de vapor,94.53,2,2024-01-17,Electrodomésticos,,0.0
138,2284,0,Tablet,69.35,4,2024-01-17,Electrónica,,0.0
139,2402,0,Televisor,117.53,9,2024-01-17,Electrónica,,0.0
140,2698,0,SmartWatch,76.47,7,2024-01-17,Electrónica,,0.0
141,430,102,Adorno de pared,81.76,5,2024-01-18,Decoración,R2,66-91
142,588,0,Rincón de plantas,80.17,3,2024-01-18,Decoración,,0.0
143,1626,0,Secadora,102.73,6,2024-01-18,Electrodomésticos,,0.0
144,1900,0,Plancha de vapor,45.14,1,2024-01-18,Electrodomésticos,,0.0
145,2119,0,Proyector,84.1,11,2024-01-18,Electrónica,,0.0
146,2244,132,Auriculares,63.67,5,2024-01-18,Electrónica,R2,0.0
147,2297,0,Cámara digital,119.43,5,2024-01-18,Electrónica,,0.0
148,2416,0,Laptop,81.74,10,2024-01-18,Electrónica,,0.0
149,2431,0,Parlantes Bluetooth,69.4,1,2024-01-18,Electrónica,,0.0
150,2792,0,Televisor,84.96,5,2024-01-18,Electrónica,,0.0
151,30,102,Adorno de pared,76.92,6,2024-01-19,Decoración,R2,66-91
152,49,0,Lámpara de mesa,52.95,6,2024-01-19,Decoración,,0.0
153,104,0,Jarrón decorativo,103.13,8,2024-01-19,Decoración,,0.0
154,323,0,Espejo decorativo,123.21,7,2024-01-19,Decoración,,0.0
155,395,111,Alfombra,33.48,12,2024-01-19,Decoración,R1,28-54
156,851,0,Lámpara de mesa,85.23,6,2024-01-19,Decoración,,0.0
157,1125,0,Lavadora,97.73,12,2024-01-19,Electrodomésticos,,0.0
158,1332,153,Cafetera,98.21,11,2024-01-19,Electrodomésticos,R3,0.0
159,1806,0,Secadora,27.45,10,2024-01-19,Electrodomésticos,,0.0
160,2231,0,Parlantes Bluetooth,42.98,7,2024-01-19,Electrónica,,0.0
161,401,0,Lámpara de mesa,69.47,8,2024-01-20,Decoración,,0.0
162,788,0,Rincón de plantas,85.75,3,2024-01-20,Decoración,,0.0
163,1007,0,Horno eléctrico,98.42,8,2024-01-20,Electrodomésticos,,0.0
164,1489,143,Batidora,95.59,3,2024-01-20,Electrodomésticos,R3,0.0
165,2187,0,Cámara digital,108.61,2,2024-01-20,Electrónica,,0.0
166,2588,0,SmartWatch,83.01,11,2024-01-20,Electrónica,,0.0
167,2721,0,Parlantes Bluetooth,40.74,6,2024-01-20,Electrónica,,0.0
168,2897,0,Cámara digital,71.45,5,2024-01-20,Electrónica,,0.0
169,2987,0,Cámara digital,91.13,8,2024-01-20,Electrónica,,0.0
170,59,0,Lámpara de mesa,121.72,8,2024-01-21,Decoración,,0.0
171,754,0,Jarrón decorativo,91.53,12,2024-01-21,Decoración,,0.0
172,1117,0,Horno eléctrico,103.57,1,2024-01-21,Electrodomésticos,,0.0
173,1140,0,Plancha de vapor,27.61,7,2024-01-21,Electrodomésticos,,0.0
174,1145,0,Lavadora,67.2,11,2024-01-21,Electrodomésticos,,0.0
175,1286,0,Secadora,84.5,11,2024-01-21,Electrodomésticos,,0.0
176,1754,123,Aspiradora,104.86,8,2024-01-21,Electrodomésticos,R3,0.0
177,1882,151,Cafetera,51.16,12,2024-01-21,Electrodomésticos,R1,0.0
178,2560,0,Consola de videojuegos,87.23,5,2024-01-21,Electrónica,,0.0
179,442,191,Cuadro decorativo,29.17,1,2024-01-22,Decoración,R1,0.0
180,547,0,Elementos de cerámica,83.81,6,2024-01-22,Decoración,,0.0
181,984,0,Jarrón decorativo,26.97,5,2024-01-22,Decoración,,0.0
182,1106,0,Secadora,91.54,2,2024-01-22,Electrodomésticos,,0.0
183,1808,151,Cafetera,45.98,3,2024-01-22,Electrodomésticos,R1,0.0
184,1981,0,Freidora eléctrica,48.68,8,2024-01-22,Electrodomésticos,,0.0
185,80,101,Adorno de pared,51.56,5,2024-01-23,Decoración,R1,25-66
186,189,0,Lámpara de mesa,26.42,2,2024-01-23,Decoración,,0.0
187,839,0,Lámpara de mesa,96.37,5,2024-01-23,Decoración,,0.0
188,947,0,Elementos de cerámica,117.34,1,2024-01-23,Decoración,,0.0
189,1592,152,Cafetera,86.79,3,2024-01-23,Electrodomésticos,R2,0.0
190,2690,0,Consola de videojuegos,102.4,2,2024-01-23,Electrónica,,0.0
191,39,0,Lámpara de mesa,57.35,12,2024-01-24,Decoración,,0.0
192,164,0,Jarrón decorativo,66.27,1,2024-01-24,Decoración,,0.0
193,196,0,Cortinas,90.87,4,2024-01-24,Decoración,,0.0
194,768,0,Rincón de plantas,89.47,2,2024-01-24,Decoración,,0.0
195,1515,0,Lavadora,108.37,1,2024-01-24,Electrodomésticos,,0.0
196,1786,0,Secadora,40.63,3,2024-01-24,Electrodomésticos,,0.0
197,1977,0,Horno eléctrico,45.79,7,2024-01-24,Electrodomésticos,,0.0
198,2354,0,Tablet,27.98,8,2024-01-24,Electrónica,,0.0
199,2543,0,Smartphone,91.39,7,2024-01-24,Electrónica,,0.0
200,2623,0,Smartphone,27.32,7,2024-01-24,Electrónica,,0.0
201,2982,0,Televisor,26.7,9,2024-01-24,Electrónica,,0.0
202,85,112,Alfombra,71.14,2,2024-01-25,Decoración,R2,54-89
203,983,0,Espejo decorativo,123.22,10,2024-01-25,Decoración,,0.0
204,1378,152,Cafetera,96.94,4,2024-01-25,Electrodomésticos,R2,0.0
205,1485,0,Lavadora,66.16,4,2024-01-25,Electrodomésticos,,0.0
206,1503,0,Microondas,39.45,9,2024-01-25,Electrodomésticos,,0.0
207,2121,0,Parlantes Bluetooth,100.6,6,2024-01-25,Electrónica,,0.0
208,2340,0,Consola de videojuegos,109.68,5,2024-01-25,Electrónica,,0.0
209,2502,0,Televisor,77.83,8,2024-01-25,Electrónica,,0.0
210,2619,0,Proyector,70.1,10,2024-01-25,Electrónica,,0.0
211,2735,133,Auriculares,93.37,10,2024-01-25,Electrónica,R3,0.0
212,2948,0,SmartWatch,29.15,2,2024-01-25,Electrónica,,0.0
213,73,0,Espejo decorativo,52.58,9,2024-01-26,Decoración,,0.0
214,621,0,Lámpara de mesa,70.6,6,2024-01-26,Decoración,,0.0
215,787,0,Elementos de cerámica,106.39,6,2024-01-26,Decoración,,0.0
216,933,0,Espejo decorativo,110.02,1,2024-01-26,Decoración,,0.0
217,1768,153,Cafetera,120.32,9,2024-01-26,Electrodomésticos,R3,0.0
218,2252,0,Televisor,89.27,8,2024-01-26,Electrónica,,0.0
219,2305,131,Auriculares,31.03,9,2024-01-26,Electrónica,R1,0.0
220,218,0,Rincón de plantas,120.32,1,2024-01-27,Decoración,,0.0
221,310,103,Adorno de pared,103.79,2,2024-01-27,Decoración,R3,91-120
222,496,0,Cortinas,37.02,5,2024-01-27,Decoración,,0.0
223,1360,0,Plancha de vapor,95.1,2,2024-01-27,Electrodomésticos,,0.0
224,1744,121,Aspiradora,28.79,12,2024-01-27,Electrodomésticos,R1,0.0
225,1877,0,Horno eléctrico,53.46,4,2024-01-27,Electrodomésticos,,0.0
226,2165,131,Auriculares,47.24,9,2024-01-27,Electrónica,R1,0.0
227,2218,0,SmartWatch,54.84,1,2024-01-27,Electrónica,,0.0
228,2222,0,Televisor,33.19,9,2024-01-27,Electrónica,,0.0
229,2546,0,Laptop,30.31,2,2024-01-27,Electrónica,,0.0
230,617,0,Elementos de cerámica,28.22,4,2024-01-28,Decoración,,0.0
231,641,0,Lámpara de mesa,95.46,10,2024-01-28,Decoración,,0.0
232,912,193,Cuadro decorativo,111.56,9,2024-01-28,Decoración,R3,0.0
233,1999,143,Batidora,103.27,3,2024-01-28,Electrodomésticos,R3,0.0
234,2323,0,Smartphone,34.5,1,2024-01-28,Electrónica,,0.0
235,2636,0,Laptop,33.07,10,2024-01-28,Electrónica,,0.0
236,2693,0,Smartphone,115.81,1,2024-01-28,Electrónica,,0.0
237,373,0,Espejo decorativo,29.77,11,2024-01-29,Decoración,,0.0
238,1452,152,Cafetera,88.56,8,2024-01-29,Electrodomésticos,R2,0.0
239,1645,0,Lavadora,76.5,3,2024-01-29,Electrodomésticos,,0.0
240,2228,0,SmartWatch,100.06,7,2024-01-29,Electrónica,,0.0
241,2240,0,Consola de videojuegos,43.35,8,2024-01-29,Electrónica,,0.0
242,2245,131,Auriculares,53.45,8,2024-01-29,Electrónica,R1,0.0
243,2653,0,Smartphone,121.22,6,2024-01-29,Electrónica,,0.0
244,2870,0,Consola de videojuegos,72.39,1,2024-01-29,Electrónica,,0.0
245,2938,0,SmartWatch,122.68,1,2024-01-29,Electrónica,,0.0
246,2953,0,Smartphone,121.0,12,2024-01-29,Electrónica,,0.0
247,1046,0,Secadora,109.0,11,2024-01-30,Electrodomésticos,,0.0
248,1886,0,Secadora,47.91,1,2024-01-30,Electrodomésticos,,0.0
249,1965,0,Lavadora,43.52,7,2024-01-30,Electrodomésticos,,0.0
250,2005,131,Auriculares,56.56,4,2024-01-30,Electrónica,R1,0.0
251,2273,0,Smartphone,59.33,2,2024-01-30,Electrónica,,0.0
252,2522,0,Televisor,94.98,2,2024-01-30,Electrónica,,0.0
253,2784,0,Tablet,41.96,9,2024-01-30,Electrónica,,0.0
254,2945,133,Auriculares,115.2,1,2024-01-30,Electrónica,R3,0.0
255,50,102,Adorno de pared,83.1,5,2024-01-31,Decoración,R2,66-91
256,162,191,Cuadro decorativo,59.6,5,2024-01-31,Decoración,R1,0.0
257,259,0,Lámpara de mesa,78.89,11,2024-01-31,Decoración,,0.0
258,277,0,Elementos de cerámica,52.17,7,2024-01-31,Decoración,,0.0
259,852,192,Cuadro decorativo,78.93,4,2024-01-31,Decoración,R2,0.0
260,1185,0,Lavadora,92.36,1,2024-01-31,Electrodomésticos,,0.0
261,1210,0,Plancha de vapor,101.96,10,2024-01-31,Electrodomésticos,,0.0
262,1254,122,Aspiradora,74.11,11,2024-01-31,Electrodomésticos,R2,0.0
263,1481,0,Freidora eléctrica,121.77,12,2024-01-31,Electrodomésticos,,0.0
264,1898,152,Cafetera,63.54,9,2024-01-31,Electrodomésticos,R2,0.0
265,2185,131,Auriculares,35.74,11,2024-01-31,Electrónica,R1,0.0
266,2752,133,Auriculares,119.77,5,2024-01-31,Electrónica,R3,0.0
267,2916,0,Laptop,93.91,2,2024-01-31,Electrónica,,0.0
268,733,0,Espejo decorativo,44.37,2,2024-02-01,Decoración,,0.0
269,848,0,Rincón de plantas,81.92,10,2024-02-01,Decoración,,0.0
270,1102,153,Cafetera,108.33,2,2024-02-01,Electrodomésticos,R3,0.0
271,1764,123,Aspiradora,112.38,10,2024-02-01,Electrodomésticos,R3,0.0
272,1813,0,Microondas,89.16,5,2024-02-01,Electrodomésticos,,0.0
273,2069,0,Proyector,76.17,12,2024-02-01,Electrónica,,0.0
274,2474,133,Auriculares,123.41,8,2024-02-01,Electrónica,R3,0.0
275,2680,0,Consola de videojuegos,89.96,2,2024-02-01,Electrónica,,0.0
276,380,101,Adorno de pared,45.84,10,2024-02-02,Decoración,R1,25-66
277,557,0,Elementos de cerámica,108.86,6,2024-02-02,Decoración,,0.0
278,828,0,Rincón de plantas,27.95,7,2024-02-02,Decoración,,0.0
279,829,0,Lámpara de mesa,41.6,12,2024-02-02,Decoración,,0.0
280,1600,0,Plancha de vapor,47.6,10,2024-02-02,Electrodomésticos,,0.0
281,2079,0,Proyector,111.74,6,2024-02-02,Electrónica,,0.0
282,2115,131,Auriculares,26.0,9,2024-02-02,Electrónica,R1,0.0
283,2133,0,Smartphone,88.43,2,2024-02-02,Electrónica,,0.0
284,2329,0,Proyector,62.88,7,2024-02-02,Electrónica,,0.0
285,2476,0,Laptop,109.23,7,2024-02-02,Electrónica,,0.0
286,2548,0,SmartWatch,108.99,10,2024-02-02,Electrónica,,0.0
287,211,0,Lámpara de mesa,30.03,8,2024-02-03,Decoración,,0.0
288,541,0,Lámpara de mesa,76.33,10,2024-02-03,Decoración,,0.0
289,695,111,Alfombra,51.29,2,2024-02-03,Decoración,R1,28-54
290,1336,0,Secadora,42.81,7,2024-02-03,Electrodomésticos,,0.0
291,1499,142,Batidora,77.53,4,2024-02-03,Electrodomésticos,R2,0.0
292,2007,0,Cámara digital,117.11,9,2024-02-03,Electrónica,,0.0
293,2068,0,SmartWatch,49.23,4,2024-02-03,Electrónica,,0.0
294,2758,0,SmartWatch,81.32,6,2024-02-03,Electrónica,,0.0
295,2851,0,Parlantes Bluetooth,110.42,2,2024-02-03,Electrónica,,0.0
296,64,0,Jarrón decorativo,104.16,10,2024-02-04,Decoración,,0.0
297,763,0,Espejo decorativo,117.99,3,2024-02-04,Decoración,,0.0
298,1424,122,Aspiradora,69.31,10,2024-02-04,Electrodomésticos,R2,0.0
299,1455,0,Lavadora,38.61,10,2024-02-04,Electrodomésticos,,0.0
300,1456,0,Secadora,84.24,3,2024-02-04,Electrodomésticos,,0.0
301,2315,133,Auriculares,109.07,4,2024-02-04,Electrónica,R3,0.0
302,2832,0,Televisor,49.23,4,2024-02-04,Electrónica,,0.0
303,24,0,Jarrón decorativo,70.51,12,2024-02-05,Decoración,,0.0
304,40,103,Adorno de pared,100.32,10,2024-02-05,Decoración,R3,91-120
305,347,0,Elementos de cerámica,83.52,12,2024-02-05,Decoración,,0.0
306,911,0,Lámpara de mesa,33.9,4,2024-02-05,Decoración,,0.0
307,1451,0,Freidora eléctrica,48.52,4,2024-02-05,Electrodomésticos,,0.0
308,1855,0,Lavadora,123.28,8,2024-02-05,Electrodomésticos,,0.0
309,1961,0,Freidora eléctrica,81.99,1,2024-02-05,Electrodomésticos,,0.0
310,2378,0,SmartWatch,72.38,1,2024-02-05,Electrónica,,0.0
311,2426,0,Laptop,47.57,4,2024-02-05,Electrónica,,0.0
312,1064,122,Aspiradora,65.0,9,2024-02-06,Electrodomésticos,R2,0.0
313,1313,0,Microondas,82.58,9,2024-02-06,Electrodomésticos,,0.0
314,1848,153,Cafetera,123.27,4,2024-02-06,Electrodomésticos,R3,0.0
315,2267,0,Cámara digital,57.81,10,2024-02-06,Electrónica,,0.0
316,2438,0,SmartWatch,45.98,3,2024-02-06,Electrónica,,0.0
317,2566,0,Laptop,70.59,9,2024-02-06,Electrónica,,0.0
318,2617,0,Cámara digital,89.53,9,2024-02-06,Electrónica,,0.0
319,2627,0,Cámara digital,102.83,5,2024-02-06,Electrónica,,0.0
320,381,0,Lámpara de mesa,124.57,3,2024-02-07,Decoración,,0.0
321,393,0,Espejo decorativo,122.11,7,2024-02-07,Decoración,,0.0
322,662,191,Cuadro decorativo,42.09,12,2024-02-07,Decoración,R1,0.0
323,770,103,Adorno de pared,103.74,5,2024-02-07,Decoración,R3,91-120
324,895,113,Alfombra,102.72,2,2024-02-07,Decoración,R3,89-125
325,1340,0,Plancha de vapor,48.48,10,2024-02-07,Electrodomésticos,,0.0
326,1422,153,Cafetera,109.97,2,2024-02-07,Electrodomésticos,R3,0.0
327,1554,123,Aspiradora,124.82,3,2024-02-07,Electrodomésticos,R3,0.0
328,2584,131,Auriculares,42.67,6,2024-02-07,Electrónica,R1,0.0
329,163,0,Espejo decorativo,30.11,12,2024-02-08,Decoración,,0.0
330,367,0,Elementos de cerámica,47.0,2,2024-02-08,Decoración,,0.0
331,745,111,Alfombra,50.02,12,2024-02-08,Decoración,R1,28-54
332,850,103,Adorno de pared,112.03,9,2024-02-08,Decoración,R3,91-120
333,971,0,Lámpara de mesa,79.91,8,2024-02-08,Decoración,,0.0
334,1501,0,Freidora eléctrica,58.69,4,2024-02-08,Electrodomésticos,,0.0
335,1529,142,Batidora,79.14,10,2024-02-08,Electrodomésticos,R2,0.0
336,2618,0,SmartWatch,64.98,11,2024-02-08,Electrónica,,0.0
337,809,0,Lámpara de mesa,58.38,4,2024-02-09,Decoración,,0.0
338,1371,0,Freidora eléctrica,95.71,4,2024-02-09,Electrodomésticos,,0.0
339,1791,0,Freidora eléctrica,51.37,9,2024-02-09,Electrodomésticos,,0.0
340,2294,131,Auriculares,54.54,9,2024-02-09,Electrónica,R1,0.0
341,2668,0,SmartWatch,97.01,4,2024-02-09,Electrónica,,0.0
342,2718,0,SmartWatch,110.23,11,2024-02-09,Electrónica,,0.0
343,135,112,Alfombra,78.47,1,2024-02-10,Decoración,R2,54-89
344,212,191,Cuadro decorativo,52.83,12,2024-02-10,Decoración,R1,0.0
345,229,0,Lámpara de mesa,99.71,3,2024-02-10,Decoración,,0.0
346,737,0,Elementos de cerámica,116.82,3,2024-02-10,Decoración,,0.0
347,840,103,Adorno de pared,91.48,9,2024-02-10,Decoración,R3,91-120
348,949,0,Lámpara de mesa,87.04,1,2024-02-10,Decoración,,0.0
349,1294,121,Aspiradora,26.11,9,2024-02-10,Electrodomésticos,R1,0.0
350,1436,0,Secadora,45.43,11,2024-02-10,Electrodomésticos,,0.0
351,1696,0,Secadora,115.57,12,2024-02-10,Electrodomésticos,,0.0
352,2013,0,Smartphone,49.34,12,2024-02-10,Electrónica,,0.0
353,2203,0,Smartphone,59.33,5,2024-02-10,Electrónica,,0.0
354,2873,0,Smartphone,74.8,5,2024-02-10,Electrónica,,0.0
355,2973,0,Smartphone,97.62,1,2024-02-10,Electrónica,,0.0
356,43,0,Espejo decorativo,81.16,2,2024-02-11,Decoración,,0.0
357,205,113,Alfombra,108.67,4,2024-02-11,Decoración,R3,89-125
358,417,0,Elementos de cerámica,35.97,2,2024-02-11,Decoración,,0.0
359,462,193,Cuadro decorativo,109.69,8,2024-02-11,Decoración,R3,0.0
360,1730,0,Plancha de vapor,101.57,10,2024-02-11,Electrodomésticos,,0.0
361,1901,0,Freidora eléctrica,83.07,6,2024-02-11,Electrodomésticos,,0.0
362,2440,0,Consola de videojuegos,110.79,8,2024-02-11,Electrónica,,0.0
363,2952,0,Televisor,112.58,5,2024-02-11,Electrónica,,0.0
364,362,192,Cuadro decorativo,71.97,12,2024-02-12,Decoración,R2,0.0
365,952,192,Cuadro decorativo,72.08,11,2024-02-12,Decoración,R2,0.0
366,970,101,Adorno de pared,37.5,3,2024-02-12,Decoración,R1,25-66
367,1963,0,Microondas,96.35,3,2024-02-12,Electrodomésticos,,0.0
368,2122,0,Televisor,97.3,9,2024-02-12,Electrónica,,0.0
369,2334,131,Auriculares,57.41,4,2024-02-12,Electrónica,R1,0.0
370,2714,132,Auriculares,74.7,10,2024-02-12,Electrónica,R2,0.0
371,116,0,Cortinas,40.19,3,2024-02-13,Decoración,,0.0
372,2379,0,Proyector,108.52,12,2024-02-13,Electrónica,,0.0
373,2669,0,Proyector,26.52,3,2024-02-13,Electrónica,,0.0
374,2739,0,Proyector,63.33,10,2024-02-13,Electrónica,,0.0
375,2766,0,Laptop,31.94,11,2024-02-13,Electrónica,,0.0
376,2829,0,Proyector,33.84,5,2024-02-13,Electrónica,,0.0
377,151,0,Lámpara de mesa,113.01,7,2024-02-14,Decoración,,0.0
378,366,0,Cortinas,92.84,1,2024-02-14,Decoración,,0.0
379,406,0,Cortinas,64.96,1,2024-02-14,Decoración,,0.0
380,884,0,Jarrón decorativo,82.89,10,2024-02-14,Decoración,,0.0
381,1488,152,Cafetera,79.98,2,2024-02-14,Electrodomésticos,R2,0.0
382,1946,0,Secadora,69.17,6,2024-02-14,Electrodomésticos,,0.0
383,2154,131,Auriculares,45.97,12,2024-02-14,Electrónica,R1,0.0
384,2571,0,Parlantes Bluetooth,123.36,5,2024-02-14,Electrónica,,0.0
385,2871,0,Parlantes Bluetooth,101.08,7,2024-02-14,Electrónica,,0.0
386,282,193,Cuadro decorativo,87.42,7,2024-02-15,Decoración,R3,0.0
387,457,0,Elementos de cerámica,38.25,1,2024-02-15,Decoración,,0.0
388,946,0,Cortinas,109.32,7,2024-02-15,Decoración,,0.0
389,1353,0,Microondas,98.65,2,2024-02-15,Electrodomésticos,,0.0
390,2782,0,Televisor,62.8,8,2024-02-15,Electrónica,,0.0
391,2979,0,Proyector,65.41,7,2024-02-15,Electrónica,,0.0
392,1070,0,Plancha de vapor,48.23,5,2024-02-16,Electrodomésticos,,0.0
393,1265,0,Lavadora,120.53,5,2024-02-16,Electrodomésticos,,0.0
394,1798,152,Cafetera,97.97,2,2024-02-16,Electrodomésticos,R2,0.0
395,2304,131,Auriculares,44.56,8,2024-02-16,Electrónica,R1,0.0
396,2595,132,Auriculares,81.96,2,2024-02-16,Electrónica,R2,0.0
397,2825,131,Auriculares,39.92,4,2024-02-16,Electrónica,R1,0.0
398,727,0,Elementos de cerámica,108.86,6,2024-02-17,Decoración,,0.0
399,913,0,Espejo decorativo,59.36,4,2024-02-17,Decoración,,0.0
400,1346,0,Secadora,64.11,4,2024-02-17,Electrodomésticos,,0.0
401,1623,0,Microondas,95.91,4,2024-02-17,Electrodomésticos,,0.0
402,1924,121,Aspiradora,38.1,9,2024-02-17,Electrodomésticos,R1,0.0
403,2246,0,Laptop,76.02,10,2024-02-17,Electrónica,,0.0
404,2255,132,Auriculares,72.37,8,2024-02-17,Electrónica,R2,0.0
405,2345,132,Auriculares,61.61,4,2024-02-17,Electrónica,R2,0.0
406,275,111,Alfombra,36.14,8,2024-02-18,Decoración,R1,28-54
407,276,0,Cortinas,98.73,10,2024-02-18,Decoración,,0.0
408,436,0,Cortinas,76.78,7,2024-02-18,Decoración,,0.0
409,492,193,Cuadro decorativo,120.22,5,2024-02-18,Decoración,R3,0.0
410,658,0,Rincón de plantas,96.23,8,2024-02-18,Decoración,,0.0
411,694,0,Jarrón decorativo,96.35,10,2024-02-18,Decoración,,0.0
412,1081,0,Freidora eléctrica,95.5,4,2024-02-18,Electrodomésticos,,0.0
413,1115,0,Lavadora,96.75,3,2024-02-18,Electrodomésticos,,0.0
414,1510,0,Plancha de vapor,79.95,10,2024-02-18,Electrodomésticos,,0.0
415,2136,0,Laptop,61.22,2,2024-02-18,Electrónica,,0.0
416,2302,0,Televisor,69.69,5,2024-02-18,Electrónica,,0.0
417,2837,0,Cámara digital,63.35,1,2024-02-18,Electrónica,,0.0
418,83,0,Espejo decorativo,101.38,6,2024-02-19,Decoración,,0.0
419,252,193,Cuadro decorativo,110.99,8,2024-02-19,Decoración,R3,0.0
420,428,0,Rincón de plantas,74.58,11,2024-02-19,Decoración,,0.0
421,728,0,Rincón de plantas,58.34,2,2024-02-19,Decoración,,0.0
422,878,0,Rincón de plantas,29.09,12,2024-02-19,Decoración,,0.0
423,52,191,Cuadro decorativo,52.23,10,2024-02-20,Decoración,R1,0.0
424,387,0,Elementos de cerámica,76.94,12,2024-02-20,Decoración,,0.0
425,722,192,Cuadro decorativo,84.63,5,2024-02-20,Decoración,R2,0.0
426,1409,142,Batidora,79.1,4,2024-02-20,Electrodomésticos,R2,0.0
427,1568,153,Cafetera,99.1,10,2024-02-20,Electrodomésticos,R3,0.0
428,1788,151,Cafetera,45.67,4,2024-02-20,Electrodomésticos,R1,0.0
429,2077,0,Cámara digital,28.16,4,2024-02-20,Electrónica,,0.0
430,2706,0,Laptop,51.15,2,2024-02-20,Electrónica,,0.0
431,2900,0,Consola de videojuegos,63.26,2,2024-02-20,Electrónica,,0.0
432,2992,0,Smartphone,116.25,8,2024-02-20,Electrónica,,0.0
433,288,0,Rincón de plantas,59.16,11,2024-02-21,Decoración,,0.0
434,408,0,Rincón de plantas,63.23,7,2024-02-21,Decoración,,0.0
435,720,102,Adorno de pared,90.05,1,2024-02-21,Decoración,R2,66-91
436,1031,0,Freidora eléctrica,117.97,6,2024-02-21,Electrodomésticos,,0.0
437,1186,0,Secadora,80.16,9,2024-02-21,Electrodomésticos,,0.0
438,1453,0,Microondas,60.46,5,2024-02-21,Electrodomésticos,,0.0
439,1660,0,Plancha de vapor,35.94,12,2024-02-21,Electrodomésticos,,0.0
440,1700,0,Plancha de vapor,75.08,6,2024-02-21,Electrodomésticos,,0.0
441,1820,0,Plancha de vapor,45.5,12,2024-02-21,Electrodomésticos,,0.0
442,2083,0,Smartphone,32.6,8,2024-02-21,Electrónica,,0.0
443,2742,0,Televisor,49.01,3,2024-02-21,Electrónica,,0.0
444,2903,0,Smartphone,53.67,6,2024-02-21,Electrónica,,0.0
445,707,0,Elementos de cerámica,63.79,1,2024-02-22,Decoración,,0.0
446,888,0,Rincón de plantas,36.28,12,2024-02-22,Decoración,,0.0
447,891,0,Lámpara de mesa,44.78,4,2024-02-22,Decoración,,0.0
448,928,0,Rincón de plantas,111.8,5,2024-02-22,Decoración,,0.0
449,1508,153,Cafetera,124.68,1,2024-02-22,Electrodomésticos,R3,0.0
450,1582,151,Cafetera,53.82,7,2024-02-22,Electrodomésticos,R1,0.0
451,2056,0,Laptop,99.0,11,2024-02-22,Electrónica,,0.0
452,2883,0,Smartphone,59.99,12,2024-02-22,Electrónica,,0.0
453,86,0,Cortinas,36.75,12,2024-02-23,Decoración,,0.0
454,92,191,Cuadro decorativo,35.48,3,2024-02-23,Decoración,R1,0.0
455,199,0,Lámpara de mesa,31.24,1,2024-02-23,Decoración,,0.0
456,269,0,Lámpara de mesa,66.48,1,2024-02-23,Decoración,,0.0
457,752,193,Cuadro decorativo,110.51,11,2024-02-23,Decoración,R3,0.0
458,1323,0,Microondas,52.26,8,2024-02-23,Electrodomésticos,,0.0
459,2419,0,Proyector,52.52,3,2024-02-23,Electrónica,,0.0
460,2503,0,Smartphone,32.58,9,2024-02-23,Electrónica,,0.0
461,2541,0,Parlantes Bluetooth,26.71,12,2024-02-23,Electrónica,,0.0
462,2587,0,Cámara digital,61.4,7,2024-02-23,Electrónica,,0.0
463,365,112,Alfombra,58.82,9,2024-02-24,Decoración,R2,54-89
464,577,0,Elementos de cerámica,60.17,7,2024-02-24,Decoración,,0.0
465,929,0,Lámpara de mesa,48.58,11,2024-02-24,Decoración,,0.0
466,930,102,Adorno de pared,75.13,6,2024-02-24,Decoración,R2,66-91
467,1182,153,Cafetera,113.84,2,2024-02-24,Electrodomésticos,R3,0.0
468,1558,152,Cafetera,68.89,6,2024-02-24,Electrodomésticos,R2,0.0
469,1817,0,Horno eléctrico,31.5,4,2024-02-24,Electrodomésticos,,0.0
470,2058,0,SmartWatch,35.41,3,2024-02-24,Electrónica,,0.0
471,2768,0,SmartWatch,29.39,11,2024-02-24,Electrónica,,0.0
472,2816,0,Laptop,29.49,8,2024-02-24,Electrónica,,0.0
473,2943,0,Smartphone,28.64,2,2024-02-24,Electrónica,,0.0
474,1703,0,Microondas,91.81,9,2024-02-25,Electrodomésticos,,0.0
475,1852,152,Cafetera,76.0,7,2024-02-25,Electrodomésticos,R2,0.0
476,2175,133,Auriculares,117.03,6,2024-02-25,Electrónica,R3,0.0
477,2232,0,Televisor,70.17,7,2024-02-25,Electrónica,,0.0
478,2269,0,Proyector,74.59,4,2024-02-25,Electrónica,,0.0
479,2398,0,SmartWatch,47.21,1,2024-02-25,Electrónica,,0.0
480,332,193,Cuadro decorativo,124.2,10,2024-02-26,Decoración,R3,0.0
481,581,0,Lámpara de mesa,106.58,3,2024-02-26,Decoración,,0.0
482,697,0,Elementos de cerámica,67.37,2,2024-02-26,Decoración,,0.0
483,1740,0,Plancha de vapor,45.37,6,2024-02-26,Electrodomésticos,,0.0
484,2319,0,Proyector,65.89,4,2024-02-26,Electrónica,,0.0
485,2551,0,Parlantes Bluetooth,62.77,6,2024-02-26,Electrónica,,0.0
486,2,193,Cuadro decorativo,106.12,3,2024-02-27,Decoración,R3,0.0
487,171,0,Lámpara de mesa,62.47,6,2024-02-27,Decoración,,0.0
488,239,0,Lámpara de mesa,46.25,12,2024-02-27,Decoración,,0.0
489,1095,0,Lavadora,67.17,9,2024-02-27,Electrodomésticos,,0.0
490,1138,152,Cafetera,92.62,8,2024-02-27,Electrodomésticos,R2,0.0
491,1835,0,Lavadora,46.18,10,2024-02-27,Electrodomésticos,,0.0
492,1988,151,Cafetera,49.32,3,2024-02-27,Electrodomésticos,R1,0.0
493,2594,0,Tablet,82.71,7,2024-02-27,Electrónica,,0.0
494,2810,0,Consola de videojuegos,31.09,1,2024-02-27,Electrónica,,0.0
495,2964,0,Tablet,99.82,8,2024-02-27,Electrónica,,0.0
496,95,112,Alfombra,87.85,2,2024-02-28,Decoración,R2,54-89
497,150,101,Adorno de pared,27.92,5,2024-02-28,Decoración,R1,25-66
498,702,193,Cuadro decorativo,112.56,9,2024-02-28,Decoración,R3,0.0
499,1136,0,Secadora,41.84,8,2024-02-28,Electrodomésticos,,0.0
500,1272,153,Cafetera,100.92,1,2024-02-28,Electrodomésticos,R3,0.0
501,1410,0,Plancha de vapor,122.77,10,2024-02-28,Electrodomésticos,,0.0
502,1669,142,Batidora,69.74,8,2024-02-28,Electrodomésticos,R2,0.0
503,1793,0,Microondas,108.34,12,2024-02-28,Electrodomésticos,,0.0
504,1839,141,Batidora,63.5,3,2024-02-28,Electrodomésticos,R1,0.0
505,2110,0,Consola de videojuegos,81.69,4,2024-02-28,Electrónica,,0.0
506,2695,133,Auriculares,104.59,9,2024-02-28,Electrónica,R3,0.0
507,2697,0,Cámara digital,117.71,2,2024-02-28,Electrónica,,0.0
508,79,0,Lámpara de mesa,119.69,10,2024-02-29,Decoración,,0.0
509,734,0,Jarrón decorativo,108.99,6,2024-02-29,Decoración,,0.0
510,822,191,Cuadro decorativo,34.33,11,2024-02-29,Decoración,R1,0.0
511,1569,143,Batidora,122.02,12,2024-02-29,Electrodomésticos,R3,0.0
512,1570,0,Plancha de vapor,114.48,4,2024-02-29,Electrodomésticos,,0.0
513,1984,122,Aspiradora,88.95,11,2024-02-29,Electrodomésticos,R2,0.0
514,2104,0,Tablet,78.87,5,2024-02-29,Electrónica,,0.0
515,2223,0,Smartphone,116.89,6,2024-02-29,Electrónica,,0.0
516,661,0,Lámpara de mesa,85.58,11,2024-03-01,Decoración,,0.0
517,1189,142,Batidora,82.18,6,2024-03-01,Electrodomésticos,R2,0.0
518,1263,0,Microondas,54.11,7,2024-03-01,Electrodomésticos,,0.0
519,2699,0,Proyector,66.66,6,2024-03-01,Electrónica,,0.0
520,337,0,Elementos de cerámica,92.88,10,2024-03-02,Decoración,,0.0
521,396,0,Cortinas,39.63,2,2024-03-02,Decoración,,0.0
522,454,0,Jarrón decorativo,80.34,7,2024-03-02,Decoración,,0.0
523,868,0,Rincón de plantas,85.49,2,2024-03-02,Decoración,,0.0
524,1089,141,Batidora,61.72,8,2024-03-02,Electrodomésticos,R1,0.0
525,2322,0,Televisor,81.31,9,2024-03-02,Electrónica,,0.0
526,2572,0,Televisor,123.48,7,2024-03-02,Electrónica,,0.0
527,2777,0,Cámara digital,31.52,8,2024-03-02,Electrónica,,0.0
528,8,0,Rincón de plantas,70.24,7,2024-03-03,Decoración,,0.0
529,356,0,Cortinas,122.97,5,2024-03-03,Decoración,,0.0
530,403,0,Espejo decorativo,64.37,1,2024-03-03,Decoración,,0.0
531,760,102,Adorno de pared,77.65,1,2024-03-03,Decoración,R2,66-91
532,985,113,Alfombra,118.35,3,2024-03-03,Decoración,R3,89-125
533,2975,131,Auriculares,55.2,10,2024-03-03,Electrónica,R1,0.0
534,186,0,Cortinas,108.74,3,2024-03-04,Decoración,,0.0
535,954,0,Jarrón decorativo,112.06,1,2024-03-04,Decoración,,0.0
536,1622,151,Cafetera,38.44,7,2024-03-04,Electrodomésticos,R1,0.0
537,1646,0,Secadora,33.89,7,2024-03-04,Electrodomésticos,,0.0
538,1761,0,Freidora eléctrica,109.97,7,2024-03-04,Electrodomésticos,,0.0
539,1812,153,Cafetera,106.32,1,2024-03-04,Electrodomésticos,R3,0.0
540,2489,0,Proyector,77.06,1,2024-03-04,Electrónica,,0.0
541,140,101,Adorno de pared,44.91,1,2024-03-05,Decoración,R1,25-66
542,324,0,Jarrón decorativo,57.23,5,2024-03-05,Decoración,,0.0
543,774,0,Jarrón decorativo,115.58,12,2024-03-05,Decoración,,0.0
544,1085,0,Lavadora,108.53,10,2024-03-05,Electrodomésticos,,0.0
545,1736,0,Secadora,59.04,11,2024-03-05,Electrodomésticos,,0.0
546,1741,0,Freidora eléctrica,67.75,2,2024-03-05,Electrodomésticos,,0.0
547,1743,0,Microondas,81.63,6,2024-03-05,Electrodomésticos,,0.0
548,2063,0,Smartphone,124.01,12,2024-03-05,Electrónica,,0.0
549,2102,0,Televisor,33.14,1,2024-03-05,Electrónica,,0.0
550,781,0,Lámpara de mesa,115.77,11,2024-03-06,Decoración,,0.0
551,1686,0,Secadora,59.33,8,2024-03-06,Electrodomésticos,,0.0
552,2099,0,Proyector,40.99,2,2024-03-06,Electrónica,,0.0
553,2388,0,SmartWatch,100.57,9,2024-03-06,Electrónica,,0.0
554,2498,0,SmartWatch,100.96,10,2024-03-06,Electrónica,,0.0
555,2942,0,Televisor,119.68,2,2024-03-06,Electrónica,,0.0
556,612,191,Cuadro decorativo,45.04,10,2024-03-07,Decoración,R1,0.0
557,635,111,Alfombra,44.66,7,2024-03-07,Decoración,R1,28-54
558,879,0,Lámpara de mesa,34.26,11,2024-03-07,Decoración,,0.0
559,1027,0,Horno eléctrico,70.09,1,2024-03-07,Electrodomésticos,,0.0
560,1052,151,Cafetera,39.31,11,2024-03-07,Electrodomésticos,R1,0.0
561,1982,153,Cafetera,117.43,8,2024-03-07,Electrodomésticos,R3,0.0
562,2270,0,Consola de videojuegos,117.47,8,2024-03-07,Electrónica,,0.0
563,2550,0,Consola de videojuegos,118.87,6,2024-03-07,Electrónica,,0.0
564,23,0,Espejo decorativo,70.36,5,2024-03-08,Decoración,,0.0
565,336,0,Cortinas,84.55,5,2024-03-08,Decoración,,0.0
566,348,0,Rincón de plantas,46.49,1,2024-03-08,Decoración,,0.0
567,435,113,Alfombra,97.14,1,2024-03-08,Decoración,R3,89-125
568,1229,141,Batidora,29.86,4,2024-03-08,Electrodomésticos,R1,0.0
569,1434,121,Aspiradora,60.42,11,2024-03-08,Electrodomésticos,R1,0.0
570,1557,0,Horno eléctrico,53.29,12,2024-03-08,Electrodomésticos,,0.0
571,1879,142,Batidora,65.59,9,2024-03-08,Electrodomésticos,R2,0.0
572,2233,0,Smartphone,37.11,3,2024-03-08,Electrónica,,0.0
573,156,0,Cortinas,39.67,2,2024-03-09,Decoración,,0.0
574,470,101,Adorno de pared,34.68,5,2024-03-09,Decoración,R1,25-66
575,685,113,Alfombra,102.81,9,2024-03-09,Decoración,R3,89-125
576,805,111,Alfombra,48.99,8,2024-03-09,Decoración,R1,28-54
577,1369,141,Batidora,48.8,11,2024-03-09,Electrodomésticos,R1,0.0
578,1513,0,Microondas,69.57,1,2024-03-09,Electrodomésticos,,0.0
579,1844,122,Aspiradora,86.29,12,2024-03-09,Electrodomésticos,R2,0.0
580,2002,0,Televisor,68.99,10,2024-03-09,Electrónica,,0.0
581,2664,0,Tablet,54.19,3,2024-03-09,Electrónica,,0.0
582,2684,132,Auriculares,79.29,6,2024-03-09,Electrónica,R2,0.0
583,2694,131,Auriculares,51.71,3,2024-03-09,Electrónica,R1,0.0
584,2826,0,Laptop,39.13,8,2024-03-09,Electrónica,,0.0
585,2983,0,Smartphone,118.6,11,2024-03-09,Electrónica,,0.0
586,74,0,Jarrón decorativo,51.08,11,2024-03-10,Decoración,,0.0
587,161,0,Lámpara de mesa,96.41,11,2024-03-10,Decoración,,0.0
588,967,0,Elementos de cerámica,29.05,10,2024-03-10,Decoración,,0.0
589,978,0,Rincón de plantas,32.05,4,2024-03-10,Decoración,,0.0
590,1169,142,Batidora,85.59,5,2024-03-10,Electrodomésticos,R2,0.0
591,1219,141,Batidora,49.37,9,2024-03-10,Electrodomésticos,R1,0.0
592,1330,0,Plancha de vapor,28.85,11,2024-03-10,Electrodomésticos,,0.0
593,1742,152,Cafetera,96.84,11,2024-03-10,Electrodomésticos,R2,0.0
594,1751,0,Freidora eléctrica,77.13,4,2024-03-10,Electrodomésticos,,0.0
595,1860,0,Plancha de vapor,102.6,12,2024-03-10,Electrodomésticos,,0.0
596,2944,131,Auriculares,55.17,4,2024-03-10,Electrónica,R1,0.0
597,91,0,Lámpara de mesa,89.87,12,2024-03-11,Decoración,,0.0
598,615,112,Alfombra,65.09,5,2024-03-11,Decoración,R2,54-89
599,1240,0,Plancha de vapor,40.78,12,2024-03-11,Electrodomésticos,,0.0
600,1311,0,Freidora eléctrica,61.53,11,2024-03-11,Electrodomésticos,,0.0
601,1707,0,Horno eléctrico,59.05,8,2024-03-11,Electrodomésticos,,0.0
602,1934,121,Aspiradora,42.94,2,2024-03-11,Electrodomésticos,R1,0.0
603,2436,0,Laptop,43.34,8,2024-03-11,Electrónica,,0.0
604,693,0,Espejo decorativo,85.04,9,2024-03-12,Decoración,,0.0
605,849,0,Lámpara de mesa,46.89,2,2024-03-12,Decoración,,0.0
606,887,0,Elementos de cerámica,41.55,3,2024-03-12,Decoración,,0.0
607,1042,0,Heladera,121.85,10,2024-03-12,Electrodomésticos,,0.0
608,1248,151,Cafetera,30.7,5,2024-03-12,Electrodomésticos,R1,0.0
609,1305,0,Lavadora,114.72,9,2024-03-12,Electrodomésticos,,0.0
610,2282,0,Televisor,31.8,10,2024-03-12,Electrónica,,0.0
611,2519,0,Proyector,76.15,11,2024-03-12,Electrónica,,0.0
612,543,0,Espejo decorativo,79.98,10,2024-03-13,Decoración,,0.0
613,623,0,Espejo decorativo,74.95,3,2024-03-13,Decoración,,0.0
614,874,0,Jarrón decorativo,80.88,12,2024-03-13,Decoración,,0.0
615,1173,0,Microondas,71.13,12,2024-03-13,Electrodomésticos,,0.0
616,1260,0,Plancha de vapor,122.04,1,2024-03-13,Electrodomésticos,,0.0
617,1295,0,Lavadora,53.77,7,2024-03-13,Electrodomésticos,,0.0
618,1620,0,Plancha de vapor,76.32,5,2024-03-13,Electrodomésticos,,0.0
619,1892,0,Heladera,58.45,1,2024-03-13,Electrodomésticos,,0.0
620,1916,0,Secadora,110.04,11,2024-03-13,Electrodomésticos,,0.0
621,2393,0,Smartphone,113.88,9,2024-03-13,Electrónica,,0.0
622,2437,0,Cámara digital,80.06,3,2024-03-13,Electrónica,,0.0
623,2688,0,SmartWatch,119.73,12,2024-03-13,Electrónica,,0.0
624,2858,0,SmartWatch,89.27,6,2024-03-13,Electrónica,,0.0
625,820,101,Adorno de pared,36.55,3,2024-03-14,Decoración,R1,25-66
626,1303,0,Microondas,40.9,9,2024-03-14,Electrodomésticos,,0.0
627,1657,0,Horno eléctrico,109.73,9,2024-03-14,Electrodomésticos,,0.0
628,1772,0,Heladera,56.94,2,2024-03-14,Electrodomésticos,,0.0
629,1978,153,Cafetera,104.66,11,2024-03-14,Electrodomésticos,R3,0.0
630,2052,0,Televisor,66.57,5,2024-03-14,Electrónica,,0.0
631,2347,0,Cámara digital,112.14,3,2024-03-14,Electrónica,,0.0
632,2493,0,Smartphone,124.82,5,2024-03-14,Electrónica,,0.0
633,2748,0,SmartWatch,53.93,7,2024-03-14,Electrónica,,0.0
634,2882,0,Televisor,56.81,9,2024-03-14,Electrónica,,0.0
635,2981,0,Parlantes Bluetooth,80.25,10,2024-03-14,Electrónica,,0.0
636,517,0,Elementos de cerámica,94.94,12,2024-03-15,Decoración,,0.0
637,624,0,Jarrón decorativo,51.39,10,2024-03-15,Decoración,,0.0
638,772,192,Cuadro decorativo,78.76,10,2024-03-15,Decoración,R2,0.0
639,957,0,Elementos de cerámica,75.27,4,2024-03-15,Decoración,,0.0
640,1953,0,Microondas,119.61,2,2024-03-15,Electrodomésticos,,0.0
641,2082,0,Televisor,55.66,3,2024-03-15,Electrónica,,0.0
642,2170,0,Consola de videojuegos,122.4,1,2024-03-15,Electrónica,,0.0
643,2554,133,Auriculares,100.07,11,2024-03-15,Electrónica,R3,0.0
644,2647,0,Cámara digital,90.34,1,2024-03-15,Electrónica,,0.0
645,2835,131,Auriculares,42.5,7,2024-03-15,Electrónica,R1,0.0
646,2950,0,Consola de videojuegos,29.14,10,2024-03-15,Electrónica,,0.0
647,613,0,Espejo decorativo,78.46,7,2024-03-16,Decoración,,0.0
648,836,0,Cortinas,115.79,1,2024-03-16,Decoración,,0.0
649,919,0,Lámpara de mesa,51.5,1,2024-03-16,Decoración,,0.0
650,1099,141,Batidora,39.73,11,2024-03-16,Electrodomésticos,R1,0.0
651,1670,0,Plancha de vapor,101.57,7,2024-03-16,Electrodomésticos,,0.0
652,1995,0,Lavadora,31.36,7,2024-03-16,Electrodomésticos,,0.0
653,2018,0,SmartWatch,99.78,1,2024-03-16,Electrónica,,0.0
654,2030,0,Consola de videojuegos,108.0,9,2024-03-16,Electrónica,,0.0
655,2613,0,Smartphone,105.63,6,2024-03-16,Electrónica,,0.0
656,2749,0,Proyector,120.5,4,2024-03-16,Electrónica,,0.0
657,2809,0,Proyector,89.06,1,2024-03-16,Electrónica,,0.0
658,262,192,Cuadro decorativo,70.89,11,2024-03-17,Decoración,R2,0.0
659,449,0,Lámpara de mesa,29.32,3,2024-03-17,Decoración,,0.0
660,914,0,Jarrón decorativo,98.11,2,2024-03-17,Decoración,,0.0
661,1067,0,Horno eléctrico,116.21,8,2024-03-17,Electrodomésticos,,0.0
662,1164,123,Aspiradora,102.32,2,2024-03-17,Electrodomésticos,R3,0.0
663,1209,143,Batidora,111.44,3,2024-03-17,Electrodomésticos,R3,0.0
664,1545,0,Lavadora,33.31,10,2024-03-17,Electrodomésticos,,0.0
665,2444,132,Auriculares,70.16,11,2024-03-17,Electrónica,R2,0.0
666,2577,0,Cámara digital,45.12,6,2024-03-17,Electrónica,,0.0
667,2677,0,Cámara digital,92.0,10,2024-03-17,Electrónica,,0.0
668,188,0,Rincón de plantas,101.62,9,2024-03-18,Decoración,,0.0
669,407,0,Elementos de cerámica,97.51,5,2024-03-18,Decoración,,0.0
670,505,113,Alfombra,96.21,11,2024-03-18,Decoración,R3,89-125
671,872,191,Cuadro decorativo,55.89,10,2024-03-18,Decoración,R1,0.0
672,926,0,Cortinas,63.98,11,2024-03-18,Decoración,,0.0
673,1384,122,Aspiradora,80.38,9,2024-03-18,Electrodomésticos,R2,0.0
674,2035,132,Auriculares,78.28,6,2024-03-18,Electrónica,R2,0.0
675,2454,133,Auriculares,101.08,10,2024-03-18,Electrónica,R3,0.0
676,2496,0,Laptop,40.16,3,2024-03-18,Electrónica,,0.0
677,2763,0,Smartphone,107.84,11,2024-03-18,Electrónica,,0.0
678,314,0,Jarrón decorativo,109.29,10,2024-03-19,Decoración,,0.0
679,731,0,Lámpara de mesa,40.05,2,2024-03-19,Decoración,,0.0
680,961,0,Lámpara de mesa,103.06,9,2024-03-19,Decoración,,0.0
681,1073,0,Microondas,72.86,10,2024-03-19,Electrodomésticos,,0.0
682,1917,0,Horno eléctrico,82.36,2,2024-03-19,Electrodomésticos,,0.0
683,2037,0,Cámara digital,68.66,12,2024-03-19,Electrónica,,0.0
684,2047,0,Cámara digital,85.45,3,2024-03-19,Electrónica,,0.0
685,2157,0,Cámara digital,65.62,8,2024-03-19,Electrónica,,0.0
686,197,0,Elementos de cerámica,89.17,4,2024-03-20,Decoración,,0.0
687,206,0,Cortinas,73.65,2,2024-03-20,Decoración,,0.0
688,234,0,Jarrón decorativo,112.4,9,2024-03-20,Decoración,,0.0
689,746,0,Cortinas,64.93,10,2024-03-20,Decoración,,0.0
690,855,111,Alfombra,48.79,11,2024-03-20,Decoración,R1,28-54
691,950,103,Adorno de pared,116.42,6,2024-03-20,Decoración,R3,91-120
692,1581,0,Freidora eléctrica,88.59,8,2024-03-20,Electrodomésticos,,0.0
693,2001,0,Freidora eléctrica,43.14,12,2024-03-20,Electrodomésticos,,0.0
694,2112,0,Televisor,34.89,12,2024-03-20,Electrónica,,0.0
695,2530,0,Consola de videojuegos,54.04,8,2024-03-20,Electrónica,,0.0
696,195,113,Alfombra,115.12,12,2024-03-21,Decoración,R3,89-125
697,780,102,Adorno de pared,79.13,7,2024-03-21,Decoración,R2,66-91
698,1290,0,Plancha de vapor,76.04,5,2024-03-21,Electrodomésticos,,0.0
699,1537,0,Horno eléctrico,103.51,7,2024-03-21,Electrodomésticos,,0.0
700,1677,0,Horno eléctrico,116.79,12,2024-03-21,Electrodomésticos,,0.0
701,1831,0,Freidora eléctrica,87.85,4,2024-03-21,Electrodomésticos,,0.0
702,2200,0,Consola de videojuegos,44.36,10,2024-03-21,Electrónica,,0.0
703,2650,0,Consola de videojuegos,50.77,10,2024-03-21,Electrónica,,0.0
704,2691,0,Parlantes Bluetooth,32.86,11,2024-03-21,Electrónica,,0.0
705,2701,0,Parlantes Bluetooth,88.65,9,2024-03-21,Electrónica,,0.0
706,2946,0,Laptop,27.65,11,2024-03-21,Electrónica,,0.0
707,65,112,Alfombra,63.14,2,2024-03-22,Decoración,R2,54-89
708,270,103,Adorno de pared,96.59,6,2024-03-22,Decoración,R3,91-120
709,645,111,Alfombra,36.17,1,2024-03-22,Decoración,R1,28-54
710,1222,0,Heladera,103.34,8,2024-03-22,Electrodomésticos,,0.0
711,1921,0,Freidora eléctrica,124.0,5,2024-03-22,Electrodomésticos,,0.0
712,2059,0,Proyector,116.66,12,2024-03-22,Electrónica,,0.0
713,2100,0,Consola de videojuegos,94.73,1,2024-03-22,Electrónica,,0.0
714,2162,0,Televisor,40.83,3,2024-03-22,Electrónica,,0.0
715,2634,133,Auriculares,124.63,10,2024-03-22,Electrónica,R3,0.0
716,2813,0,Smartphone,114.94,11,2024-03-22,Electrónica,,0.0
717,1607,0,Horno eléctrico,53.09,3,2024-03-23,Electrodomésticos,,0.0
718,1690,0,Plancha de vapor,68.28,9,2024-03-23,Electrodomésticos,,0.0
719,2456,0,Laptop,68.84,11,2024-03-23,Electrónica,,0.0
720,210,102,Adorno de pared,71.67,4,2024-03-24,Decoración,R2,66-91
721,708,0,Rincón de plantas,63.1,11,2024-03-24,Decoración,,0.0
722,1502,0,Heladera,112.52,4,2024-03-24,Electrodomésticos,,0.0
723,1562,0,Heladera,31.42,1,2024-03-24,Electrodomésticos,,0.0
724,1904,123,Aspiradora,102.92,5,2024-03-24,Electrodomésticos,R3,0.0
725,2003,0,Smartphone,118.8,2,2024-03-24,Electrónica,,0.0
726,2399,0,Proyector,96.7,3,2024-03-24,Electrónica,,0.0
727,2420,0,Consola de videojuegos,72.78,9,2024-03-24,Electrónica,,0.0
728,2462,0,Televisor,46.04,3,2024-03-24,Electrónica,,0.0
729,2480,0,Consola de videojuegos,96.21,11,2024-03-24,Electrónica,,0.0
730,339,0,Lámpara de mesa,42.6,1,2024-03-25,Decoración,,0.0
731,595,112,Alfombra,83.25,1,2024-03-25,Decoración,R2,54-89
732,629,0,Lámpara de mesa,40.3,2,2024-03-25,Decoración,,0.0
733,652,193,Cuadro decorativo,100.52,9,2024-03-25,Decoración,R3,0.0
734,1093,0,Microondas,71.38,1,2024-03-25,Electrodomésticos,,0.0
735,1918,151,Cafetera,39.33,10,2024-03-25,Electrodomésticos,R1,0.0
736,2306,0,Laptop,80.84,9,2024-03-25,Electrónica,,0.0
737,2542,0,Televisor,67.37,4,2024-03-25,Electrónica,,0.0
738,594,0,Jarrón decorativo,115.95,1,2024-03-26,Decoración,,0.0
739,649,0,Lámpara de mesa,83.61,1,2024-03-26,Decoración,,0.0
740,1183,0,Microondas,49.65,5,2024-03-26,Electrodomésticos,,0.0
741,1648,152,Cafetera,63.49,7,2024-03-26,Electrodomésticos,R2,0.0
742,1705,0,Lavadora,81.34,4,2024-03-26,Electrodomésticos,,0.0
743,1874,122,Aspiradora,78.77,1,2024-03-26,Electrodomésticos,R2,0.0
744,2912,0,Televisor,42.72,1,2024-03-26,Electrónica,,0.0
745,132,191,Cuadro decorativo,56.45,12,2024-03-27,Decoración,R1,0.0
746,549,0,Lámpara de mesa,116.13,8,2024-03-27,Decoración,,0.0
747,598,0,Rincón de plantas,82.59,8,2024-03-27,Decoración,,0.0
748,939,0,Lámpara de mesa,46.83,3,2024-03-27,Decoración,,0.0
749,1251,0,Freidora eléctrica,113.11,12,2024-03-27,Electrodomésticos,,0.0
750,1785,0,Lavadora,44.12,10,2024-03-27,Electrodomésticos,,0.0
751,558,0,Rincón de plantas,93.66,10,2024-03-28,Decoración,,0.0
752,730,103,Adorno de pared,103.9,8,2024-03-28,Decoración,R3,91-120
753,1121,0,Freidora eléctrica,90.31,6,2024-03-28,Electrodomésticos,,0.0
754,1433,0,Microondas,63.01,8,2024-03-28,Electrodomésticos,,0.0
755,1565,0,Lavadora,37.25,11,2024-03-28,Electrodomésticos,,0.0
756,1873,0,Microondas,32.18,7,2024-03-28,Electrodomésticos,,0.0
757,2830,0,Consola de videojuegos,123.72,3,2024-03-28,Electrónica,,0.0
758,2272,0,Televisor,55.97,7,2024-03-29,Electrónica,,0.0
759,2585,131,Auriculares,47.12,12,2024-03-29,Electrónica,R1,0.0
760,2838,0,SmartWatch,115.3,3,2024-03-29,Electrónica,,0.0
761,2856,0,Laptop,122.13,11,2024-03-29,Electrónica,,0.0
762,749,0,Lámpara de mesa,44.88,1,2024-03-30,Decoración,,0.0
763,1800,0,Plancha de vapor,33.15,2,2024-03-30,Electrodomésticos,,0.0
764,1821,0,Freidora eléctrica,44.33,10,2024-03-30,Electrodomésticos,,0.0
765,2034,133,Auriculares,120.46,8,2024-03-30,Electrónica,R3,0.0
766,2044,0,Tablet,35.84,11,2024-03-30,Electrónica,,0.0
767,2286,0,Laptop,71.74,8,2024-03-30,Electrónica,,0.0
768,2683,0,Smartphone,111.41,7,2024-03-30,Electrónica,,0.0
769,2984,0,Tablet,75.89,11,2024-03-30,Electrónica,,0.0
770,46,0,Cortinas,98.15,7,2024-03-31,Decoración,,0.0
771,221,0,Lámpara de mesa,41.81,9,2024-03-31,Decoración,,0.0
772,251,0,Lámpara de mesa,33.37,3,2024-03-31,Decoración,,0.0
773,654,0,Jarrón decorativo,53.53,7,2024-03-31,Decoración,,0.0
774,904,0,Jarrón decorativo,40.48,11,2024-03-31,Decoración,,0.0
775,1201,0,Freidora eléctrica,95.13,8,2024-03-31,Electrodomésticos,,0.0
776,1261,0,Freidora eléctrica,84.29,10,2024-03-31,Electrodomésticos,,0.0
777,1633,0,Microondas,112.89,1,2024-03-31,Electrodomésticos,,0.0
778,1948,153,Cafetera,116.78,6,2024-03-31,Electrodomésticos,R3,0.0
779,2062,0,Televisor,101.98,7,2024-03-31,Electrónica,,0.0
780,2731,0,Parlantes Bluetooth,77.95,6,2024-03-31,Electrónica,,0.0
781,390,102,Adorno de pared,87.52,8,2024-04-01,Decoración,R2,66-91
782,522,191,Cuadro decorativo,27.99,5,2024-04-01,Decoración,R1,0.0
783,1322,0,Heladera,58.58,4,2024-04-01,Electrodomésticos,,0.0
784,2310,0,Consola de videojuegos,102.41,5,2024-04-01,Electrónica,,0.0
785,2383,0,Smartphone,103.69,1,2024-04-01,Electrónica,,0.0
786,2865,132,Auriculares,89.29,2,2024-04-01,Electrónica,R2,0.0
787,45,112,Alfombra,72.91,1,2024-04-02,Decoración,R2,54-89
788,893,0,Espejo decorativo,34.64,12,2024-04-02,Decoración,,0.0
789,1008,151,Cafetera,42.4,10,2024-04-02,Electrodomésticos,R1,0.0
790,1148,153,Cafetera,110.21,4,2024-04-02,Electrodomésticos,R3,0.0
791,1457,0,Horno eléctrico,27.61,6,2024-04-02,Electrodomésticos,,0.0
792,1588,151,Cafetera,58.68,4,2024-04-02,Electrodomésticos,R1,0.0
793,1866,0,Secadora,39.42,9,2024-04-02,Electrodomésticos,,0.0
794,1889,143,Batidora,121.14,3,2024-04-02,Electrodomésticos,R3,0.0
795,1983,0,Microondas,96.24,4,2024-04-02,Electrodomésticos,,0.0
796,226,0,Cortinas,27.05,3,2024-04-03,Decoración,,0.0
797,351,0,Lámpara de mesa,98.22,4,2024-04-03,Decoración,,0.0
798,479,0,Lámpara de mesa,35.26,9,2024-04-03,Decoración,,0.0
799,570,101,Adorno de pared,64.18,7,2024-04-03,Decoración,R1,25-66
800,643,0,Espejo decorativo,43.51,1,2024-04-03,Decoración,,0.0
801,679,0,Lámpara de mesa,39.86,6,2024-04-03,Decoración,,0.0
802,1188,152,Cafetera,91.58,11,2024-04-03,Electrodomésticos,R2,0.0
803,1480,0,Plancha de vapor,99.08,11,2024-04-03,Electrodomésticos,,0.0
804,1611,0,Freidora eléctrica,82.46,4,2024-04-03,Electrodomésticos,,0.0
805,1627,0,Horno eléctrico,40.58,5,2024-04-03,Electrodomésticos,,0.0
806,2028,0,SmartWatch,38.84,7,2024-04-03,Electrónica,,0.0
807,2281,0,Parlantes Bluetooth,70.68,5,2024-04-03,Electrónica,,0.0
808,2532,0,Televisor,81.42,9,2024-04-03,Electrónica,,0.0
809,172,193,Cuadro decorativo,87.93,11,2024-04-04,Decoración,R3,0.0
810,237,0,Elementos de cerámica,61.12,9,2024-04-04,Decoración,,0.0
811,340,101,Adorno de pared,49.3,2,2024-04-04,Decoración,R1,25-66
812,400,101,Adorno de pared,33.1,1,2024-04-04,Decoración,R1,25-66
813,841,0,Lámpara de mesa,86.82,10,2024-04-04,Decoración,,0.0
814,1287,0,Horno eléctrico,116.05,11,2024-04-04,Electrodomésticos,,0.0
815,1366,0,Secadora,31.56,11,2024-04-04,Electrodomésticos,,0.0
816,1878,152,Cafetera,68.97,8,2024-04-04,Electrodomésticos,R2,0.0
817,2124,0,Tablet,74.39,7,2024-04-04,Electrónica,,0.0
818,56,0,Cortinas,66.24,5,2024-04-05,Decoración,,0.0
819,421,0,Lámpara de mesa,114.83,9,2024-04-05,Decoración,,0.0
820,424,0,Jarrón decorativo,87.94,2,2024-04-05,Decoración,,0.0
821,1868,152,Cafetera,62.23,1,2024-04-05,Electrodomésticos,R2,0.0
822,2545,131,Auriculares,32.81,11,2024-04-05,Electrónica,R1,0.0
823,2778,0,SmartWatch,70.66,7,2024-04-05,Electrónica,,0.0
824,145,111,Alfombra,41.72,8,2024-04-06,Decoración,R1,28-54
825,300,102,Adorno de pared,67.75,9,2024-04-06,Decoración,R2,66-91
826,439,0,Lámpara de mesa,35.43,2,2024-04-06,Decoración,,0.0
827,906,0,Cortinas,84.04,3,2024-04-06,Decoración,,0.0
828,959,0,Lámpara de mesa,76.32,7,2024-04-06,Decoración,,0.0
829,1376,0,Secadora,69.58,7,2024-04-06,Electrodomésticos,,0.0
830,1776,0,Secadora,33.55,3,2024-04-06,Electrodomésticos,,0.0
831,1784,123,Aspiradora,115.24,3,2024-04-06,Electrodomésticos,R3,0.0
832,1974,122,Aspiradora,87.32,7,2024-04-06,Electrodomésticos,R2,0.0
833,2080,0,Consola de videojuegos,100.69,7,2024-04-06,Electrónica,,0.0
834,2108,0,SmartWatch,79.37,10,2024-04-06,Electrónica,,0.0
835,2169,0,Proyector,120.34,1,2024-04-06,Electrónica,,0.0
836,213,0,Espejo decorativo,40.76,8,2024-04-07,Decoración,,0.0
837,345,112,Alfombra,56.78,9,2024-04-07,Decoración,R2,54-89
838,398,0,Rincón de plantas,77.3,7,2024-04-07,Decoración,,0.0
839,509,0,Lámpara de mesa,72.5,1,2024-04-07,Decoración,,0.0
840,821,0,Lámpara de mesa,71.17,10,2024-04-07,Decoración,,0.0
841,1642,0,Heladera,88.78,2,2024-04-07,Electrodomésticos,,0.0
842,1956,0,Secadora,42.59,12,2024-04-07,Electrodomésticos,,0.0
843,2085,133,Auriculares,122.56,6,2024-04-07,Electrónica,R3,0.0
844,2096,0,Laptop,83.25,6,2024-04-07,Electrónica,,0.0
845,2356,0,Laptop,30.16,6,2024-04-07,Electrónica,,0.0
846,2373,0,Smartphone,123.6,12,2024-04-07,Electrónica,,0.0
847,204,0,Jarrón decorativo,94.75,1,2024-04-08,Decoración,,0.0
848,1381,0,Freidora eléctrica,38.12,2,2024-04-08,Electrodomésticos,,0.0
849,2365,132,Auriculares,92.91,11,2024-04-08,Electrónica,R2,0.0
850,2486,0,Laptop,124.95,11,2024-04-08,Electrónica,,0.0
851,2506,0,Laptop,34.74,1,2024-04-08,Electrónica,,0.0
852,2705,132,Auriculares,87.29,2,2024-04-08,Electrónica,R2,0.0
853,1225,0,Lavadora,87.65,2,2024-04-09,Electrodomésticos,,0.0
854,1344,121,Aspiradora,34.1,3,2024-04-09,Electrodomésticos,R1,0.0
855,1361,0,Freidora eléctrica,103.64,10,2024-04-09,Electrodomésticos,,0.0
856,1979,142,Batidora,88.23,11,2024-04-09,Electrodomésticos,R2,0.0
857,2852,0,Televisor,34.23,4,2024-04-09,Electrónica,,0.0
858,48,0,Rincón de plantas,102.85,3,2024-04-10,Decoración,,0.0
859,141,0,Lámpara de mesa,96.45,1,2024-04-10,Decoración,,0.0
860,426,0,Cortinas,119.55,7,2024-04-10,Decoración,,0.0
861,556,0,Cortinas,42.74,12,2024-04-10,Decoración,,0.0
862,600,101,Adorno de pared,66.0,4,2024-04-10,Decoración,R2,25-66
863,797,0,Elementos de cerámica,52.97,2,2024-04-10,Decoración,,0.0
864,1315,0,Lavadora,49.69,12,2024-04-10,Electrodomésticos,,0.0
865,1356,0,Secadora,124.09,4,2024-04-10,Electrodomésticos,,0.0
866,1435,0,Lavadora,37.2,10,2024-04-10,Electrodomésticos,,0.0
867,1618,151,Cafetera,31.94,11,2024-04-10,Electrodomésticos,R1,0.0
868,1630,0,Plancha de vapor,76.06,9,2024-04-10,Electrodomésticos,,0.0
869,1871,0,Freidora eléctrica,88.9,6,2024-04-10,Electrodomésticos,,0.0
870,1919,141,Batidora,38.51,9,2024-04-10,Electrodomésticos,R1,0.0
871,2661,0,Parlantes Bluetooth,79.11,3,2024-04-10,Electrónica,,0.0
872,2785,133,Auriculares,122.8,3,2024-04-10,Electrónica,R3,0.0
873,328,0,Rincón de plantas,60.89,1,2024-04-11,Decoración,,0.0
874,466,0,Cortinas,26.29,7,2024-04-11,Decoración,,0.0
875,1109,143,Batidora,123.83,12,2024-04-11,Electrodomésticos,R3,0.0
876,1578,153,Cafetera,101.98,2,2024-04-11,Electrodomésticos,R3,0.0
877,2370,0,Consola de videojuegos,46.08,7,2024-04-11,Electrónica,,0.0
878,2478,0,SmartWatch,80.84,8,2024-04-11,Electrónica,,0.0
879,2544,0,Tablet,63.88,8,2024-04-11,Electrónica,,0.0
880,2934,0,Tablet,95.9,2,2024-04-11,Electrónica,,0.0
881,127,0,Elementos de cerámica,93.84,8,2024-04-12,Decoración,,0.0
882,292,192,Cuadro decorativo,78.91,8,2024-04-12,Decoración,R2,0.0
883,1394,122,Aspiradora,68.73,5,2024-04-12,Electrodomésticos,R2,0.0
884,2492,0,Televisor,54.4,5,2024-04-12,Electrónica,,0.0
885,2812,0,Televisor,52.6,2,2024-04-12,Electrónica,,0.0
886,89,0,Lámpara de mesa,55.79,1,2024-04-13,Decoración,,0.0
887,659,0,Lámpara de mesa,50.98,3,2024-04-13,Decoración,,0.0
888,1012,0,Heladera,62.93,1,2024-04-13,Electrodomésticos,,0.0
889,1048,151,Cafetera,58.81,10,2024-04-13,Electrodomésticos,R1,0.0
890,1450,0,Plancha de vapor,56.8,8,2024-04-13,Electrodomésticos,,0.0
891,1758,153,Cafetera,118.03,5,2024-04-13,Electrodomésticos,R3,0.0
892,1856,0,Secadora,42.03,11,2024-04-13,Electrodomésticos,,0.0
893,2490,0,Consola de videojuegos,122.79,6,2024-04-13,Electrónica,,0.0
894,2547,0,Cámara digital,60.29,6,2024-04-13,Electrónica,,0.0
895,2704,0,Tablet,117.89,1,2024-04-13,Electrónica,,0.0
896,2996,0,Cámara digital,63.89,1,2024-04-13,Electrónica,,0.0
897,285,113,Alfombra,107.8,7,2024-04-14,Decoración,R3,89-125
898,896,0,Cortinas,71.03,7,2024-04-14,Decoración,,0.0
899,1097,0,Horno eléctrico,122.69,10,2024-04-14,Electrodomésticos,,0.0
900,1516,0,Secadora,105.8,3,2024-04-14,Electrodomésticos,,0.0
901,1698,152,Cafetera,88.26,1,2024-04-14,Electrodomésticos,R2,0.0
902,2029,0,Proyector,124.37,8,2024-04-14,Electrónica,,0.0
903,2039,0,Proyector,34.39,7,2024-04-14,Electrónica,,0.0
904,2097,0,Cámara digital,42.17,8,2024-04-14,Electrónica,,0.0
905,2275,131,Auriculares,32.0,1,2024-04-14,Electrónica,R1,0.0
906,2381,0,Parlantes Bluetooth,98.28,5,2024-04-14,Electrónica,,0.0
907,107,0,Elementos de cerámica,45.86,6,2024-04-15,Decoración,,0.0
908,185,111,Alfombra,45.21,6,2024-04-15,Decoración,R1,28-54
909,374,0,Jarrón decorativo,94.59,5,2024-04-15,Decoración,,0.0
910,601,0,Lámpara de mesa,99.85,3,2024-04-15,Decoración,,0.0
911,616,0,Cortinas,107.96,9,2024-04-15,Decoración,,0.0
912,886,0,Cortinas,45.79,7,2024-04-15,Decoración,,0.0
913,1134,122,Aspiradora,69.06,11,2024-04-15,Electrodomésticos,R2,0.0
914,1168,151,Cafetera,37.32,2,2024-04-15,Electrodomésticos,R1,0.0
915,1454,121,Aspiradora,51.46,4,2024-04-15,Electrodomésticos,R1,0.0
916,2266,0,Laptop,104.48,5,2024-04-15,Electrónica,,0.0
917,2396,0,Laptop,77.38,1,2024-04-15,Electrónica,,0.0
918,2673,0,Smartphone,76.29,11,2024-04-15,Electrónica,,0.0
919,19,0,Lámpara de mesa,61.03,6,2024-04-16,Decoración,,0.0
920,953,0,Espejo decorativo,76.31,5,2024-04-16,Decoración,,0.0
921,1177,0,Horno eléctrico,65.16,4,2024-04-16,Electrodomésticos,,0.0
922,1629,143,Batidora,108.94,6,2024-04-16,Electrodomésticos,R3,0.0
923,1655,0,Lavadora,37.39,1,2024-04-16,Electrodomésticos,,0.0
924,1803,0,Microondas,122.22,11,2024-04-16,Electrodomésticos,,0.0
925,1864,121,Aspiradora,54.94,3,2024-04-16,Electrodomésticos,R1,0.0
926,2019,0,Proyector,41.79,7,2024-04-16,Electrónica,,0.0
927,2151,0,Parlantes Bluetooth,83.34,7,2024-04-16,Electrónica,,0.0
928,2610,0,Consola de videojuegos,49.74,9,2024-04-16,Electrónica,,0.0
929,2615,131,Auriculares,46.72,11,2024-04-16,Electrónica,R1,0.0
930,2715,133,Auriculares,100.58,7,2024-04-16,Electrónica,R3,0.0
931,1,0,Lámpara de mesa,82.25,8,2024-04-17,Decoración,,0.0
932,138,0,Rincón de plantas,38.89,2,2024-04-17,Decoración,,0.0
933,1009,143,Batidora,119.03,8,2024-04-17,Electrodomésticos,R3,0.0
934,1118,152,Cafetera,67.0,11,2024-04-17,Electrodomésticos,R2,0.0
935,1190,0,Plancha de vapor,29.68,1,2024-04-17,Electrodomésticos,,0.0
936,1253,0,Microondas,65.99,8,2024-04-17,Electrodomésticos,,0.0
937,1521,0,Freidora eléctrica,89.52,10,2024-04-17,Electrodomésticos,,0.0
938,1532,0,Heladera,29.17,2,2024-04-17,Electrodomésticos,,0.0
939,2368,0,SmartWatch,70.23,5,2024-04-17,Electrónica,,0.0
940,925,111,Alfombra,52.55,11,2024-04-18,Decoración,R1,28-54
941,1316,0,Secadora,110.21,11,2024-04-18,Electrodomésticos,,0.0
942,1590,0,Plancha de vapor,60.38,4,2024-04-18,Electrodomésticos,,0.0
943,1914,122,Aspiradora,92.52,1,2024-04-18,Electrodomésticos,R2,0.0
944,2134,0,Tablet,43.2,4,2024-04-18,Electrónica,,0.0
945,548,0,Rincón de plantas,32.26,8,2024-04-19,Decoración,,0.0
946,905,113,Alfombra,112.82,9,2024-04-19,Decoración,R3,89-125
947,1224,123,Aspiradora,110.58,4,2024-04-19,Electrodomésticos,R3,0.0
948,1459,142,Batidora,66.73,8,2024-04-19,Electrodomésticos,R2,0.0
949,1943,0,Microondas,82.6,10,2024-04-19,Electrodomésticos,,0.0
950,2095,133,Auriculares,117.6,3,2024-04-19,Electrónica,R3,0.0
951,2375,132,Auriculares,73.7,10,2024-04-19,Electrónica,R2,0.0
952,198,0,Rincón de plantas,115.15,11,2024-04-20,Decoración,,0.0
953,833,0,Espejo decorativo,119.87,10,2024-04-20,Decoración,,0.0
954,1425,0,Lavadora,118.77,8,2024-04-20,Electrodomésticos,,0.0
955,1680,0,Plancha de vapor,110.3,9,2024-04-20,Electrodomésticos,,0.0
956,1701,0,Freidora eléctrica,87.64,7,2024-04-20,Electrodomésticos,,0.0
957,2176,0,Laptop,36.36,7,2024-04-20,Electrónica,,0.0
958,2413,0,Smartphone,76.69,3,2024-04-20,Electrónica,,0.0
959,2844,0,Tablet,53.22,7,2024-04-20,Electrónica,,0.0
960,249,0,Lámpara de mesa,95.05,1,2024-04-21,Decoración,,0.0
961,452,193,Cuadro decorativo,119.07,12,2024-04-21,Decoración,R3,0.0
962,563,0,Espejo decorativo,65.35,10,2024-04-21,Decoración,,0.0
963,934,0,Jarrón decorativo,96.24,11,2024-04-21,Decoración,,0.0
964,1193,0,Microondas,90.55,4,2024-04-21,Electrodomésticos,,0.0
965,1230,0,Plancha de vapor,90.85,2,2024-04-21,Electrodomésticos,,0.0
966,1307,0,Horno eléctrico,85.42,11,2024-04-21,Electrodomésticos,,0.0
967,2212,0,Televisor,38.98,11,2024-04-21,Electrónica,,0.0
968,2369,0,Proyector,87.64,2,2024-04-21,Electrónica,,0.0
969,2523,0,Smartphone,56.73,1,2024-04-21,Electrónica,,0.0
970,2611,0,Parlantes Bluetooth,48.89,12,2024-04-21,Electrónica,,0.0
971,281,0,Lámpara de mesa,42.17,8,2024-04-22,Decoración,,0.0
972,305,113,Alfombra,91.25,2,2024-04-22,Decoración,R3,89-125
973,422,191,Cuadro decorativo,47.37,9,2024-04-22,Decoración,R1,0.0
974,538,0,Rincón de plantas,119.89,4,2024-04-22,Decoración,,0.0
975,741,0,Lámpara de mesa,98.0,12,2024-04-22,Decoración,,0.0
976,1010,0,Plancha de vapor,37.94,8,2024-04-22,Electrodomésticos,,0.0
977,1203,0,Microondas,96.53,1,2024-04-22,Electrodomésticos,,0.0
978,1841,0,Freidora eléctrica,58.26,2,2024-04-22,Electrodomésticos,,0.0
979,2887,0,Cámara digital,118.02,1,2024-04-22,Electrónica,,0.0
980,209,0,Lámpara de mesa,97.04,12,2024-04-23,Decoración,,0.0
981,299,0,Lámpara de mesa,119.55,3,2024-04-23,Decoración,,0.0
982,1477,0,Horno eléctrico,118.26,11,2024-04-23,Electrodomésticos,,0.0
983,1952,0,Heladera,115.09,2,2024-04-23,Electrodomésticos,,0.0
984,2214,0,Tablet,81.56,8,2024-04-23,Electrónica,,0.0
985,2993,131,Auriculares,38.79,7,2024-04-23,Electrónica,R1,0.0
986,434,0,Jarrón decorativo,39.89,2,2024-04-24,Decoración,,0.0
987,945,112,Alfombra,60.74,12,2024-04-24,Decoración,R2,54-89
988,1057,0,Horno eléctrico,30.51,3,2024-04-24,Electrodomésticos,,0.0
989,1320,0,Plancha de vapor,73.95,4,2024-04-24,Electrodomésticos,,0.0
990,2227,0,Cámara digital,46.25,8,2024-04-24,Electrónica,,0.0
991,2312,0,Televisor,108.25,8,2024-04-24,Electrónica,,0.0
992,2565,131,Auriculares,49.7,3,2024-04-24,Electrónica,R1,0.0
993,2962,0,Televisor,118.65,5,2024-04-24,Electrónica,,0.0
994,159,0,Lámpara de mesa,49.91,6,2024-04-25,Decoración,,0.0
995,320,101,Adorno de pared,37.38,6,2024-04-25,Decoración,R1,25-66
996,341,0,Lámpara de mesa,79.34,1,2024-04-25,Decoración,,0.0
997,673,0,Espejo decorativo,26.33,7,2024-04-25,Decoración,,0.0
998,701,0,Lámpara de mesa,95.05,3,2024-04-25,Decoración,,0.0
999,1041,0,Freidora eléctrica,89.99,6,2024-04-25,Electrodomésticos,,0.0
1000,1212,0,Heladera,33.95,11,2024-04-25,Electrodomésticos,,0.0
1001,1802,0,Heladera,27.75,11,2024-04-25,Electrodomésticos,,0.0
1002,1846,0,Secadora,124.29,2,2024-04-25,Electrodomésticos,,0.0
1003,2262,0,Televisor,48.3,2,2024-04-25,Electrónica,,0.0
1004,2713,0,Smartphone,28.75,9,2024-04-25,Electrónica,,0.0
1005,2827,0,Cámara digital,35.99,2,2024-04-25,Electrónica,,0.0
1006,765,112,Alfombra,72.71,1,2024-04-26,Decoración,R2,54-89
1007,1119,141,Batidora,59.86,3,2024-04-26,Electrodomésticos,R1,0.0
1008,2027,0,Cámara digital,69.96,10,2024-04-26,Electrónica,,0.0
1009,2088,0,SmartWatch,111.58,9,2024-04-26,Electrónica,,0.0
1010,2101,0,Parlantes Bluetooth,82.23,2,2024-04-26,Electrónica,,0.0
1011,2147,0,Cámara digital,74.37,6,2024-04-26,Electrónica,,0.0
1012,2363,0,Smartphone,88.02,12,2024-04-26,Electrónica,,0.0
1013,2504,132,Auriculares,76.65,10,2024-04-26,Electrónica,R2,0.0
1014,2580,0,Consola de videojuegos,107.55,7,2024-04-26,Electrónica,,0.0
1015,2646,0,Laptop,111.98,8,2024-04-26,Electrónica,,0.0
1016,51,0,Lámpara de mesa,112.42,5,2024-04-27,Decoración,,0.0
1017,359,0,Lámpara de mesa,72.78,7,2024-04-27,Decoración,,0.0
1018,375,112,Alfombra,70.93,8,2024-04-27,Decoración,R2,54-89
1019,537,0,Elementos de cerámica,124.38,5,2024-04-27,Decoración,,0.0
1020,844,0,Jarrón decorativo,61.72,7,2024-04-27,Decoración,,0.0
1021,1804,121,Aspiradora,43.25,7,2024-04-27,Electrodomésticos,R1,0.0
1022,2201,0,Parlantes Bluetooth,41.53,7,2024-04-27,Electrónica,,0.0
1023,2287,0,Cámara digital,26.79,11,2024-04-27,Electrónica,,0.0
1024,2465,133,Auriculares,93.52,3,2024-04-27,Electrónica,R3,0.0
1025,2528,0,SmartWatch,54.61,1,2024-04-27,Electrónica,,0.0
1026,2559,0,Proyector,86.2,8,2024-04-27,Electrónica,,0.0
1027,2633,0,Smartphone,35.18,12,2024-04-27,Electrónica,,0.0
1028,2645,133,Auriculares,122.64,10,2024-04-27,Electrónica,R3,0.0
1029,109,0,Lámpara de mesa,103.94,9,2024-04-28,Decoración,,0.0
1030,518,0,Rincón de plantas,113.79,7,2024-04-28,Decoración,,0.0
1031,1277,0,Horno eléctrico,41.9,4,2024-04-28,Electrodomésticos,,0.0
1032,1329,141,Batidora,55.84,7,2024-04-28,Electrodomésticos,R1,0.0
1033,1830,0,Plancha de vapor,120.94,11,2024-04-28,Electrodomésticos,,0.0
1034,1964,121,Aspiradora,52.92,10,2024-04-28,Electrodomésticos,R1,0.0
1035,2877,0,Cámara digital,45.1,1,2024-04-28,Electrónica,,0.0
1036,202,193,Cuadro decorativo,106.72,4,2024-04-29,Decoración,R3,0.0
1037,294,0,Jarrón decorativo,50.35,3,2024-04-29,Decoración,,0.0
1038,493,0,Espejo decorativo,109.32,10,2024-04-29,Decoración,,0.0
1039,799,0,Lámpara de mesa,102.9,5,2024-04-29,Decoración,,0.0
1040,1096,0,Secadora,115.14,10,2024-04-29,Electrodomésticos,,0.0
1041,1281,0,Freidora eléctrica,60.99,12,2024-04-29,Electrodomésticos,,0.0
1042,1715,0,Lavadora,119.22,11,2024-04-29,Electrodomésticos,,0.0
1043,2089,0,Proyector,95.13,12,2024-04-29,Electrónica,,0.0
1044,2367,0,Cámara digital,91.04,8,2024-04-29,Electrónica,,0.0
1045,124,0,Jarrón decorativo,93.39,7,2024-04-30,Decoración,,0.0
1046,177,0,Elementos de cerámica,64.17,4,2024-04-30,Decoración,,0.0
1047,255,112,Alfombra,68.38,7,2024-04-30,Decoración,R2,54-89
1048,709,0,Lámpara de mesa,98.77,2,2024-04-30,Decoración,,0.0
1049,975,111,Alfombra,28.96,5,2024-04-30,Decoración,R1,28-54
1050,988,0,Rincón de plantas,115.47,1,2024-04-30,Decoración,,0.0
1051,1036,0,Secadora,42.32,7,2024-04-30,Electrodomésticos,,0.0
1052,1205,0,Lavadora,42.38,6,2024-04-30,Electrodomésticos,,0.0
1053,1401,0,Freidora eléctrica,122.99,7,2024-04-30,Electrodomésticos,,0.0
1054,1762,0,Heladera,27.82,10,2024-04-30,Electrodomésticos,,0.0
1055,2629,0,Proyector,94.3,1,2024-04-30,Electrónica,,0.0
1056,306,0,Cortinas,96.05,5,2024-05-01,Decoración,,0.0
1057,475,113,Alfombra,120.18,3,2024-05-01,Decoración,R3,89-125
1058,901,0,Lámpara de mesa,39.72,2,2024-05-01,Decoración,,0.0
1059,972,191,Cuadro decorativo,26.2,10,2024-05-01,Decoración,R1,0.0
1060,1245,0,Lavadora,81.58,12,2024-05-01,Electrodomésticos,,0.0
1061,1726,0,Secadora,101.27,7,2024-05-01,Electrodomésticos,,0.0
1062,1973,0,Microondas,38.03,11,2024-05-01,Electrodomésticos,,0.0
1063,2182,0,Televisor,105.46,11,2024-05-01,Electrónica,,0.0
1064,2926,0,Laptop,50.36,6,2024-05-01,Electrónica,,0.0
1065,100,103,Adorno de pared,112.16,8,2024-05-02,Decoración,R3,91-120
1066,536,0,Cortinas,107.95,1,2024-05-02,Decoración,,0.0
1067,1028,153,Cafetera,108.44,5,2024-05-02,Electrodomésticos,R3,0.0
1068,1045,0,Lavadora,51.22,4,2024-05-02,Electrodomésticos,,0.0
1069,1152,0,Heladera,116.86,5,2024-05-02,Electrodomésticos,,0.0
1070,1217,0,Horno eléctrico,88.92,8,2024-05-02,Electrodomésticos,,0.0
1071,1310,0,Plancha de vapor,43.78,9,2024-05-02,Electrodomésticos,,0.0
1072,1842,0,Heladera,65.18,1,2024-05-02,Electrodomésticos,,0.0
1073,1969,142,Batidora,72.9,1,2024-05-02,Electrodomésticos,R2,0.0
1074,2191,0,Parlantes Bluetooth,124.34,11,2024-05-02,Electrónica,,0.0
1075,2510,0,Consola de videojuegos,70.04,12,2024-05-02,Electrónica,,0.0
1076,2621,0,Parlantes Bluetooth,119.91,9,2024-05-02,Electrónica,,0.0
1077,2775,133,Auriculares,104.06,11,2024-05-02,Electrónica,R3,0.0
1078,2988,0,SmartWatch,100.8,4,2024-05-02,Electrónica,,0.0
1079,220,101,Adorno de pared,55.36,9,2024-05-03,Decoración,R1,25-66
1080,819,0,Lámpara de mesa,122.57,6,2024-05-03,Decoración,,0.0
1081,1004,123,Aspiradora,107.0,8,2024-05-03,Electrodomésticos,R3,0.0
1082,1439,142,Batidora,71.74,9,2024-05-03,Electrodomésticos,R2,0.0
1083,1819,142,Batidora,87.56,9,2024-05-03,Electrodomésticos,R2,0.0
1084,2404,133,Auriculares,102.65,4,2024-05-03,Electrónica,R3,0.0
1085,2435,131,Auriculares,39.55,3,2024-05-03,Electrónica,R1,0.0
1086,2463,0,Smartphone,67.59,2,2024-05-03,Electrónica,,0.0
1087,2985,132,Auriculares,58.92,3,2024-05-03,Electrónica,R2,0.0
1088,16,0,Cortinas,32.47,5,2024-05-04,Decoración,,0.0
1089,342,192,Cuadro decorativo,61.9,5,2024-05-04,Decoración,R2,0.0
1090,806,0,Cortinas,119.32,9,2024-05-04,Decoración,,0.0
1091,903,0,Espejo decorativo,81.45,2,2024-05-04,Decoración,,0.0
1092,1056,0,Secadora,109.52,10,2024-05-04,Electrodomésticos,,0.0
1093,1666,0,Secadora,99.75,4,2024-05-04,Electrodomésticos,,0.0
1094,1672,0,Heladera,63.1,12,2024-05-04,Electrodomésticos,,0.0
1095,1932,0,Heladera,31.46,9,2024-05-04,Electrodomésticos,,0.0
1096,311,0,Lámpara de mesa,33.89,2,2024-05-05,Decoración,,0.0
1097,353,0,Espejo decorativo,43.92,11,2024-05-05,Decoración,,0.0
1098,650,101,Adorno de pared,43.11,4,2024-05-05,Decoración,R1,25-66
1099,656,0,Cortinas,107.26,2,2024-05-05,Decoración,,0.0
1100,1387,0,Horno eléctrico,61.15,3,2024-05-05,Electrodomésticos,,0.0
1101,1484,122,Aspiradora,79.74,6,2024-05-05,Electrodomésticos,R2,0.0
1102,1845,0,Lavadora,119.69,5,2024-05-05,Electrodomésticos,,0.0
1103,2403,0,Smartphone,74.39,3,2024-05-05,Electrónica,,0.0
1104,2445,133,Auriculares,93.33,6,2024-05-05,Electrónica,R3,0.0
1105,2898,0,SmartWatch,108.81,10,2024-05-05,Electrónica,,0.0
1106,98,0,Rincón de plantas,91.3,6,2024-05-06,Decoración,,0.0
1107,550,103,Adorno de pared,98.99,8,2024-05-06,Decoración,R3,91-120
1108,751,0,Lámpara de mesa,91.99,11,2024-05-06,Decoración,,0.0
1109,915,111,Alfombra,43.37,11,2024-05-06,Decoración,R1,28-54
1110,1304,123,Aspiradora,99.07,8,2024-05-06,Electrodomésticos,R3,0.0
1111,2211,0,Parlantes Bluetooth,108.16,3,2024-05-06,Electrónica,,0.0
1112,2264,132,Auriculares,58.19,6,2024-05-06,Electrónica,R2,0.0
1113,2708,0,SmartWatch,115.3,10,2024-05-06,Electrónica,,0.0
1114,2780,0,Consola de videojuegos,65.35,6,2024-05-06,Electrónica,,0.0
1115,2801,0,Parlantes Bluetooth,97.22,1,2024-05-06,Electrónica,,0.0
1116,998,0,Rincón de plantas,65.82,1,2024-05-07,Decoración,,0.0
1117,1748,152,Cafetera,61.63,3,2024-05-07,Electrodomésticos,R2,0.0
1118,1896,0,Secadora,37.22,4,2024-05-07,Electrodomésticos,,0.0
1119,1967,0,Horno eléctrico,68.97,5,2024-05-07,Electrodomésticos,,0.0
1120,2415,131,Auriculares,35.87,5,2024-05-07,Electrónica,R1,0.0
1121,22,193,Cuadro decorativo,122.36,6,2024-05-08,Decoración,R3,0.0
1122,491,0,Lámpara de mesa,118.22,11,2024-05-08,Decoración,,0.0
1123,873,0,Espejo decorativo,120.9,6,2024-05-08,Decoración,,0.0
1124,937,0,Elementos de cerámica,121.14,2,2024-05-08,Decoración,,0.0
1125,997,0,Elementos de cerámica,56.49,10,2024-05-08,Decoración,,0.0
1126,1000,102,Adorno de pared,74.64,11,2024-05-08,Decoración,R2,66-91
1127,1146,0,Secadora,96.67,7,2024-05-08,Electrodomésticos,,0.0
1128,1175,0,Lavadora,82.41,2,2024-05-08,Electrodomésticos,,0.0
1129,1747,0,Horno eléctrico,87.9,2,2024-05-08,Electrodomésticos,,0.0
1130,1970,0,Plancha de vapor,113.7,5,2024-05-08,Electrodomésticos,,0.0
1131,1972,0,Heladera,105.49,3,2024-05-08,Electrodomésticos,,0.0
1132,2163,0,Smartphone,106.39,12,2024-05-08,Electrónica,,0.0
1133,14,0,Jarrón decorativo,29.77,5,2024-05-09,Decoración,,0.0
1134,94,0,Jarrón decorativo,34.6,1,2024-05-09,Decoración,,0.0
1135,619,0,Lámpara de mesa,43.29,11,2024-05-09,Decoración,,0.0
1136,1108,152,Cafetera,84.64,9,2024-05-09,Electrodomésticos,R2,0.0
1137,1938,153,Cafetera,107.9,11,2024-05-09,Electrodomésticos,R3,0.0
1138,2473,0,Smartphone,75.13,12,2024-05-09,Electrónica,,0.0
1139,2840,0,Consola de videojuegos,69.43,3,2024-05-09,Electrónica,,0.0
1140,2974,132,Auriculares,79.28,2,2024-05-09,Electrónica,R2,0.0
1141,1151,0,Freidora eléctrica,75.33,11,2024-05-10,Electrodomésticos,,0.0
1142,1658,152,Cafetera,94.79,12,2024-05-10,Electrodomésticos,R2,0.0
1143,2131,0,Parlantes Bluetooth,98.97,7,2024-05-10,Electrónica,,0.0
1144,2333,0,Smartphone,109.48,5,2024-05-10,Electrónica,,0.0
1145,2649,0,Proyector,44.93,5,2024-05-10,Electrónica,,0.0
1146,2679,0,Proyector,48.62,1,2024-05-10,Electrónica,,0.0
1147,2941,0,Parlantes Bluetooth,36.25,4,2024-05-10,Electrónica,,0.0
1148,219,0,Lámpara de mesa,114.9,10,2024-05-11,Decoración,,0.0
1149,460,103,Adorno de pared,93.62,6,2024-05-11,Decoración,R3,91-120
1150,1116,0,Secadora,56.24,8,2024-05-11,Electrodomésticos,,0.0
1151,1407,0,Horno eléctrico,97.47,11,2024-05-11,Electrodomésticos,,0.0
1152,1468,153,Cafetera,111.23,2,2024-05-11,Electrodomésticos,R3,0.0
1153,2364,133,Auriculares,94.13,10,2024-05-11,Electrónica,R3,0.0
1154,2672,0,Televisor,79.54,1,2024-05-11,Electrónica,,0.0
1155,2772,0,Televisor,107.31,3,2024-05-11,Electrónica,,0.0
1156,495,113,Alfombra,90.94,12,2024-05-12,Decoración,R3,89-125
1157,973,0,Espejo decorativo,54.84,5,2024-05-12,Decoración,,0.0
1158,1269,141,Batidora,46.78,5,2024-05-12,Electrodomésticos,R1,0.0
1159,1765,0,Lavadora,95.85,8,2024-05-12,Electrodomésticos,,0.0
1160,1789,141,Batidora,45.45,12,2024-05-12,Electrodomésticos,R1,0.0
1161,2860,0,Consola de videojuegos,100.61,6,2024-05-12,Electrónica,,0.0
1162,2888,0,SmartWatch,66.44,3,2024-05-12,Electrónica,,0.0
1163,147,0,Elementos de cerámica,32.0,2,2024-05-13,Decoración,,0.0
1164,1087,0,Horno eléctrico,52.09,7,2024-05-13,Electrodomésticos,,0.0
1165,1103,0,Microondas,96.18,2,2024-05-13,Electrodomésticos,,0.0
1166,1682,0,Heladera,47.08,1,2024-05-13,Electrodomésticos,,0.0
1167,1966,0,Secadora,27.27,9,2024-05-13,Electrodomésticos,,0.0
1168,2022,0,Televisor,112.05,3,2024-05-13,Electrónica,,0.0
1169,2177,0,Cámara digital,55.84,7,2024-05-13,Electrónica,,0.0
1170,2776,0,Laptop,85.59,1,2024-05-13,Electrónica,,0.0
1171,2797,0,Cámara digital,53.44,11,2024-05-13,Electrónica,,0.0
1172,2875,131,Auriculares,55.41,10,2024-05-13,Electrónica,R1,0.0
1173,214,0,Jarrón decorativo,83.4,6,2024-05-14,Decoración,,0.0
1174,286,0,Cortinas,94.53,4,2024-05-14,Decoración,,0.0
1175,609,0,Lámpara de mesa,78.44,9,2024-05-14,Decoración,,0.0
1176,1122,0,Heladera,38.84,5,2024-05-14,Electrodomésticos,,0.0
1177,1787,0,Horno eléctrico,49.02,5,2024-05-14,Electrodomésticos,,0.0
1178,1955,0,Lavadora,27.86,6,2024-05-14,Electrodomésticos,,0.0
1179,2213,0,Smartphone,30.51,9,2024-05-14,Electrónica,,0.0
1180,2635,133,Auriculares,96.21,11,2024-05-14,Electrónica,R3,0.0
1181,2956,0,Laptop,83.54,5,2024-05-14,Electrónica,,0.0
1182,678,0,Rincón de plantas,88.93,6,2024-05-15,Decoración,,0.0
1183,1257,0,Horno eléctrico,113.04,8,2024-05-15,Electrodomésticos,,0.0
1184,1540,0,Plancha de vapor,47.1,3,2024-05-15,Electrodomésticos,,0.0
1185,1739,141,Batidora,30.74,10,2024-05-15,Electrodomésticos,R1,0.0
1186,1777,0,Horno eléctrico,102.82,8,2024-05-15,Electrodomésticos,,0.0
1187,1778,153,Cafetera,112.18,12,2024-05-15,Electrodomésticos,R3,0.0
1188,2726,0,Laptop,70.78,12,2024-05-15,Electrónica,,0.0
1189,2733,0,Smartphone,75.31,5,2024-05-15,Electrónica,,0.0
1190,2972,0,Televisor,91.67,2,2024-05-15,Electrónica,,0.0
1191,660,102,Adorno de pared,71.13,9,2024-05-16,Decoración,R2,66-91
1192,736,0,Cortinas,73.3,5,2024-05-16,Decoración,,0.0
1193,1606,0,Secadora,105.33,5,2024-05-16,Electrodomésticos,,0.0
1194,1756,0,Secadora,113.61,11,2024-05-16,Electrodomésticos,,0.0
1195,1823,0,Microondas,119.18,6,2024-05-16,Electrodomésticos,,0.0
1196,2509,0,Proyector,46.93,2,2024-05-16,Electrónica,,0.0
1197,2931,0,Parlantes Bluetooth,110.22,2,2024-05-16,Electrónica,,0.0
1198,244,0,Jarrón decorativo,64.62,8,2024-05-17,Decoración,,0.0
1199,448,0,Rincón de plantas,99.24,9,2024-05-17,Decoración,,0.0
1200,667,0,Elementos de cerámica,45.2,9,2024-05-17,Decoración,,0.0
1201,1006,0,Secadora,116.9,5,2024-05-17,Electrodomésticos,,0.0
1202,1181,0,Freidora eléctrica,85.03,4,2024-05-17,Electrodomésticos,,0.0
1203,1300,0,Plancha de vapor,93.91,7,2024-05-17,Electrodomésticos,,0.0
1204,1773,0,Microondas,75.48,1,2024-05-17,Electrodomésticos,,0.0
1205,2061,0,Parlantes Bluetooth,81.99,8,2024-05-17,Electrónica,,0.0
1206,2609,0,Proyector,30.02,2,2024-05-17,Electrónica,,0.0
1207,2767,0,Cámara digital,42.61,11,2024-05-17,Electrónica,,0.0
1208,2823,0,Smartphone,61.76,11,2024-05-17,Electrónica,,0.0
1209,2971,0,Parlantes Bluetooth,74.59,7,2024-05-17,Electrónica,,0.0
1210,2999,0,Consola de videojuegos,52.08,4,2024-05-17,Electrónica,,0.0
1211,477,0,Elementos de cerámica,81.02,1,2024-05-18,Decoración,,0.0
1212,920,101,Adorno de pared,39.6,8,2024-05-18,Decoración,R1,25-66
1213,1066,0,Secadora,62.98,9,2024-05-18,Electrodomésticos,,0.0
1214,1176,0,Secadora,118.64,11,2024-05-18,Electrodomésticos,,0.0
1215,1708,151,Cafetera,30.63,11,2024-05-18,Electrodomésticos,R1,0.0
1216,2288,0,SmartWatch,42.66,11,2024-05-18,Electrónica,,0.0
1217,2289,0,Proyector,60.8,4,2024-05-18,Electrónica,,0.0
1218,2409,0,Proyector,79.11,10,2024-05-18,Electrónica,,0.0
1219,2612,0,Televisor,96.38,11,2024-05-18,Electrónica,,0.0
1220,2904,0,Tablet,93.31,3,2024-05-18,Electrónica,,0.0
1221,405,111,Alfombra,33.36,10,2024-05-19,Decoración,R1,28-54
1222,575,113,Alfombra,110.42,11,2024-05-19,Decoración,R3,89-125
1223,721,0,Lámpara de mesa,74.42,5,2024-05-19,Decoración,,0.0
1224,908,0,Rincón de plantas,106.89,1,2024-05-19,Decoración,,0.0
1225,1377,0,Horno eléctrico,110.65,8,2024-05-19,Electrodomésticos,,0.0
1226,1667,0,Horno eléctrico,108.28,8,2024-05-19,Electrodomésticos,,0.0
1227,1905,0,Lavadora,49.5,5,2024-05-19,Electrodomésticos,,0.0
1228,2582,0,Televisor,69.3,6,2024-05-19,Electrónica,,0.0
1229,2978,0,SmartWatch,115.44,9,2024-05-19,Electrónica,,0.0
1230,453,0,Espejo decorativo,55.4,9,2024-05-20,Decoración,,0.0
1231,762,192,Cuadro decorativo,65.61,9,2024-05-20,Decoración,R2,0.0
1232,918,0,Rincón de plantas,104.95,9,2024-05-20,Decoración,,0.0
1233,976,0,Cortinas,114.76,11,2024-05-20,Decoración,,0.0
1234,1104,122,Aspiradora,76.2,5,2024-05-20,Electrodomésticos,R2,0.0
1235,1351,0,Freidora eléctrica,69.09,2,2024-05-20,Electrodomésticos,,0.0
1236,1694,122,Aspiradora,79.23,9,2024-05-20,Electrodomésticos,R2,0.0
1237,2482,0,Televisor,43.31,1,2024-05-20,Electrónica,,0.0
1238,44,0,Jarrón decorativo,118.28,11,2024-05-21,Decoración,,0.0
1239,54,0,Jarrón decorativo,49.21,4,2024-05-21,Decoración,,0.0
1240,106,0,Cortinas,101.89,7,2024-05-21,Decoración,,0.0
1241,319,0,Lámpara de mesa,93.24,9,2024-05-21,Decoración,,0.0
1242,414,0,Jarrón decorativo,33.06,2,2024-05-21,Decoración,,0.0
1243,981,0,Lámpara de mesa,83.12,9,2024-05-21,Decoración,,0.0
1244,1024,121,Aspiradora,35.94,11,2024-05-21,Electrodomésticos,R1,0.0
1245,1479,143,Batidora,121.07,1,2024-05-21,Electrodomésticos,R3,0.0
1246,1883,0,Microondas,34.52,10,2024-05-21,Electrodomésticos,,0.0
1247,2150,0,Consola de videojuegos,66.93,5,2024-05-21,Electrónica,,0.0
1248,2432,0,Televisor,54.12,9,2024-05-21,Electrónica,,0.0
1249,2676,0,Laptop,32.36,9,2024-05-21,Electrónica,,0.0
1250,312,191,Cuadro decorativo,42.77,1,2024-05-22,Decoración,R1,0.0
1251,425,111,Alfombra,45.68,10,2024-05-22,Decoración,R1,28-54
1252,483,0,Espejo decorativo,97.74,11,2024-05-22,Decoración,,0.0
1253,527,0,Elementos de cerámica,103.6,3,2024-05-22,Decoración,,0.0
1254,802,191,Cuadro decorativo,27.37,5,2024-05-22,Decoración,R1,0.0
1255,812,193,Cuadro decorativo,107.32,10,2024-05-22,Decoración,R3,0.0
1256,1198,153,Cafetera,106.65,9,2024-05-22,Electrodomésticos,R3,0.0
1257,1603,0,Microondas,112.46,6,2024-05-22,Electrodomésticos,,0.0
1258,1631,0,Freidora eléctrica,111.17,5,2024-05-22,Electrodomésticos,,0.0
1259,2802,0,Televisor,101.58,9,2024-05-22,Electrónica,,0.0
1260,2868,0,SmartWatch,124.57,6,2024-05-22,Electrónica,,0.0
1261,2895,131,Auriculares,53.91,4,2024-05-22,Electrónica,R1,0.0
1262,123,0,Espejo decorativo,63.56,11,2024-05-23,Decoración,,0.0
1263,672,191,Cuadro decorativo,47.68,6,2024-05-23,Decoración,R1,0.0
1264,859,0,Lámpara de mesa,76.25,4,2024-05-23,Decoración,,0.0
1265,1238,152,Cafetera,70.06,12,2024-05-23,Electrodomésticos,R2,0.0
1266,1417,0,Horno eléctrico,85.81,10,2024-05-23,Electrodomésticos,,0.0
1267,2189,0,Proyector,100.31,3,2024-05-23,Electrónica,,0.0
1268,2678,0,SmartWatch,47.3,10,2024-05-23,Electrónica,,0.0
1269,465,112,Alfombra,76.75,2,2024-05-24,Decoración,R2,54-89
1270,2907,0,Cámara digital,98.69,9,2024-05-24,Electrónica,,0.0
1271,476,0,Cortinas,71.82,11,2024-05-25,Decoración,,0.0
1272,583,0,Espejo decorativo,49.09,9,2024-05-25,Decoración,,0.0
1273,738,0,Rincón de plantas,29.42,11,2024-05-25,Decoración,,0.0
1274,1241,0,Freidora eléctrica,96.2,6,2024-05-25,Electrodomésticos,,0.0
1275,1526,0,Secadora,115.5,7,2024-05-25,Electrodomésticos,,0.0
1276,2004,0,Tablet,123.01,11,2024-05-25,Electrónica,,0.0
1277,2092,0,Televisor,65.23,6,2024-05-25,Electrónica,,0.0
1278,2116,0,Laptop,50.25,8,2024-05-25,Electrónica,,0.0
1279,2146,0,Laptop,87.7,5,2024-05-25,Electrónica,,0.0
1280,2652,0,Televisor,74.49,4,2024-05-25,Electrónica,,0.0
1281,29,0,Lámpara de mesa,70.17,12,2024-05-26,Decoración,,0.0
1282,568,0,Rincón de plantas,100.45,1,2024-05-26,Decoración,,0.0
1283,782,192,Cuadro decorativo,67.07,6,2024-05-26,Decoración,R2,0.0
1284,1025,0,Lavadora,119.78,9,2024-05-26,Electrodomésticos,,0.0
1285,1616,0,Secadora,40.43,8,2024-05-26,Electrodomésticos,,0.0
1286,1721,0,Freidora eléctrica,26.06,5,2024-05-26,Electrodomésticos,,0.0
1287,2041,0,Parlantes Bluetooth,102.72,2,2024-05-26,Electrónica,,0.0
1288,2073,0,Smartphone,70.04,3,2024-05-26,Electrónica,,0.0
1289,137,0,Elementos de cerámica,68.46,11,2024-05-27,Decoración,,0.0
1290,1050,0,Plancha de vapor,72.33,1,2024-05-27,Electrodomésticos,,0.0
1291,1226,0,Secadora,89.37,10,2024-05-27,Electrodomésticos,,0.0
1292,1380,0,Plancha de vapor,61.63,2,2024-05-27,Electrodomésticos,,0.0
1293,1446,0,Secadora,124.12,10,2024-05-27,Electrodomésticos,,0.0
1294,1543,0,Microondas,118.71,9,2024-05-27,Electrodomésticos,,0.0
1295,1608,153,Cafetera,122.82,4,2024-05-27,Electrodomésticos,R3,0.0
1296,1702,0,Heladera,77.89,2,2024-05-27,Electrodomésticos,,0.0
1297,1940,0,Plancha de vapor,45.19,1,2024-05-27,Electrodomésticos,,0.0
1298,2011,0,Parlantes Bluetooth,27.45,7,2024-05-27,Electrónica,,0.0
1299,2876,0,Laptop,37.65,3,2024-05-27,Electrónica,,0.0
1300,224,0,Jarrón decorativo,75.72,1,2024-05-28,Decoración,,0.0
1301,510,102,Adorno de pared,79.02,5,2024-05-28,Decoración,R2,66-91
1302,897,0,Elementos de cerámica,27.43,7,2024-05-28,Decoración,,0.0
1303,1080,0,Plancha de vapor,53.1,6,2024-05-28,Electrodomésticos,,0.0
1304,1368,152,Cafetera,67.26,7,2024-05-28,Electrodomésticos,R2,0.0
1305,1613,0,Microondas,101.99,5,2024-05-28,Electrodomésticos,,0.0
1306,1732,0,Heladera,109.53,11,2024-05-28,Electrodomésticos,,0.0
1307,2067,0,Cámara digital,102.63,7,2024-05-28,Electrónica,,0.0
1308,13,0,Espejo decorativo,29.73,1,2024-05-29,Decoración,,0.0
1309,110,101,Adorno de pared,33.01,1,2024-05-29,Decoración,R1,25-66
1310,784,0,Jarrón decorativo,109.83,6,2024-05-29,Decoración,,0.0
1311,902,193,Cuadro decorativo,111.22,9,2024-05-29,Decoración,R3,0.0
1312,1275,0,Lavadora,82.49,11,2024-05-29,Electrodomésticos,,0.0
1313,1478,153,Cafetera,121.9,2,2024-05-29,Electrodomésticos,R3,0.0
1314,1719,143,Batidora,106.81,10,2024-05-29,Electrodomésticos,R3,0.0
1315,2125,131,Auriculares,33.47,2,2024-05-29,Electrónica,R1,0.0
1316,2251,0,Parlantes Bluetooth,51.27,8,2024-05-29,Electrónica,,0.0
1317,2847,0,Cámara digital,122.31,4,2024-05-29,Electrónica,,0.0
1318,82,191,Cuadro decorativo,47.42,5,2024-05-30,Decoración,R1,0.0
1319,111,0,Lámpara de mesa,38.65,12,2024-05-30,Decoración,,0.0
1320,432,192,Cuadro decorativo,77.42,12,2024-05-30,Decoración,R2,0.0
1321,1632,0,Heladera,120.78,8,2024-05-30,Electrodomésticos,,0.0
1322,166,0,Cortinas,105.06,8,2024-05-31,Decoración,,0.0
1323,482,191,Cuadro decorativo,54.21,7,2024-05-31,Decoración,R1,0.0
1324,995,113,Alfombra,109.03,10,2024-05-31,Decoración,R3,89-125
1325,1343,0,Microondas,106.86,12,2024-05-31,Electrodomésticos,,0.0
1326,1418,152,Cafetera,91.72,12,2024-05-31,Electrodomésticos,R2,0.0
1327,2659,0,Proyector,75.9,3,2024-05-31,Electrónica,,0.0
1328,2745,132,Auriculares,70.62,7,2024-05-31,Electrónica,R2,0.0
1329,2842,0,Televisor,38.35,5,2024-05-31,Electrónica,,0.0
1330,2995,0,Laptop,119.04,6,2024-05-31,Electrónica,,0.0
1331,376,0,Cortinas,106.27,2,2024-06-01,Decoración,,0.0
1332,530,102,Adorno de pared,82.65,5,2024-06-01,Decoración,R2,66-91
1333,1040,0,Plancha de vapor,49.22,2,2024-06-01,Electrodomésticos,,0.0
1334,1929,143,Batidora,92.87,10,2024-06-01,Electrodomésticos,R3,0.0
1335,2481,0,Parlantes Bluetooth,79.7,8,2024-06-01,Electrónica,,0.0
1336,2929,0,Proyector,115.45,7,2024-06-01,Electrónica,,0.0
1337,160,101,Adorno de pared,33.27,12,2024-06-02,Decoración,R1,25-66
1338,253,0,Espejo decorativo,92.77,5,2024-06-02,Decoración,,0.0
1339,334,0,Jarrón decorativo,84.95,12,2024-06-02,Decoración,,0.0
1340,378,0,Rincón de plantas,37.9,10,2024-06-02,Decoración,,0.0
1341,459,0,Lámpara de mesa,101.54,4,2024-06-02,Decoración,,0.0
1342,524,0,Jarrón decorativo,40.32,4,2024-06-02,Decoración,,0.0
1343,1003,0,Microondas,84.24,9,2024-06-02,Electrodomésticos,,0.0
1344,1051,0,Freidora eléctrica,82.08,8,2024-06-02,Electrodomésticos,,0.0
1345,1076,0,Secadora,77.29,4,2024-06-02,Electrodomésticos,,0.0
1346,1476,0,Secadora,73.14,6,2024-06-02,Electrodomésticos,,0.0
1347,1552,0,Heladera,54.63,5,2024-06-02,Electrodomésticos,,0.0
1348,1602,0,Heladera,48.35,9,2024-06-02,Electrodomésticos,,0.0
1349,1664,122,Aspiradora,69.63,12,2024-06-02,Electrodomésticos,R2,0.0
1350,1822,0,Heladera,56.36,12,2024-06-02,Electrodomésticos,,0.0
1351,2046,0,Laptop,34.09,6,2024-06-02,Electrónica,,0.0
1352,2126,0,Laptop,107.26,4,2024-06-02,Electrónica,,0.0
1353,1082,0,Heladera,107.48,12,2024-06-03,Electrodomésticos,,0.0
1354,1327,0,Horno eléctrico,75.85,2,2024-06-03,Electrodomésticos,,0.0
1355,1370,0,Plancha de vapor,115.6,10,2024-06-03,Electrodomésticos,,0.0
1356,1923,0,Microondas,97.54,4,2024-06-03,Electrodomésticos,,0.0
1357,2055,133,Auriculares,104.83,9,2024-06-03,Electrónica,R3,0.0
1358,2207,0,Cámara digital,110.08,4,2024-06-03,Electrónica,,0.0
1359,992,191,Cuadro decorativo,52.42,3,2024-06-04,Decoración,R1,0.0
1360,1063,0,Microondas,108.39,12,2024-06-04,Electrodomésticos,,0.0
1361,1518,151,Cafetera,46.7,2,2024-06-04,Electrodomésticos,R1,0.0
1362,1563,0,Microondas,111.61,2,2024-06-04,Electrodomésticos,,0.0
1363,2017,0,Cámara digital,54.04,8,2024-06-04,Electrónica,,0.0
1364,2468,0,SmartWatch,54.55,11,2024-06-04,Electrónica,,0.0
1365,2807,0,Cámara digital,44.43,6,2024-06-04,Electrónica,,0.0
1366,433,0,Espejo decorativo,86.28,10,2024-06-05,Decoración,,0.0
1367,1199,141,Batidora,58.03,10,2024-06-05,Electrodomésticos,R1,0.0
1368,1227,0,Horno eléctrico,49.61,2,2024-06-05,Electrodomésticos,,0.0
1369,1334,121,Aspiradora,43.21,7,2024-06-05,Electrodomésticos,R1,0.0
1370,1347,0,Horno eléctrico,94.85,7,2024-06-05,Electrodomésticos,,0.0
1371,1382,0,Microondas,94.28,9,2024-06-05,Electrodomésticos,,0.0
1372,740,103,Adorno de pared,103.19,9,2024-06-06,Decoración,R3,91-120
1373,766,0,Cortinas,90.1,8,2024-06-06,Decoración,,0.0
1374,890,103,Adorno de pared,91.85,6,2024-06-06,Decoración,R3,91-120
1375,1030,0,Plancha de vapor,66.69,1,2024-06-06,Electrodomésticos,,0.0
1376,1127,0,Horno eléctrico,66.32,6,2024-06-06,Electrodomésticos,,0.0
1377,1297,0,Horno eléctrico,35.93,12,2024-06-06,Electrodomésticos,,0.0
1378,1888,151,Cafetera,44.54,4,2024-06-06,Electrodomésticos,R1,0.0
1379,2040,0,Consola de videojuegos,43.95,11,2024-06-06,Electrónica,,0.0
1380,2674,0,Tablet,116.52,3,2024-06-06,Electrónica,,0.0
1381,66,0,Cortinas,46.14,2,2024-06-07,Decoración,,0.0
1382,257,0,Elementos de cerámica,108.4,7,2024-06-07,Decoración,,0.0
1383,296,0,Cortinas,90.57,2,2024-06-07,Decoración,,0.0
1384,333,0,Espejo decorativo,73.58,5,2024-06-07,Decoración,,0.0
1385,2624,0,Tablet,122.97,2,2024-06-07,Electrónica,,0.0
1386,2750,0,Consola de videojuegos,38.97,9,2024-06-07,Electrónica,,0.0
1387,2854,0,Tablet,56.11,7,2024-06-07,Electrónica,,0.0
1388,648,0,Rincón de plantas,78.47,6,2024-06-08,Decoración,,0.0
1389,686,0,Cortinas,115.02,12,2024-06-08,Decoración,,0.0
1390,910,101,Adorno de pared,47.55,3,2024-06-08,Decoración,R1,25-66
1391,1075,0,Lavadora,31.9,5,2024-06-08,Electrodomésticos,,0.0
1392,1474,122,Aspiradora,91.09,11,2024-06-08,Electrodomésticos,R2,0.0
1393,1729,142,Batidora,72.01,9,2024-06-08,Electrodomésticos,R2,0.0
1394,1735,0,Lavadora,111.42,7,2024-06-08,Electrodomésticos,,0.0
1395,1870,0,Plancha de vapor,29.65,11,2024-06-08,Electrodomésticos,,0.0
1396,2138,0,SmartWatch,27.36,4,2024-06-08,Electrónica,,0.0
1397,2308,0,SmartWatch,105.89,9,2024-06-08,Electrónica,,0.0
1398,2321,0,Parlantes Bluetooth,47.14,5,2024-06-08,Electrónica,,0.0
1399,2957,0,Cámara digital,37.59,6,2024-06-08,Electrónica,,0.0
1400,28,0,Rincón de plantas,54.26,10,2024-06-09,Decoración,,0.0
1401,1179,143,Batidora,123.86,3,2024-06-09,Electrodomésticos,R3,0.0
1402,1276,0,Secadora,65.45,12,2024-06-09,Electrodomésticos,,0.0
1403,2105,131,Auriculares,46.74,12,2024-06-09,Electrónica,R1,0.0
1404,1120,0,Plancha de vapor,30.67,7,2024-06-10,Electrodomésticos,,0.0
1405,2292,0,Televisor,39.53,12,2024-06-10,Electrónica,,0.0
1406,2418,0,SmartWatch,46.8,3,2024-06-10,Electrónica,,0.0
1407,2601,0,Parlantes Bluetooth,121.98,7,2024-06-10,Electrónica,,0.0
1408,637,0,Elementos de cerámica,44.23,4,2024-06-11,Decoración,,0.0
1409,810,103,Adorno de pared,105.57,7,2024-06-11,Decoración,R3,91-120
1410,1437,0,Horno eléctrico,80.12,8,2024-06-11,Electrodomésticos,,0.0
1411,1720,0,Plancha de vapor,81.86,12,2024-06-11,Electrodomésticos,,0.0
1412,2065,133,Auriculares,108.07,10,2024-06-11,Electrónica,R3,0.0
1413,2235,132,Auriculares,74.81,12,2024-06-11,Electrónica,R2,0.0
1414,2458,0,SmartWatch,58.95,9,2024-06-11,Electrónica,,0.0
1415,2552,0,Televisor,122.59,7,2024-06-11,Electrónica,,0.0
1416,2819,0,Proyector,80.92,8,2024-06-11,Electrónica,,0.0
1417,2859,0,Proyector,62.35,3,2024-06-11,Electrónica,,0.0
1418,2955,133,Auriculares,106.03,7,2024-06-11,Electrónica,R3,0.0
1419,297,0,Elementos de cerámica,73.17,10,2024-06-12,Decoración,,0.0
1420,771,0,Lámpara de mesa,51.51,2,2024-06-12,Decoración,,0.0
1421,1154,123,Aspiradora,95.11,4,2024-06-12,Electrodomésticos,R3,0.0
1422,1662,0,Microondas,33.73,1,2024-06-12,Electrodomésticos,,0.0
1423,2084,0,Tablet,26.85,9,2024-06-12,Electrónica,,0.0
1424,2164,0,Tablet,66.02,8,2024-06-12,Electrónica,,0.0
1425,2256,0,Laptop,37.57,4,2024-06-12,Electrónica,,0.0
1426,2746,0,Laptop,58.49,7,2024-06-12,Electrónica,,0.0
1427,191,0,Lámpara de mesa,60.73,1,2024-06-13,Decoración,,0.0
1428,350,102,Adorno de pared,79.48,12,2024-06-13,Decoración,R2,66-91
1429,824,0,Jarrón decorativo,91.89,8,2024-06-13,Decoración,,0.0
1430,982,191,Cuadro decorativo,34.89,10,2024-06-13,Decoración,R1,0.0
1431,1246,0,Secadora,60.94,6,2024-06-13,Electrodomésticos,,0.0
1432,2344,0,Tablet,71.59,5,2024-06-13,Electrónica,,0.0
1433,2740,0,Consola de videojuegos,88.36,5,2024-06-13,Electrónica,,0.0
1434,2754,0,Tablet,61.6,3,2024-06-13,Electrónica,,0.0
1435,90,103,Adorno de pared,119.3,2,2024-06-14,Decoración,R3,91-120
1436,764,0,Jarrón decorativo,45.94,10,2024-06-14,Decoración,,0.0
1437,1992,0,Microondas,120.02,12,2024-06-14,Electrodomésticos,,0.0
1438,2123,0,Smartphone,32.32,6,2024-06-14,Electrónica,,0.0
1439,2377,0,Cámara digital,107.92,9,2024-06-14,Electrónica,,0.0
1440,2568,0,SmartWatch,85.17,5,2024-06-14,Electrónica,,0.0
1441,2728,0,SmartWatch,87.88,2,2024-06-14,Electrónica,,0.0
1442,2811,0,Parlantes Bluetooth,116.91,7,2024-06-14,Electrónica,,0.0
1443,208,0,Rincón de plantas,107.88,10,2024-06-15,Decoración,,0.0
1444,1091,0,Freidora eléctrica,70.6,7,2024-06-15,Electrodomésticos,,0.0
1445,1535,0,Lavadora,113.28,10,2024-06-15,Electrodomésticos,,0.0
1446,2014,0,Tablet,76.9,8,2024-06-15,Electrónica,,0.0
1447,2026,0,Laptop,59.48,6,2024-06-15,Electrónica,,0.0
1448,143,0,Espejo decorativo,101.88,9,2024-06-16,Decoración,,0.0
1449,187,0,Elementos de cerámica,57.19,8,2024-06-16,Decoración,,0.0
1450,712,193,Cuadro decorativo,103.02,2,2024-06-16,Decoración,R3,0.0
1451,1990,0,Plancha de vapor,113.42,3,2024-06-16,Electrodomésticos,,0.0
1452,2349,0,Proyector,68.09,8,2024-06-16,Electrónica,,0.0
1453,2896,0,Laptop,79.86,4,2024-06-16,Electrónica,,0.0
1454,485,113,Alfombra,113.9,2,2024-06-17,Decoración,R3,89-125
1455,534,0,Jarrón decorativo,32.38,5,2024-06-17,Decoración,,0.0
1456,767,0,Elementos de cerámica,40.69,11,2024-06-17,Decoración,,0.0
1457,1560,0,Plancha de vapor,63.13,9,2024-06-17,Electrodomésticos,,0.0
1458,261,0,Lámpara de mesa,124.14,7,2024-06-18,Decoración,,0.0
1459,344,0,Jarrón decorativo,67.71,1,2024-06-18,Decoración,,0.0
1460,358,0,Rincón de plantas,63.41,7,2024-06-18,Decoración,,0.0
1461,625,113,Alfombra,124.91,3,2024-06-18,Decoración,R3,89-125
1462,1288,153,Cafetera,124.44,2,2024-06-18,Electrodomésticos,R3,0.0
1463,2765,132,Auriculares,63.93,8,2024-06-18,Electrónica,R2,0.0
1464,777,0,Elementos de cerámica,62.21,1,2024-06-19,Decoración,,0.0
1465,1069,142,Batidora,87.99,1,2024-06-19,Electrodomésticos,R2,0.0
1466,1244,123,Aspiradora,103.91,4,2024-06-19,Electrodomésticos,R3,0.0
1467,1428,152,Cafetera,63.53,11,2024-06-19,Electrodomésticos,R2,0.0
1468,1722,0,Microondas,31.78,3,2024-06-19,Electrodomésticos,,0.0
1469,2120,0,Consola de videojuegos,99.63,6,2024-06-19,Electrónica,,0.0
1470,2455,132,Auriculares,91.06,3,2024-06-19,Electrónica,R2,0.0
1471,388,0,Rincón de plantas,80.35,12,2024-06-20,Decoración,,0.0
1472,1018,153,Cafetera,121.43,1,2024-06-20,Electrodomésticos,R3,0.0
1473,1628,151,Cafetera,30.58,2,2024-06-20,Electrodomésticos,R1,0.0
1474,2127,0,Cámara digital,70.38,12,2024-06-20,Electrónica,,0.0
1475,2516,0,Laptop,91.36,7,2024-06-20,Electrónica,,0.0
1476,410,103,Adorno de pared,109.64,3,2024-06-21,Decoración,R3,91-120
1477,1350,0,Plancha de vapor,105.68,5,2024-06-21,Electrodomésticos,,0.0
1478,1547,0,Horno eléctrico,95.83,2,2024-06-21,Electrodomésticos,,0.0
1479,1843,0,Microondas,72.0,11,2024-06-21,Electrodomésticos,,0.0
1480,2290,0,Consola de videojuegos,115.96,7,2024-06-21,Electrónica,,0.0
1481,267,0,Elementos de cerámica,58.78,11,2024-06-22,Decoración,,0.0
1482,330,101,Adorno de pared,60.02,6,2024-06-22,Decoración,R1,25-66
1483,966,0,Cortinas,51.43,10,2024-06-22,Decoración,,0.0
1484,1196,0,Secadora,32.4,3,2024-06-22,Electrodomésticos,,0.0
1485,2324,0,Tablet,45.82,9,2024-06-22,Electrónica,,0.0
1486,416,0,Cortinas,83.58,3,2024-06-23,Decoración,,0.0
1487,756,0,Cortinas,107.29,4,2024-06-23,Decoración,,0.0
1488,834,0,Jarrón decorativo,78.01,4,2024-06-23,Decoración,,0.0
1489,1084,123,Aspiradora,119.83,7,2024-06-23,Electrodomésticos,R3,0.0
1490,1442,0,Microondas,81.76,5,2024-06-23,Electrodomésticos,,0.0
1491,2192,0,Televisor,104.46,12,2024-06-23,Electrónica,,0.0
1492,2461,0,Parlantes Bluetooth,73.92,11,2024-06-23,Electrónica,,0.0
1493,383,0,Espejo decorativo,119.48,7,2024-06-24,Decoración,,0.0
1494,578,0,Rincón de plantas,36.07,9,2024-06-24,Decoración,,0.0
1495,603,0,Espejo decorativo,104.42,11,2024-06-24,Decoración,,0.0
1496,1172,0,Microondas,73.91,12,2024-06-24,Electrodomésticos,,0.0
1497,1291,0,Freidora eléctrica,56.86,1,2024-06-24,Electrodomésticos,,0.0
1498,1833,0,Microondas,42.14,2,2024-06-24,Electrodomésticos,,0.0
1499,1858,151,Cafetera,30.27,4,2024-06-24,Electrodomésticos,R1,0.0
1500,2091,0,Parlantes Bluetooth,83.6,10,2024-06-24,Electrónica,,0.0
1501,2158,0,SmartWatch,89.15,1,2024-06-24,Electrónica,,0.0
1502,287,0,Elementos de cerámica,47.43,2,2024-06-25,Decoración,,0.0
1503,1192,0,Microondas,66.39,12,2024-06-25,Electrodomésticos,,0.0
1504,1541,0,Freidora eléctrica,37.62,5,2024-06-25,Electrodomésticos,,0.0
1505,1825,0,Lavadora,93.71,1,2024-06-25,Electrodomésticos,,0.0
1506,2057,0,Cámara digital,109.29,10,2024-06-25,Electrónica,,0.0
1507,2254,0,Tablet,110.94,6,2024-06-25,Electrónica,,0.0
1508,2328,0,SmartWatch,27.13,3,2024-06-25,Electrónica,,0.0
1509,2512,0,Televisor,52.92,9,2024-06-25,Electrónica,,0.0
1510,179,0,Lámpara de mesa,120.58,1,2024-06-26,Decoración,,0.0
1511,489,0,Lámpara de mesa,111.2,10,2024-06-26,Decoración,,0.0
1512,677,0,Elementos de cerámica,93.29,9,2024-06-26,Decoración,,0.0
1513,815,113,Alfombra,124.88,7,2024-06-26,Decoración,R3,89-125
1514,1335,0,Lavadora,36.86,6,2024-06-26,Electrodomésticos,,0.0
1515,1712,0,Microondas,55.83,2,2024-06-26,Electrodomésticos,,0.0
1516,1931,0,Freidora eléctrica,82.9,5,2024-06-26,Electrodomésticos,,0.0
1517,2499,0,Proyector,66.51,1,2024-06-26,Electrónica,,0.0
1518,2700,0,Consola de videojuegos,39.68,12,2024-06-26,Electrónica,,0.0
1519,146,0,Cortinas,68.55,9,2024-06-27,Decoración,,0.0
1520,283,0,Espejo decorativo,89.21,2,2024-06-27,Decoración,,0.0
1521,711,0,Lámpara de mesa,66.24,1,2024-06-27,Decoración,,0.0
1522,831,0,Lámpara de mesa,70.23,12,2024-06-27,Decoración,,0.0
1523,1083,0,Microondas,26.82,3,2024-06-27,Electrodomésticos,,0.0
1524,1549,143,Batidora,106.44,6,2024-06-27,Electrodomésticos,R3,0.0
1525,2884,0,Tablet,94.72,4,2024-06-27,Electrónica,,0.0
1526,71,0,Lámpara de mesa,97.07,2,2024-06-28,Decoración,,0.0
1527,916,0,Cortinas,50.83,1,2024-06-28,Decoración,,0.0
1528,1448,151,Cafetera,44.0,4,2024-06-28,Electrodomésticos,R1,0.0
1529,1668,153,Cafetera,111.39,12,2024-06-28,Electrodomésticos,R3,0.0
1530,2730,0,Consola de videojuegos,87.79,2,2024-06-28,Electrónica,,0.0
1531,2743,0,Smartphone,91.42,9,2024-06-28,Electrónica,,0.0
1532,2836,0,Laptop,64.0,10,2024-06-28,Electrónica,,0.0
1533,2919,0,Proyector,46.95,6,2024-06-28,Electrónica,,0.0
1534,10,101,Adorno de pared,44.65,10,2024-06-29,Decoración,R1,25-66
1535,125,113,Alfombra,92.8,2,2024-06-29,Decoración,R3,89-125
1536,502,193,Cuadro decorativo,120.85,10,2024-06-29,Decoración,R3,0.0
1537,1390,0,Plancha de vapor,45.61,8,2024-06-29,Electrodomésticos,,0.0
1538,1826,0,Secadora,109.43,9,2024-06-29,Electrodomésticos,,0.0
1539,2008,0,SmartWatch,34.81,9,2024-06-29,Electrónica,,0.0
1540,2024,0,Tablet,61.79,6,2024-06-29,Electrónica,,0.0
1541,2259,0,Proyector,35.94,2,2024-06-29,Electrónica,,0.0
1542,2747,0,Cámara digital,106.28,7,2024-06-29,Electrónica,,0.0
1543,2932,0,Televisor,66.39,5,2024-06-29,Electrónica,,0.0
1544,411,0,Lámpara de mesa,52.72,4,2024-06-30,Decoración,,0.0
1545,846,0,Cortinas,123.89,8,2024-06-30,Decoración,,0.0
1546,994,0,Jarrón decorativo,93.88,4,2024-06-30,Decoración,,0.0
1547,1107,0,Horno eléctrico,62.25,3,2024-06-30,Electrodomésticos,,0.0
1548,1927,0,Horno eléctrico,70.29,12,2024-06-30,Electrodomésticos,,0.0
1549,2006,0,Laptop,86.67,3,2024-06-30,Electrónica,,0.0
1550,2741,0,Parlantes Bluetooth,112.71,6,2024-06-30,Electrónica,,0.0
1551,2771,0,Parlantes Bluetooth,117.61,2,2024-06-30,Electrónica,,0.0
1552,363,0,Espejo decorativo,119.02,1,2024-07-01,Decoración,,0.0
1553,585,112,Alfombra,72.74,3,2024-07-01,Decoración,R2,54-89
1554,2394,0,Tablet,74.88,11,2024-07-01,Electrónica,,0.0
1555,2525,132,Auriculares,78.62,11,2024-07-01,Electrónica,R2,0.0
1556,2744,132,Auriculares,70.61,1,2024-07-01,Electrónica,R2,0.0
1557,2787,0,Cámara digital,79.77,2,2024-07-01,Electrónica,,0.0
1558,443,0,Espejo decorativo,65.59,1,2024-07-02,Decoración,,0.0
1559,735,111,Alfombra,47.63,5,2024-07-02,Decoración,R1,28-54
1560,795,113,Alfombra,124.05,10,2024-07-02,Decoración,R3,89-125
1561,1011,0,Freidora eléctrica,79.07,7,2024-07-02,Electrodomésticos,,0.0
1562,1296,0,Secadora,65.21,10,2024-07-02,Electrodomésticos,,0.0
1563,1799,141,Batidora,29.22,2,2024-07-02,Electrodomésticos,R1,0.0
1564,1998,153,Cafetera,101.11,7,2024-07-02,Electrodomésticos,R3,0.0
1565,2343,0,Smartphone,68.49,11,2024-07-02,Electrónica,,0.0
1566,2358,0,SmartWatch,118.54,3,2024-07-02,Electrónica,,0.0
1567,2906,0,Laptop,99.78,12,2024-07-02,Electrónica,,0.0
1568,2968,0,SmartWatch,92.79,1,2024-07-02,Electrónica,,0.0
1569,352,192,Cuadro decorativo,85.72,5,2024-07-03,Decoración,R2,0.0
1570,865,112,Alfombra,80.74,6,2024-07-03,Decoración,R2,54-89
1571,1058,151,Cafetera,52.48,6,2024-07-03,Electrodomésticos,R1,0.0
1572,1292,0,Microondas,115.46,2,2024-07-03,Electrodomésticos,,0.0
1573,1958,153,Cafetera,115.8,12,2024-07-03,Electrodomésticos,R3,0.0
1574,2756,0,Laptop,86.43,12,2024-07-03,Electrónica,,0.0
1575,2770,0,Consola de videojuegos,60.92,8,2024-07-03,Electrónica,,0.0
1576,165,113,Alfombra,110.83,2,2024-07-04,Decoración,R3,89-125
1577,360,102,Adorno de pared,67.02,9,2024-07-04,Decoración,R2,66-91
1578,516,0,Cortinas,38.35,7,2024-07-04,Decoración,,0.0
1579,1937,0,Horno eléctrico,37.32,7,2024-07-04,Electrodomésticos,,0.0
1580,1941,0,Freidora eléctrica,72.66,2,2024-07-04,Electrodomésticos,,0.0
1581,2237,0,Cámara digital,29.68,11,2024-07-04,Electrónica,,0.0
1582,335,111,Alfombra,38.03,1,2024-07-05,Decoración,R1,28-54
1583,931,0,Lámpara de mesa,35.86,9,2024-07-05,Decoración,,0.0
1584,979,0,Lámpara de mesa,76.68,2,2024-07-05,Decoración,,0.0
1585,1072,0,Microondas,93.79,1,2024-07-05,Electrodomésticos,,0.0
1586,1147,0,Horno eléctrico,56.79,11,2024-07-05,Electrodomésticos,,0.0
1587,1805,0,Lavadora,72.8,2,2024-07-05,Electrodomésticos,,0.0
1588,2265,132,Auriculares,82.56,12,2024-07-05,Electrónica,R2,0.0
1589,513,0,Espejo decorativo,112.7,11,2024-07-06,Decoración,,0.0
1590,716,0,Cortinas,89.27,4,2024-07-06,Decoración,,0.0
1591,838,0,Rincón de plantas,32.18,4,2024-07-06,Decoración,,0.0
1592,1770,0,Plancha de vapor,80.83,9,2024-07-06,Electrodomésticos,,0.0
1593,1792,0,Microondas,70.37,6,2024-07-06,Electrodomésticos,,0.0
1594,2861,0,Parlantes Bluetooth,67.09,6,2024-07-06,Electrónica,,0.0
1595,215,112,Alfombra,73.11,3,2024-07-07,Decoración,R2,54-89
1596,354,0,Jarrón decorativo,63.61,3,2024-07-07,Decoración,,0.0
1597,569,0,Lámpara de mesa,78.36,12,2024-07-07,Decoración,,0.0
1598,827,0,Elementos de cerámica,97.35,5,2024-07-07,Decoración,,0.0
1599,965,112,Alfombra,75.3,4,2024-07-07,Decoración,R2,54-89
1600,986,0,Cortinas,111.39,10,2024-07-07,Decoración,,0.0
1601,1112,0,Microondas,41.19,5,2024-07-07,Electrodomésticos,,0.0
1602,1355,0,Lavadora,114.24,9,2024-07-07,Electrodomésticos,,0.0
1603,1903,0,Microondas,101.57,8,2024-07-07,Electrodomésticos,,0.0
1604,1936,0,Secadora,117.68,12,2024-07-07,Electrodomésticos,,0.0
1605,2666,0,Laptop,44.22,1,2024-07-07,Electrónica,,0.0
1606,2910,0,Consola de videojuegos,122.48,7,2024-07-07,Electrónica,,0.0
1607,233,0,Espejo decorativo,106.52,5,2024-07-08,Decoración,,0.0
1608,796,0,Cortinas,71.33,6,2024-07-08,Decoración,,0.0
1609,2889,0,Proyector,32.99,7,2024-07-08,Electrónica,,0.0
1610,228,0,Rincón de plantas,56.12,2,2024-07-09,Decoración,,0.0
1611,268,0,Rincón de plantas,82.16,10,2024-07-09,Decoración,,0.0
1612,526,0,Cortinas,38.63,12,2024-07-09,Decoración,,0.0
1613,622,193,Cuadro decorativo,108.93,4,2024-07-09,Decoración,R3,0.0
1614,941,0,Lámpara de mesa,58.97,12,2024-07-09,Decoración,,0.0
1615,1180,0,Plancha de vapor,42.61,2,2024-07-09,Electrodomésticos,,0.0
1616,1675,0,Lavadora,70.34,6,2024-07-09,Electrodomésticos,,0.0
1617,2239,0,Proyector,35.83,5,2024-07-09,Electrónica,,0.0
1618,2293,0,Smartphone,115.15,4,2024-07-09,Electrónica,,0.0
1619,2466,0,Laptop,97.07,1,2024-07-09,Electrónica,,0.0
1620,2604,133,Auriculares,106.41,3,2024-07-09,Electrónica,R3,0.0
1621,2719,0,Proyector,94.86,7,2024-07-09,Electrónica,,0.0
1622,154,0,Jarrón decorativo,121.5,11,2024-07-10,Decoración,,0.0
1623,790,102,Adorno de pared,89.14,5,2024-07-10,Decoración,R2,66-91
1624,2579,0,Proyector,115.5,6,2024-07-10,Electrónica,,0.0
1625,96,0,Cortinas,59.9,9,2024-07-11,Decoración,,0.0
1626,307,0,Elementos de cerámica,95.51,7,2024-07-11,Decoración,,0.0
1627,769,0,Candelabro,113.28,2,2024-07-11,Decoración,,0.0
1628,858,0,Rincón de plantas,84.64,11,2024-07-11,Decoración,,0.0
1629,1746,0,Secadora,52.03,5,2024-07-11,Electrodomésticos,,0.0
1630,1884,123,Aspiradora,94.69,4,2024-07-11,Electrodomésticos,R3,0.0
1631,1899,142,Batidora,83.64,1,2024-07-11,Electrodomésticos,R2,0.0
1632,2053,0,Smartphone,115.95,4,2024-07-11,Electrónica,,0.0
1633,2143,0,Smartphone,74.56,1,2024-07-11,Electrónica,,0.0
1634,2997,0,SmartWatch,47.71,3,2024-07-11,Electrónica,,0.0
1635,61,0,Lámpara de mesa,86.92,11,2024-07-12,Decoración,,0.0
1636,291,0,Lámpara de mesa,48.57,4,2024-07-12,Decoración,,0.0
1637,463,0,Espejo decorativo,27.65,11,2024-07-12,Decoración,,0.0
1638,1306,0,Secadora,69.81,6,2024-07-12,Electrodomésticos,,0.0
1639,1427,0,Horno eléctrico,33.55,11,2024-07-12,Electrodomésticos,,0.0
1640,1525,0,Lavadora,34.53,10,2024-07-12,Electrodomésticos,,0.0
1641,1536,0,Secadora,69.11,6,2024-07-12,Electrodomésticos,,0.0
1642,55,111,Alfombra,53.54,12,2024-07-13,Decoración,R1,28-54
1643,241,0,Lámpara de mesa,62.35,3,2024-07-13,Decoración,,0.0
1644,691,0,Lámpara de mesa,111.59,2,2024-07-13,Decoración,,0.0
1645,1123,0,Microondas,46.62,7,2024-07-13,Electrodomésticos,,0.0
1646,1755,0,Lavadora,36.52,9,2024-07-13,Electrodomésticos,,0.0
1647,1985,0,Lavadora,93.3,2,2024-07-13,Electrodomésticos,,0.0
1648,1997,0,Horno eléctrico,81.81,5,2024-07-13,Electrodomésticos,,0.0
1649,2425,133,Auriculares,99.13,7,2024-07-13,Electrónica,R3,0.0
1650,2469,0,Proyector,52.56,8,2024-07-13,Electrónica,,0.0
1651,2927,0,Cámara digital,103.18,9,2024-07-13,Electrónica,,0.0
1652,964,0,Jarrón decorativo,43.3,7,2024-07-14,Decoración,,0.0
1653,1078,151,Cafetera,38.47,1,2024-07-14,Electrodomésticos,R1,0.0
1654,2247,0,Cámara digital,28.06,7,2024-07-14,Electrónica,,0.0
1655,2495,133,Auriculares,107.82,4,2024-07-14,Electrónica,R3,0.0
1656,2911,0,Parlantes Bluetooth,63.27,2,2024-07-14,Electrónica,,0.0
1657,105,111,Alfombra,43.53,9,2024-07-15,Decoración,R1,28-54
1658,149,0,Candelabro,29.77,9,2024-07-15,Decoración,,0.0
1659,173,0,Espejo decorativo,96.39,6,2024-07-15,Decoración,,0.0
1660,783,0,Espejo decorativo,80.56,7,2024-07-15,Decoración,,0.0
1661,1373,0,Microondas,86.33,2,2024-07-15,Electrodomésticos,,0.0
1662,1494,122,Aspiradora,82.5,6,2024-07-15,Electrodomésticos,R2,0.0
1663,1533,0,Microondas,71.18,9,2024-07-15,Electrodomésticos,,0.0
1664,1604,123,Aspiradora,99.9,8,2024-07-15,Electrodomésticos,R3,0.0
1665,2625,132,Auriculares,77.33,6,2024-07-15,Electrónica,R2,0.0
1666,2991,0,Televisor,92.33,4,2024-07-15,Electrónica,,0.0
1667,63,0,Espejo decorativo,57.27,11,2024-07-16,Decoración,,0.0
1668,200,103,Adorno de pared,110.4,5,2024-07-16,Decoración,R3,91-120
1669,201,0,Lámpara de mesa,58.19,1,2024-07-16,Decoración,,0.0
1670,298,0,Rincón de plantas,29.59,12,2024-07-16,Decoración,,0.0
1671,1037,0,Horno eléctrico,120.58,8,2024-07-16,Electrodomésticos,,0.0
1672,1795,0,Lavadora,83.14,8,2024-07-16,Electrodomésticos,,0.0
1673,1824,121,Aspiradora,44.78,12,2024-07-16,Electrodomésticos,R1,0.0
1674,1926,0,Secadora,42.19,2,2024-07-16,Electrodomésticos,,0.0
1675,2280,0,Consola de videojuegos,108.67,3,2024-07-16,Electrónica,,0.0
1676,129,0,Candelabro,85.59,5,2024-07-17,Decoración,,0.0
1677,1047,0,Horno eléctrico,96.67,3,2024-07-17,Electrodomésticos,,0.0
1678,1135,0,Lavadora,55.01,12,2024-07-17,Electrodomésticos,,0.0
1679,1653,0,Microondas,124.64,9,2024-07-17,Electrodomésticos,,0.0
1680,1862,0,Microondas,51.41,6,2024-07-17,Electrodomésticos,,0.0
1681,1910,0,Plancha de vapor,75.65,5,2024-07-17,Electrodomésticos,,0.0
1682,1947,0,Horno eléctrico,54.93,7,2024-07-17,Electrodomésticos,,0.0
1683,2570,0,Consola de videojuegos,122.81,6,2024-07-17,Electrónica,,0.0
1684,2643,0,Smartphone,97.36,1,2024-07-17,Electrónica,,0.0
1685,369,0,Candelabro,72.98,11,2024-07-18,Decoración,,0.0
1686,1170,0,Plancha de vapor,30.39,11,2024-07-18,Electrodomésticos,,0.0
1687,1237,0,Horno eléctrico,35.48,8,2024-07-18,Electrodomésticos,,0.0
1688,1614,121,Aspiradora,56.92,7,2024-07-18,Electrodomésticos,R1,0.0
1689,1663,0,Microondas,60.51,10,2024-07-18,Electrodomésticos,,0.0
1690,1714,122,Aspiradora,75.51,12,2024-07-18,Electrodomésticos,R2,0.0
1691,2834,132,Auriculares,65.34,4,2024-07-18,Electrónica,R2,0.0
1692,2855,131,Auriculares,57.89,2,2024-07-18,Electrónica,R1,0.0
1693,155,112,Alfombra,79.26,10,2024-07-19,Decoración,R2,54-89
1694,157,0,Elementos de cerámica,48.72,12,2024-07-19,Decoración,,0.0
1695,2350,0,Consola de videojuegos,90.18,4,2024-07-19,Electrónica,,0.0
1696,2555,131,Auriculares,37.08,1,2024-07-19,Electrónica,R1,0.0
1697,2567,0,Cámara digital,47.38,6,2024-07-19,Electrónica,,0.0
1698,2954,132,Auriculares,86.93,7,2024-07-19,Electrónica,R2,0.0
1699,37,0,Elementos de cerámica,38.64,1,2024-07-20,Decoración,,0.0
1700,87,0,Elementos de cerámica,38.79,3,2024-07-20,Decoración,,0.0
1701,391,0,Lámpara de mesa,56.98,2,2024-07-20,Decoración,,0.0
1702,488,0,Rincón de plantas,114.92,1,2024-07-20,Decoración,,0.0
1703,1157,0,Horno eléctrico,56.94,4,2024-07-20,Electrodomésticos,,0.0
1704,1333,0,Microondas,95.29,8,2024-07-20,Electrodomésticos,,0.0
1705,1364,122,Aspiradora,68.72,11,2024-07-20,Electrodomésticos,R2,0.0
1706,1909,0,Batidora,124.45,5,2024-07-20,Electrodomésticos,,0.0
1707,2184,131,Auriculares,31.39,2,2024-07-20,Electrónica,R1,0.0
1708,2326,0,Laptop,52.68,11,2024-07-20,Electrónica,,0.0
1709,2484,132,Auriculares,76.32,10,2024-07-20,Electrónica,R2,0.0
1710,2866,0,Laptop,47.15,1,2024-07-20,Electrónica,,0.0
1711,77,0,Elementos de cerámica,121.49,8,2024-07-21,Decoración,,0.0
1712,1195,0,Lavadora,88.93,5,2024-07-21,Electrodomésticos,,0.0
1713,1402,0,Microondas,80.75,9,2024-07-21,Electrodomésticos,,0.0
1714,1491,0,Freidora eléctrica,48.86,1,2024-07-21,Electrodomésticos,,0.0
1715,2314,132,Auriculares,68.94,9,2024-07-21,Electrónica,R2,0.0
1716,2362,0,Televisor,58.05,11,2024-07-21,Electrónica,,0.0
1717,2596,0,Laptop,52.44,4,2024-07-21,Electrónica,,0.0
1718,121,0,Lámpara de mesa,60.27,9,2024-07-22,Decoración,,0.0
1719,258,0,Rincón de plantas,52.21,9,2024-07-22,Decoración,,0.0
1720,870,102,Adorno de pared,85.11,4,2024-07-22,Decoración,R2,66-91
1721,1249,142,Batidora,79.15,10,2024-07-22,Electrodomésticos,R2,0.0
1722,2799,0,Proyector,97.23,8,2024-07-22,Electrónica,,0.0
1723,12,191,Cuadro decorativo,59.33,1,2024-07-23,Decoración,R1,0.0
1724,602,192,Cuadro decorativo,76.58,11,2024-07-23,Decoración,R2,0.0
1725,1444,123,Aspiradora,118.58,2,2024-07-23,Electrodomésticos,R3,0.0
1726,1847,0,Horno eléctrico,113.06,6,2024-07-23,Electrodomésticos,,0.0
1727,2221,0,Parlantes Bluetooth,64.92,2,2024-07-23,Electrónica,,0.0
1728,2397,0,Cámara digital,56.77,4,2024-07-23,Electrónica,,0.0
1729,2524,132,Auriculares,74.77,7,2024-07-23,Electrónica,R2,0.0
1730,554,0,Jarrón decorativo,97.67,7,2024-07-24,Decoración,,0.0
1731,1016,0,Secadora,28.8,12,2024-07-24,Electrodomésticos,,0.0
1732,1397,0,Horno eléctrico,63.21,2,2024-07-24,Electrodomésticos,,0.0
1733,1575,0,Lavadora,47.7,9,2024-07-24,Electrodomésticos,,0.0
1734,1745,0,Lavadora,92.94,8,2024-07-24,Electrodomésticos,,0.0
1735,1816,0,Secadora,47.25,4,2024-07-24,Electrodomésticos,,0.0
1736,2023,0,Smartphone,105.76,12,2024-07-24,Electrónica,,0.0
1737,2070,0,Consola de videojuegos,39.85,6,2024-07-24,Electrónica,,0.0
1738,2593,0,Smartphone,123.47,7,2024-07-24,Electrónica,,0.0
1739,32,191,Cuadro decorativo,26.37,6,2024-07-25,Decoración,R1,0.0
1740,309,0,Candelabro,77.84,8,2024-07-25,Decoración,,0.0
1741,321,0,Lámpara de mesa,54.66,7,2024-07-25,Decoración,,0.0
1742,473,0,Espejo decorativo,83.21,1,2024-07-25,Decoración,,0.0
1743,1220,0,Plancha de vapor,74.88,1,2024-07-25,Electrodomésticos,,0.0
1744,1231,0,Freidora eléctrica,98.69,3,2024-07-25,Electrodomésticos,,0.0
1745,1279,141,Batidora,42.67,10,2024-07-25,Electrodomésticos,R1,0.0
1746,2709,0,Proyector,108.23,6,2024-07-25,Electrónica,,0.0
1747,2891,0,Parlantes Bluetooth,31.28,12,2024-07-25,Electrónica,,0.0
1748,3000,0,Parlantes Bluetooth,78.55,11,2024-07-25,Electrónica,,0.0
1749,1242,0,Microondas,70.09,9,2024-07-26,Electrodomésticos,,0.0
1750,2301,0,Parlantes Bluetooth,61.21,9,2024-07-26,Electrónica,,0.0
1751,2390,0,Consola de videojuegos,108.3,4,2024-07-26,Electrónica,,0.0
1752,2561,0,Parlantes Bluetooth,28.91,1,2024-07-26,Electrónica,,0.0
1753,2712,0,Televisor,57.13,8,2024-07-26,Electrónica,,0.0
1754,2857,0,Cámara digital,102.7,10,2024-07-26,Electrónica,,0.0
1755,2901,0,Parlantes Bluetooth,93.37,10,2024-07-26,Electrónica,,0.0
1756,290,103,Adorno de pared,100.5,12,2024-07-27,Decoración,R3,91-120
1757,1827,0,Horno eléctrico,97.56,9,2024-07-27,Electrodomésticos,,0.0
1758,1829,143,Batidora,96.16,1,2024-07-27,Electrodomésticos,R3,0.0
1759,2045,133,Auriculares,94.17,5,2024-07-27,Electrónica,R3,0.0
1760,2518,0,SmartWatch,114.56,3,2024-07-27,Electrónica,,0.0
1761,2853,0,Smartphone,69.68,1,2024-07-27,Electrónica,,0.0
1762,631,0,Lámpara de mesa,111.73,5,2024-07-28,Decoración,,0.0
1763,1213,0,Microondas,57.17,5,2024-07-28,Electrodomésticos,,0.0
1764,1506,0,Secadora,98.85,11,2024-07-28,Electrodomésticos,,0.0
1765,1561,0,Freidora eléctrica,88.22,12,2024-07-28,Electrodomésticos,,0.0
1766,1811,0,Freidora eléctrica,50.06,3,2024-07-28,Electrodomésticos,,0.0
1767,2159,0,Proyector,38.48,6,2024-07-28,Electrónica,,0.0
1768,2491,0,Parlantes Bluetooth,123.5,9,2024-07-28,Electrónica,,0.0
1769,2786,0,Laptop,123.95,11,2024-07-28,Electrónica,,0.0
1770,571,0,Lámpara de mesa,82.77,9,2024-07-29,Decoración,,0.0
1771,845,111,Alfombra,46.7,3,2024-07-29,Decoración,R1,28-54
1772,1375,0,Lavadora,78.13,5,2024-07-29,Electrodomésticos,,0.0
1773,1413,0,Microondas,39.87,11,2024-07-29,Electrodomésticos,,0.0
1774,1505,0,Lavadora,78.11,12,2024-07-29,Electrodomésticos,,0.0
1775,1915,0,Lavadora,106.83,12,2024-07-29,Electrodomésticos,,0.0
1776,791,0,Lámpara de mesa,32.02,6,2024-07-30,Decoración,,0.0
1777,826,0,Cortinas,61.22,1,2024-07-30,Decoración,,0.0
1778,1317,0,Horno eléctrico,62.18,1,2024-07-30,Electrodomésticos,,0.0
1779,1723,0,Microondas,103.6,9,2024-07-30,Electrodomésticos,,0.0
1780,2054,0,Tablet,96.64,9,2024-07-30,Electrónica,,0.0
1781,2318,0,SmartWatch,122.04,9,2024-07-30,Electrónica,,0.0
1782,2372,0,Televisor,36.05,7,2024-07-30,Electrónica,,0.0
1783,2475,132,Auriculares,78.96,1,2024-07-30,Electrónica,R2,0.0
1784,2628,0,SmartWatch,97.44,7,2024-07-30,Electrónica,,0.0
1785,2722,0,Televisor,61.6,11,2024-07-30,Electrónica,,0.0
1786,2762,0,Televisor,107.05,11,2024-07-30,Electrónica,,0.0
1787,1068,151,Cafetera,26.3,1,2024-07-31,Electrodomésticos,R1,0.0
1788,1458,152,Cafetera,86.92,3,2024-07-31,Electrodomésticos,R2,0.0
1789,1475,0,Lavadora,103.8,10,2024-07-31,Electrodomésticos,,0.0
1790,1944,121,Aspiradora,55.59,1,2024-07-31,Electrodomésticos,R1,0.0
1791,2130,0,Consola de videojuegos,41.12,6,2024-07-31,Electrónica,,0.0
1792,2225,132,Auriculares,66.16,7,2024-07-31,Electrónica,R2,0.0
1793,2408,0,SmartWatch,101.54,5,2024-07-31,Electrónica,,0.0
1794,2488,0,SmartWatch,71.56,5,2024-07-31,Electrónica,,0.0
1795,139,0,Candelabro,114.3,2,2024-08-01,Decoración,,0.0
1796,423,0,Espejo decorativo,115.45,4,2024-08-01,Decoración,,0.0
1797,533,0,Espejo decorativo,94.06,6,2024-08-01,Decoración,,0.0
1798,860,101,Adorno de pared,49.28,9,2024-08-01,Decoración,R1,25-66
1799,1155,0,Lavadora,109.09,3,2024-08-01,Electrodomésticos,,0.0
1800,1331,0,Freidora eléctrica,116.97,2,2024-08-01,Electrodomésticos,,0.0
1801,1854,123,Aspiradora,103.99,8,2024-08-01,Electrodomésticos,R3,0.0
1802,2050,0,Consola de videojuegos,88.73,12,2024-08-01,Electrónica,,0.0
1803,2439,0,Proyector,59.08,3,2024-08-01,Electrónica,,0.0
1804,2452,0,Televisor,83.17,8,2024-08-01,Electrónica,,0.0
1805,2592,0,Televisor,106.91,2,2024-08-01,Electrónica,,0.0
1806,2641,0,Parlantes Bluetooth,47.01,11,2024-08-01,Electrónica,,0.0
1807,535,113,Alfombra,115.82,1,2024-08-02,Decoración,R3,89-125
1808,692,192,Cuadro decorativo,76.69,2,2024-08-02,Decoración,R2,0.0
1809,1002,0,Microondas,62.61,8,2024-08-02,Electrodomésticos,,0.0
1810,1208,151,Cafetera,54.34,4,2024-08-02,Electrodomésticos,R1,0.0
1811,1278,152,Cafetera,67.33,8,2024-08-02,Electrodomésticos,R2,0.0
1812,1483,0,Microondas,69.18,7,2024-08-02,Electrodomésticos,,0.0
1813,1902,0,Microondas,75.91,3,2024-08-02,Electrodomésticos,,0.0
1814,2216,0,Laptop,116.31,11,2024-08-02,Electrónica,,0.0
1815,2880,0,Consola de videojuegos,79.76,12,2024-08-02,Electrónica,,0.0
1816,2937,0,Cámara digital,96.88,6,2024-08-02,Electrónica,,0.0
1817,174,0,Jarrón decorativo,52.5,3,2024-08-03,Decoración,,0.0
1818,525,111,Alfombra,29.53,12,2024-08-03,Decoración,R1,28-54
1819,528,0,Rincón de plantas,83.39,6,2024-08-03,Decoración,,0.0
1820,1398,151,Cafetera,26.98,10,2024-08-03,Electrodomésticos,R1,0.0
1821,1531,0,Freidora eléctrica,43.88,9,2024-08-03,Electrodomésticos,,0.0
1822,1717,0,Horno eléctrico,88.26,8,2024-08-03,Electrodomésticos,,0.0
1823,2093,0,Smartphone,70.7,7,2024-08-03,Electrónica,,0.0
1824,2514,0,Tablet,79.99,10,2024-08-03,Electrónica,,0.0
1825,2563,0,Smartphone,90.19,1,2024-08-03,Electrónica,,0.0
1826,2737,0,Cámara digital,60.78,8,2024-08-03,Electrónica,,0.0
1827,264,0,Jarrón decorativo,53.14,5,2024-08-04,Decoración,,0.0
1828,372,193,Cuadro decorativo,124.83,6,2024-08-04,Decoración,R3,0.0
1829,748,0,Rincón de plantas,115.76,3,2024-08-04,Decoración,,0.0
1830,1013,0,Microondas,67.16,1,2024-08-04,Electrodomésticos,,0.0
1831,1019,142,Batidora,73.65,10,2024-08-04,Electrodomésticos,R2,0.0
1832,1438,153,Cafetera,111.47,8,2024-08-04,Electrodomésticos,R3,0.0
1833,1661,0,Freidora eléctrica,88.82,2,2024-08-04,Electrodomésticos,,0.0
1834,1775,0,Lavadora,114.48,6,2024-08-04,Electrodomésticos,,0.0
1835,2114,0,Tablet,64.99,3,2024-08-04,Electrónica,,0.0
1836,2336,0,Laptop,42.58,9,2024-08-04,Electrónica,,0.0
1837,2578,0,SmartWatch,26.11,7,2024-08-04,Electrónica,,0.0
1838,2620,0,Consola de videojuegos,51.74,7,2024-08-04,Electrónica,,0.0
1839,2717,0,Cámara digital,70.28,6,2024-08-04,Electrónica,,0.0
1840,2800,0,Consola de videojuegos,121.62,2,2024-08-04,Electrónica,,0.0
1841,1174,122,Aspiradora,69.14,8,2024-08-05,Electrodomésticos,R2,0.0
1842,1405,0,Lavadora,68.06,10,2024-08-05,Electrodomésticos,,0.0
1843,2042,0,Televisor,44.97,4,2024-08-05,Electrónica,,0.0
1844,2549,0,Proyector,69.11,11,2024-08-05,Electrónica,,0.0
1845,2729,0,Proyector,56.29,11,2024-08-05,Electrónica,,0.0
1846,2790,0,Consola de videojuegos,83.7,1,2024-08-05,Electrónica,,0.0
1847,1312,0,Microondas,118.1,10,2024-08-06,Electrodomésticos,,0.0
1848,1419,141,Batidora,60.56,1,2024-08-06,Electrodomésticos,R1,0.0
1849,1500,0,Plancha de vapor,29.66,12,2024-08-06,Electrodomésticos,,0.0
1850,1683,0,Microondas,120.94,2,2024-08-06,Electrodomésticos,,0.0
1851,1757,0,Horno eléctrico,34.07,8,2024-08-06,Electrodomésticos,,0.0
1852,2299,0,Proyector,78.69,2,2024-08-06,Electrónica,,0.0
1853,843,0,Espejo decorativo,32.8,12,2024-08-07,Decoración,,0.0
1854,1017,0,Horno eléctrico,114.97,8,2024-08-07,Electrodomésticos,,0.0
1855,1284,121,Aspiradora,31.94,7,2024-08-07,Electrodomésticos,R1,0.0
1856,2249,0,Proyector,78.26,9,2024-08-07,Electrónica,,0.0
1857,2922,0,Televisor,115.66,12,2024-08-07,Electrónica,,0.0
1858,1406,0,Secadora,113.35,8,2024-08-08,Electrodomésticos,,0.0
1859,1580,0,Plancha de vapor,103.76,7,2024-08-08,Electrodomésticos,,0.0
1860,1725,0,Lavadora,38.16,6,2024-08-08,Electrodomésticos,,0.0
1861,1922,0,Microondas,58.19,6,2024-08-08,Electrodomésticos,,0.0
1862,2815,133,Auriculares,117.07,12,2024-08-08,Electrónica,R3,0.0
1863,2839,0,Proyector,41.28,12,2024-08-08,Electrónica,,0.0
1864,586,0,Cortinas,31.36,7,2024-08-09,Decoración,,0.0
1865,739,0,Candelabro,36.73,11,2024-08-09,Decoración,,0.0
1866,1202,0,Microondas,119.25,11,2024-08-09,Electrodomésticos,,0.0
1867,1654,122,Aspiradora,83.9,1,2024-08-09,Electrodomésticos,R2,0.0
1868,1809,141,Batidora,42.42,4,2024-08-09,Electrodomésticos,R1,0.0
1869,2798,0,SmartWatch,56.58,12,2024-08-09,Electrónica,,0.0
1870,2989,0,Televisor,79.99,4,2024-08-09,Electrónica,,0.0
1871,295,111,Alfombra,38.83,10,2024-08-10,Decoración,R1,28-54
1872,1259,142,Batidora,71.83,12,2024-08-10,Electrodomésticos,R2,0.0
1873,2076,0,Laptop,111.86,2,2024-08-10,Electrónica,,0.0
1874,2078,0,SmartWatch,107.98,8,2024-08-10,Electrónica,,0.0
1875,2186,0,Laptop,55.27,5,2024-08-10,Electrónica,,0.0
1876,289,0,Candelabro,52.41,1,2024-08-11,Decoración,,0.0
1877,1289,142,Batidora,76.71,7,2024-08-11,Electrodomésticos,R2,0.0
1878,1695,0,Lavadora,50.81,2,2024-08-11,Electrodomésticos,,0.0
1879,2153,0,Smartphone,31.39,4,2024-08-11,Electrónica,,0.0
1880,2622,0,Televisor,109.28,8,2024-08-11,Electrónica,,0.0
1881,2665,133,Auriculares,120.36,2,2024-08-11,Electrónica,R3,0.0
1882,126,0,Cortinas,113.78,1,2024-08-12,Decoración,,0.0
1883,148,0,Rincón de plantas,105.27,6,2024-08-12,Decoración,,0.0
1884,246,0,Cortinas,57.72,7,2024-08-12,Decoración,,0.0
1885,700,101,Adorno de pared,41.59,1,2024-08-12,Decoración,R1,25-66
1886,938,0,Rincón de plantas,83.79,4,2024-08-12,Decoración,,0.0
1887,1678,152,Cafetera,66.74,11,2024-08-12,Electrodomésticos,R2,0.0
1888,1801,0,Freidora eléctrica,60.25,3,2024-08-12,Electrodomésticos,,0.0
1889,2139,0,Proyector,119.08,3,2024-08-12,Electrónica,,0.0
1890,2257,0,Cámara digital,55.52,2,2024-08-12,Electrónica,,0.0
1891,101,0,Lámpara de mesa,40.25,12,2024-08-13,Decoración,,0.0
1892,1299,143,Batidora,93.1,3,2024-08-13,Electrodomésticos,R3,0.0
1893,1514,122,Aspiradora,82.69,3,2024-08-13,Electrodomésticos,R2,0.0
1894,1589,141,Batidora,36.18,7,2024-08-13,Electrodomésticos,R1,0.0
1895,2016,0,Laptop,44.12,10,2024-08-13,Electrónica,,0.0
1896,2224,0,Tablet,68.29,3,2024-08-13,Electrónica,,0.0
1897,2894,0,Tablet,28.58,7,2024-08-13,Electrónica,,0.0
1898,207,0,Elementos de cerámica,84.02,3,2024-08-14,Decoración,,0.0
1899,1054,122,Aspiradora,86.59,2,2024-08-14,Electrodomésticos,R2,0.0
1900,1256,0,Secadora,29.77,7,2024-08-14,Electrodomésticos,,0.0
1901,1625,0,Lavadora,121.45,3,2024-08-14,Electrodomésticos,,0.0
1902,1957,0,Horno eléctrico,81.89,3,2024-08-14,Electrodomésticos,,0.0
1903,2072,0,Televisor,101.44,11,2024-08-14,Electrónica,,0.0
1904,2260,0,Consola de videojuegos,88.37,4,2024-08-14,Electrónica,,0.0
1905,2407,0,Cámara digital,38.69,1,2024-08-14,Electrónica,,0.0
1906,2637,0,Cámara digital,64.62,10,2024-08-14,Electrónica,,0.0
1907,168,0,Rincón de plantas,115.04,9,2024-08-15,Decoración,,0.0
1908,392,192,Cuadro decorativo,81.56,2,2024-08-15,Decoración,R2,0.0
1909,651,0,Lámpara de mesa,76.58,11,2024-08-15,Decoración,,0.0
1910,1421,0,Freidora eléctrica,78.39,6,2024-08-15,Electrodomésticos,,0.0
1911,1591,0,Freidora eléctrica,87.9,12,2024-08-15,Electrodomésticos,,0.0
1912,1894,121,Aspiradora,55.65,5,2024-08-15,Electrodomésticos,R1,0.0
1913,2307,0,Cámara digital,50.6,6,2024-08-15,Electrónica,,0.0
1914,2967,0,Cámara digital,75.37,3,2024-08-15,Electrónica,,0.0
1915,170,101,Adorno de pared,36.04,11,2024-08-16,Decoración,R1,25-66
1916,469,0,Candelabro,105.2,10,2024-08-16,Decoración,,0.0
1917,1105,0,Lavadora,116.72,4,2024-08-16,Electrodomésticos,,0.0
1918,2639,0,Proyector,27.45,4,2024-08-16,Electrónica,,0.0
1919,245,111,Alfombra,44.82,11,2024-08-17,Decoración,R1,28-54
1920,1950,0,Plancha de vapor,99.29,1,2024-08-17,Electrodomésticos,,0.0
1921,2395,132,Auriculares,74.82,11,2024-08-17,Electrónica,R2,0.0
1922,2564,0,Tablet,39.66,6,2024-08-17,Electrónica,,0.0
1923,2791,0,Parlantes Bluetooth,90.88,10,2024-08-17,Electrónica,,0.0
1924,2963,0,Smartphone,62.46,6,2024-08-17,Electrónica,,0.0
1925,744,0,Jarrón decorativo,95.38,7,2024-08-18,Decoración,,0.0
1926,1153,0,Microondas,111.78,5,2024-08-18,Electrodomésticos,,0.0
1927,1339,143,Batidora,105.41,1,2024-08-18,Electrodomésticos,R3,0.0
1928,2199,0,Proyector,67.25,3,2024-08-18,Electrónica,,0.0
1929,2229,0,Proyector,66.77,6,2024-08-18,Electrónica,,0.0
1930,2540,0,Consola de videojuegos,77.43,6,2024-08-18,Electrónica,,0.0
1931,271,0,Lámpara de mesa,107.31,2,2024-08-19,Decoración,,0.0
1932,429,0,Candelabro,104.11,5,2024-08-19,Decoración,,0.0
1933,647,0,Elementos de cerámica,49.52,3,2024-08-19,Decoración,,0.0
1934,689,0,Candelabro,116.57,3,2024-08-19,Decoración,,0.0
1935,115,112,Alfombra,54.17,6,2024-08-20,Decoración,R2,54-89
1936,133,0,Espejo decorativo,76.22,11,2024-08-20,Decoración,,0.0
1937,180,103,Adorno de pared,118.38,11,2024-08-20,Decoración,R3,91-120
1938,274,0,Jarrón decorativo,72.43,3,2024-08-20,Decoración,,0.0
1939,540,103,Adorno de pared,110.5,3,2024-08-20,Decoración,R3,91-120
1940,611,0,Lámpara de mesa,44.94,7,2024-08-20,Decoración,,0.0
1941,638,0,Rincón de plantas,88.0,5,2024-08-20,Decoración,,0.0
1942,710,102,Adorno de pared,78.73,11,2024-08-20,Decoración,R2,66-91
1943,1609,142,Batidora,79.45,8,2024-08-20,Electrodomésticos,R2,0.0
1944,1688,153,Cafetera,112.14,3,2024-08-20,Electrodomésticos,R3,0.0
1945,2494,0,Tablet,94.1,1,2024-08-20,Electrónica,,0.0
1946,2537,0,Cámara digital,74.1,9,2024-08-20,Electrónica,,0.0
1947,2575,131,Auriculares,39.02,9,2024-08-20,Electrónica,R1,0.0
1948,2862,0,Televisor,62.63,8,2024-08-20,Electrónica,,0.0
1949,35,112,Alfombra,65.8,11,2024-08-21,Decoración,R2,54-89
1950,508,0,Rincón de plantas,36.76,2,2024-08-21,Decoración,,0.0
1951,940,102,Adorno de pared,67.34,4,2024-08-21,Decoración,R2,66-91
1952,1022,0,Microondas,56.15,5,2024-08-21,Electrodomésticos,,0.0
1953,1124,122,Aspiradora,92.55,4,2024-08-21,Electrodomésticos,R2,0.0
1954,1143,0,Microondas,52.36,7,2024-08-21,Electrodomésticos,,0.0
1955,1665,0,Lavadora,102.79,9,2024-08-21,Electrodomésticos,,0.0
1956,1693,0,Microondas,91.88,5,2024-08-21,Electrodomésticos,,0.0
1957,2021,0,Parlantes Bluetooth,82.26,2,2024-08-21,Electrónica,,0.0
1958,2160,0,Consola de videojuegos,92.56,3,2024-08-21,Electrónica,,0.0
1959,2338,0,SmartWatch,36.21,1,2024-08-21,Electrónica,,0.0
1960,203,0,Espejo decorativo,28.98,6,2024-08-22,Decoración,,0.0
1961,404,0,Jarrón decorativo,45.82,8,2024-08-22,Decoración,,0.0
1962,490,103,Adorno de pared,108.27,8,2024-08-22,Decoración,R3,91-120
1963,504,0,Jarrón decorativo,54.62,3,2024-08-22,Decoración,,0.0
1964,747,0,Elementos de cerámica,32.85,10,2024-08-22,Decoración,,0.0
1965,1060,0,Plancha de vapor,59.64,12,2024-08-22,Electrodomésticos,,0.0
1966,1467,0,Horno eléctrico,74.55,10,2024-08-22,Electrodomésticos,,0.0
1967,2156,0,Laptop,62.54,7,2024-08-22,Electrónica,,0.0
1968,2215,133,Auriculares,124.96,8,2024-08-22,Electrónica,R3,0.0
1969,2508,0,SmartWatch,63.29,3,2024-08-22,Electrónica,,0.0
1970,2517,0,Cámara digital,68.19,6,2024-08-22,Electrónica,,0.0
1971,2892,0,Televisor,76.02,9,2024-08-22,Electrónica,,0.0
1972,230,102,Adorno de pared,88.01,1,2024-08-23,Decoración,R2,66-91
1973,869,0,Candelabro,124.78,4,2024-08-23,Decoración,,0.0
1974,955,113,Alfombra,93.23,7,2024-08-23,Decoración,R3,89-125
1975,1039,141,Batidora,55.47,1,2024-08-23,Electrodomésticos,R1,0.0
1976,1635,0,Lavadora,99.24,7,2024-08-23,Electrodomésticos,,0.0
1977,1939,142,Batidora,74.11,10,2024-08-23,Electrodomésticos,R2,0.0
1978,2048,0,SmartWatch,53.91,2,2024-08-23,Electrónica,,0.0
1979,2241,0,Parlantes Bluetooth,48.93,8,2024-08-23,Electrónica,,0.0
1980,2535,133,Auriculares,95.54,11,2024-08-23,Electrónica,R3,0.0
1981,412,192,Cuadro decorativo,67.79,9,2024-08-24,Decoración,R2,0.0
1982,450,102,Adorno de pared,79.85,6,2024-08-24,Decoración,R2,66-91
1983,604,0,Jarrón decorativo,124.57,11,2024-08-24,Decoración,,0.0
1984,823,0,Espejo decorativo,99.07,6,2024-08-24,Decoración,,0.0
1985,1074,121,Aspiradora,31.76,8,2024-08-24,Electrodomésticos,R1,0.0
1986,1114,122,Aspiradora,86.38,10,2024-08-24,Electrodomésticos,R2,0.0
1987,2161,0,Parlantes Bluetooth,63.4,8,2024-08-24,Electrónica,,0.0
1988,2382,0,Televisor,94.9,4,2024-08-24,Electrónica,,0.0
1989,2648,0,SmartWatch,77.68,2,2024-08-24,Electrónica,,0.0
1990,2966,0,Laptop,69.21,2,2024-08-24,Electrónica,,0.0
1991,803,0,Espejo decorativo,91.66,1,2024-08-25,Decoración,,0.0
1992,1162,0,Microondas,63.69,11,2024-08-25,Electrodomésticos,,0.0
1993,1338,151,Cafetera,37.1,7,2024-08-25,Electrodomésticos,R1,0.0
1994,1935,0,Lavadora,109.94,2,2024-08-25,Electrodomésticos,,0.0
1995,1962,0,Microondas,93.59,6,2024-08-25,Electrodomésticos,,0.0
1996,2527,0,Cámara digital,60.1,7,2024-08-25,Electrónica,,0.0
1997,2681,0,Parlantes Bluetooth,91.54,12,2024-08-25,Electrónica,,0.0
1998,675,112,Alfombra,64.25,10,2024-08-26,Decoración,R2,54-89
1999,807,0,Elementos de cerámica,52.14,9,2024-08-26,Decoración,,0.0
2000,866,0,Cortinas,100.33,8,2024-08-26,Decoración,,0.0
2001,1130,0,Plancha de vapor,81.76,11,2024-08-26,Electrodomésticos,,0.0
2002,1612,0,Microondas,54.26,5,2024-08-26,Electrodomésticos,,0.0
2003,2300,0,Consola de videojuegos,51.18,8,2024-08-26,Electrónica,,0.0
2004,2423,0,Smartphone,110.79,1,2024-08-26,Electrónica,,0.0
2005,2804,0,Tablet,90.14,11,2024-08-26,Electrónica,,0.0
2006,248,0,Rincón de plantas,81.89,4,2024-08-27,Decoración,,0.0
2007,789,0,Candelabro,44.07,5,2024-08-27,Decoración,,0.0
2008,1869,141,Batidora,46.9,7,2024-08-27,Electrodomésticos,R1,0.0
2009,2243,0,Smartphone,101.0,1,2024-08-27,Electrónica,,0.0
2010,2298,0,SmartWatch,51.84,1,2024-08-27,Electrónica,,0.0
2011,2539,0,Proyector,33.87,7,2024-08-27,Electrónica,,0.0
2012,2806,0,Laptop,124.86,5,2024-08-27,Electrónica,,0.0
2013,2928,0,SmartWatch,50.23,8,2024-08-27,Electrónica,,0.0
2014,11,0,Lámpara de mesa,82.36,12,2024-08-28,Decoración,,0.0
2015,397,0,Elementos de cerámica,40.29,2,2024-08-28,Decoración,,0.0
2016,480,103,Adorno de pared,117.68,10,2024-08-28,Decoración,R3,91-120
2017,579,0,Lámpara de mesa,92.26,7,2024-08-28,Decoración,,0.0
2018,1342,0,Microondas,113.71,12,2024-08-28,Electrodomésticos,,0.0
2019,1507,0,Horno eléctrico,68.25,5,2024-08-28,Electrodomésticos,,0.0
2020,1994,123,Aspiradora,109.08,7,2024-08-28,Electrodomésticos,R3,0.0
2021,2460,0,Consola de videojuegos,31.43,12,2024-08-28,Electrónica,,0.0
2022,2531,0,Parlantes Bluetooth,34.04,4,2024-08-28,Electrónica,,0.0
2023,302,192,Cuadro decorativo,80.71,11,2024-08-29,Decoración,R2,0.0
2024,551,0,Lámpara de mesa,67.16,6,2024-08-29,Decoración,,0.0
2025,1737,0,Horno eléctrico,67.71,7,2024-08-29,Electrodomésticos,,0.0
2026,2032,0,Televisor,50.36,12,2024-08-29,Electrónica,,0.0
2027,2142,0,Televisor,85.48,10,2024-08-29,Electrónica,,0.0
2028,2261,0,Parlantes Bluetooth,95.41,3,2024-08-29,Electrónica,,0.0
2029,279,0,Lámpara de mesa,28.85,4,2024-08-30,Decoración,,0.0
2030,484,0,Jarrón decorativo,80.57,6,2024-08-30,Decoración,,0.0
2031,723,0,Espejo decorativo,77.38,1,2024-08-30,Decoración,,0.0
2032,726,0,Cortinas,119.16,6,2024-08-30,Decoración,,0.0
2033,1035,0,Lavadora,75.44,2,2024-08-30,Electrodomésticos,,0.0
2034,1341,0,Freidora eléctrica,38.42,1,2024-08-30,Electrodomésticos,,0.0
2035,1472,0,Microondas,74.36,10,2024-08-30,Electrodomésticos,,0.0
2036,1863,0,Microondas,88.86,9,2024-08-30,Electrodomésticos,,0.0
2037,1960,0,Plancha de vapor,109.54,12,2024-08-30,Electrodomésticos,,0.0
2038,2655,131,Auriculares,56.28,9,2024-08-30,Electrónica,R1,0.0
2039,193,0,Espejo decorativo,121.37,6,2024-08-31,Decoración,,0.0
2040,325,112,Alfombra,84.56,3,2024-08-31,Decoración,R2,54-89
2041,444,0,Jarrón decorativo,36.35,5,2024-08-31,Decoración,,0.0
2042,847,0,Elementos de cerámica,69.36,1,2024-08-31,Decoración,,0.0
2043,922,191,Cuadro decorativo,45.81,7,2024-08-31,Decoración,R1,0.0
2044,1026,0,Secadora,121.19,10,2024-08-31,Electrodomésticos,,0.0
2045,1282,0,Microondas,39.87,10,2024-08-31,Electrodomésticos,,0.0
2046,1523,0,Microondas,91.78,10,2024-08-31,Electrodomésticos,,0.0
2047,2361,0,Parlantes Bluetooth,112.56,8,2024-08-31,Electrónica,,0.0
2048,2642,0,Televisor,98.01,5,2024-08-31,Electrónica,,0.0
2049,280,101,Adorno de pared,29.81,9,2024-09-01,Decoración,R1,25-66
2050,487,0,Elementos de cerámica,30.94,5,2024-09-01,Decoración,,0.0
2051,732,192,Cuadro decorativo,84.51,9,2024-09-01,Decoración,R2,0.0
2052,921,0,Lámpara de mesa,82.78,4,2024-09-01,Decoración,,0.0
2053,1218,151,Cafetera,38.45,9,2024-09-01,Electrodomésticos,R1,0.0
2054,1684,121,Aspiradora,58.65,2,2024-09-01,Electrodomésticos,R1,0.0
2055,2015,132,Auriculares,87.91,5,2024-09-01,Electrónica,R2,0.0
2056,2313,0,Smartphone,103.95,1,2024-09-01,Electrónica,,0.0
2057,2464,0,Tablet,69.17,9,2024-09-01,Electrónica,,0.0
2058,78,0,Rincón de plantas,92.57,5,2024-09-02,Decoración,,0.0
2059,2534,0,Tablet,38.12,5,2024-09-02,Electrónica,,0.0
2060,2599,0,Proyector,78.72,6,2024-09-02,Electrónica,,0.0
2061,2630,0,Consola de videojuegos,79.88,1,2024-09-02,Electrónica,,0.0
2062,2654,0,Tablet,47.46,12,2024-09-02,Electrónica,,0.0
2063,2751,0,Parlantes Bluetooth,70.38,8,2024-09-02,Electrónica,,0.0
2064,2779,0,Proyector,121.82,8,2024-09-02,Electrónica,,0.0
2065,447,0,Elementos de cerámica,88.98,1,2024-09-03,Decoración,,0.0
2066,644,0,Jarrón decorativo,72.73,2,2024-09-03,Decoración,,0.0
2067,2049,0,Proyector,80.4,7,2024-09-03,Electrónica,,0.0
2068,2195,133,Auriculares,122.51,11,2024-09-03,Electrónica,R3,0.0
2069,2796,0,Laptop,58.48,6,2024-09-03,Electrónica,,0.0
2070,2969,0,Proyector,26.99,2,2024-09-03,Electrónica,,0.0
2071,2760,0,Consola de videojuegos,78.13,7,2024-09-04,Electrónica,,0.0
2072,664,0,Jarrón decorativo,100.66,6,2024-09-05,Decoración,,0.0
2073,1149,141,Batidora,34.05,8,2024-09-05,Electrodomésticos,R1,0.0
2074,1207,0,Horno eléctrico,39.34,3,2024-09-05,Electrodomésticos,,0.0
2075,1285,0,Lavadora,103.55,5,2024-09-05,Electrodomésticos,,0.0
2076,1861,0,Freidora eléctrica,110.19,7,2024-09-05,Electrodomésticos,,0.0
2077,2219,0,Proyector,65.3,5,2024-09-05,Electrónica,,0.0
2078,2434,0,Tablet,28.32,9,2024-09-05,Electrónica,,0.0
2079,2936,0,Laptop,124.04,3,2024-09-05,Electrónica,,0.0
2080,176,0,Cortinas,56.9,6,2024-09-06,Decoración,,0.0
2081,216,0,Cortinas,124.97,6,2024-09-06,Decoración,,0.0
2082,467,0,Elementos de cerámica,120.79,12,2024-09-06,Decoración,,0.0
2083,515,111,Alfombra,34.54,10,2024-09-06,Decoración,R1,28-54
2084,665,112,Alfombra,60.18,7,2024-09-06,Decoración,R2,54-89
2085,1255,0,Lavadora,27.12,7,2024-09-06,Electrodomésticos,,0.0
2086,1760,0,Plancha de vapor,60.45,6,2024-09-06,Electrodomésticos,,0.0
2087,1895,0,Lavadora,30.3,9,2024-09-06,Electrodomésticos,,0.0
2088,2405,133,Auriculares,109.22,8,2024-09-06,Electrónica,R3,0.0
2089,2453,0,Smartphone,116.35,6,2024-09-06,Electrónica,,0.0
2090,2616,0,Laptop,79.05,4,2024-09-06,Electrónica,,0.0
2091,2644,0,Tablet,80.89,8,2024-09-06,Electrónica,,0.0
2092,2702,0,Televisor,32.05,6,2024-09-06,Electrónica,,0.0
2093,99,0,Lámpara de mesa,51.99,6,2024-09-07,Decoración,,0.0
2094,519,0,Lámpara de mesa,70.62,3,2024-09-07,Decoración,,0.0
2095,593,0,Espejo decorativo,54.7,6,2024-09-07,Decoración,,0.0
2096,607,0,Elementos de cerámica,52.8,4,2024-09-07,Decoración,,0.0
2097,1171,0,Freidora eléctrica,47.85,9,2024-09-07,Electrodomésticos,,0.0
2098,1383,0,Microondas,91.39,6,2024-09-07,Electrodomésticos,,0.0
2099,2716,0,Laptop,28.73,3,2024-09-07,Electrónica,,0.0
2100,1184,122,Aspiradora,69.85,3,2024-09-08,Electrodomésticos,R2,0.0
2101,1399,143,Batidora,110.91,8,2024-09-08,Electrodomésticos,R3,0.0
2102,1440,0,Plancha de vapor,118.21,7,2024-09-08,Electrodomésticos,,0.0
2103,1486,0,Secadora,90.49,5,2024-09-08,Electrodomésticos,,0.0
2104,2181,0,Parlantes Bluetooth,56.03,12,2024-09-08,Electrónica,,0.0
2105,2193,0,Smartphone,55.63,3,2024-09-08,Electrónica,,0.0
2106,2205,132,Auriculares,70.24,6,2024-09-08,Electrónica,R2,0.0
2107,2360,0,Consola de videojuegos,43.59,7,2024-09-08,Electrónica,,0.0
2108,2723,0,Smartphone,119.21,11,2024-09-08,Electrónica,,0.0
2109,118,0,Rincón de plantas,107.62,6,2024-09-09,Decoración,,0.0
2110,399,0,Lámpara de mesa,35.92,10,2024-09-09,Decoración,,0.0
2111,402,192,Cuadro decorativo,66.46,9,2024-09-09,Decoración,R2,0.0
2112,958,0,Rincón de plantas,118.75,1,2024-09-09,Decoración,,0.0
2113,1053,0,Microondas,112.78,10,2024-09-09,Electrodomésticos,,0.0
2114,1954,122,Aspiradora,79.88,3,2024-09-09,Electrodomésticos,R2,0.0
2115,2066,0,Laptop,113.84,2,2024-09-09,Electrónica,,0.0
2116,2384,0,Tablet,70.83,6,2024-09-09,Electrónica,,0.0
2117,34,0,Jarrón decorativo,124.77,1,2024-09-10,Decoración,,0.0
2118,468,0,Rincón de plantas,48.64,11,2024-09-10,Decoración,,0.0
2119,574,0,Jarrón decorativo,60.15,3,2024-09-10,Decoración,,0.0
2120,818,0,Rincón de plantas,51.02,6,2024-09-10,Decoración,,0.0
2121,1391,0,Freidora eléctrica,56.75,2,2024-09-10,Electrodomésticos,,0.0
2122,1490,0,Plancha de vapor,57.93,6,2024-09-10,Electrodomésticos,,0.0
2123,1573,0,Microondas,121.44,4,2024-09-10,Electrodomésticos,,0.0
2124,41,0,Lámpara de mesa,66.37,8,2024-09-11,Decoración,,0.0
2125,572,191,Cuadro decorativo,35.88,5,2024-09-11,Decoración,R1,0.0
2126,814,0,Jarrón decorativo,67.08,12,2024-09-11,Decoración,,0.0
2127,1404,122,Aspiradora,76.1,11,2024-09-11,Electrodomésticos,R2,0.0
2128,1643,0,Microondas,32.4,12,2024-09-11,Electrodomésticos,,0.0
2129,2327,0,Cámara digital,100.2,12,2024-09-11,Electrónica,,0.0
2130,2346,0,Laptop,104.85,3,2024-09-11,Electrónica,,0.0
2131,377,0,Elementos de cerámica,73.34,9,2024-09-12,Decoración,,0.0
2132,724,0,Jarrón decorativo,76.28,11,2024-09-12,Decoración,,0.0
2133,856,0,Cortinas,86.85,2,2024-09-12,Decoración,,0.0
2134,935,113,Alfombra,97.17,5,2024-09-12,Decoración,R3,89-125
2135,1166,0,Secadora,26.96,2,2024-09-12,Electrodomésticos,,0.0
2136,1270,0,Plancha de vapor,74.28,1,2024-09-12,Electrodomésticos,,0.0
2137,1432,0,Microondas,78.03,8,2024-09-12,Electrodomésticos,,0.0
2138,2279,0,Proyector,85.53,10,2024-09-12,Electrónica,,0.0
2139,2471,0,Parlantes Bluetooth,108.48,1,2024-09-12,Electrónica,,0.0
2140,2497,0,Cámara digital,49.95,5,2024-09-12,Electrónica,,0.0
2141,2720,0,Consola de videojuegos,73.08,7,2024-09-12,Electrónica,,0.0
2142,2828,0,SmartWatch,35.18,12,2024-09-12,Electrónica,,0.0
2143,357,0,Elementos de cerámica,45.05,7,2024-09-13,Decoración,,0.0
2144,682,193,Cuadro decorativo,111.41,11,2024-09-13,Decoración,R3,0.0
2145,943,0,Espejo decorativo,59.88,4,2024-09-13,Decoración,,0.0
2146,1412,0,Microondas,124.18,9,2024-09-13,Electrodomésticos,,0.0
2147,1551,0,Freidora eléctrica,49.4,9,2024-09-13,Electrodomésticos,,0.0
2148,1706,0,Secadora,66.86,5,2024-09-13,Electrodomésticos,,0.0
2149,1851,0,Freidora eléctrica,26.03,5,2024-09-13,Electrodomésticos,,0.0
2150,2795,132,Auriculares,71.49,5,2024-09-13,Electrónica,R2,0.0
2151,2805,131,Auriculares,32.81,7,2024-09-13,Electrónica,R1,0.0
2152,2902,0,Televisor,118.89,2,2024-09-13,Electrónica,,0.0
2153,81,0,Lámpara de mesa,47.34,9,2024-09-14,Decoración,,0.0
2154,192,193,Cuadro decorativo,86.21,5,2024-09-14,Decoración,R3,0.0
2155,456,0,Cortinas,70.41,10,2024-09-14,Decoración,,0.0
2156,877,0,Elementos de cerámica,40.82,12,2024-09-14,Decoración,,0.0
2157,1539,142,Batidora,77.73,4,2024-09-14,Electrodomésticos,R2,0.0
2158,1673,0,Microondas,118.55,12,2024-09-14,Electrodomésticos,,0.0
2159,1689,143,Batidora,96.25,7,2024-09-14,Electrodomésticos,R3,0.0
2160,1838,151,Cafetera,53.01,9,2024-09-14,Electrodomésticos,R1,0.0
2161,1986,0,Secadora,34.34,6,2024-09-14,Electrodomésticos,,0.0
2162,2296,0,Laptop,78.1,9,2024-09-14,Electrónica,,0.0
2163,2521,0,Parlantes Bluetooth,88.72,2,2024-09-14,Electrónica,,0.0
2164,2755,133,Auriculares,118.0,8,2024-09-14,Electrónica,R3,0.0
2165,2986,0,Laptop,75.78,8,2024-09-14,Electrónica,,0.0
2166,247,0,Elementos de cerámica,53.23,5,2024-09-15,Decoración,,0.0
2167,927,0,Elementos de cerámica,53.69,12,2024-09-15,Decoración,,0.0
2168,1593,0,Microondas,46.1,3,2024-09-15,Electrodomésticos,,0.0
2169,2505,132,Auriculares,71.47,7,2024-09-15,Electrónica,R2,0.0
2170,2557,0,Cámara digital,107.02,5,2024-09-15,Electrónica,,0.0
2171,7,0,Elementos de cerámica,123.38,1,2024-09-16,Decoración,,0.0
2172,713,0,Espejo decorativo,104.89,5,2024-09-16,Decoración,,0.0
2173,1266,0,Secadora,77.49,9,2024-09-16,Electrodomésticos,,0.0
2174,1426,0,Secadora,104.23,4,2024-09-16,Electrodomésticos,,0.0
2175,1587,0,Horno eléctrico,52.21,2,2024-09-16,Electrodomésticos,,0.0
2176,1783,0,Microondas,51.23,3,2024-09-16,Electrodomésticos,,0.0
2177,2278,0,SmartWatch,50.2,5,2024-09-16,Electrónica,,0.0
2178,2366,0,Laptop,91.93,4,2024-09-16,Electrónica,,0.0
2179,2526,0,Laptop,64.72,7,2024-09-16,Electrónica,,0.0
2180,2848,0,SmartWatch,33.56,5,2024-09-16,Electrónica,,0.0
2181,2939,0,Proyector,83.38,9,2024-09-16,Electrónica,,0.0
2182,254,0,Jarrón decorativo,80.33,9,2024-09-17,Decoración,,0.0
2183,1038,153,Cafetera,117.28,10,2024-09-17,Electrodomésticos,R3,0.0
2184,1044,121,Aspiradora,47.53,1,2024-09-17,Electrodomésticos,R1,0.0
2185,1191,0,Freidora eléctrica,69.8,6,2024-09-17,Electrodomésticos,,0.0
2186,1363,0,Microondas,104.9,6,2024-09-17,Electrodomésticos,,0.0
2187,2148,0,SmartWatch,84.06,9,2024-09-17,Electrónica,,0.0
2188,2234,0,Tablet,83.61,5,2024-09-17,Electrónica,,0.0
2189,2236,0,Laptop,34.56,1,2024-09-17,Electrónica,,0.0
2190,2485,133,Auriculares,95.27,8,2024-09-17,Electrónica,R3,0.0
2191,2711,0,Parlantes Bluetooth,75.11,9,2024-09-17,Electrónica,,0.0
2192,1232,0,Microondas,65.14,6,2024-09-18,Electrodomésticos,,0.0
2193,242,191,Cuadro decorativo,30.31,11,2024-09-19,Decoración,R1,0.0
2194,512,192,Cuadro decorativo,66.98,7,2024-09-19,Decoración,R2,0.0
2195,900,102,Adorno de pared,78.06,9,2024-09-19,Decoración,R2,66-91
2196,1129,142,Batidora,71.39,3,2024-09-19,Electrodomésticos,R2,0.0
2197,1389,142,Batidora,71.36,9,2024-09-19,Electrodomésticos,R2,0.0
2198,1585,0,Lavadora,64.23,8,2024-09-19,Electrodomésticos,,0.0
2199,1699,141,Batidora,48.45,5,2024-09-19,Electrodomésticos,R1,0.0
2200,2152,0,Televisor,84.19,3,2024-09-19,Electrónica,,0.0
2201,2330,0,Consola de videojuegos,122.43,4,2024-09-19,Electrónica,,0.0
2202,2606,0,Laptop,87.31,2,2024-09-19,Electrónica,,0.0
2203,2753,0,Smartphone,60.87,12,2024-09-19,Electrónica,,0.0
2204,1258,152,Cafetera,77.56,6,2024-09-20,Electrodomésticos,R2,0.0
2205,441,0,Lámpara de mesa,120.13,11,2024-09-21,Decoración,,0.0
2206,1538,153,Cafetera,120.8,7,2024-09-21,Electrodomésticos,R3,0.0
2207,1763,0,Microondas,67.94,12,2024-09-21,Electrodomésticos,,0.0
2208,1945,0,Lavadora,62.12,10,2024-09-21,Electrodomésticos,,0.0
2209,2430,0,Consola de videojuegos,62.77,7,2024-09-21,Electrónica,,0.0
2210,3,0,Espejo decorativo,51.32,1,2024-09-22,Decoración,,0.0
2211,250,103,Adorno de pared,104.58,7,2024-09-22,Decoración,R3,91-120
2212,573,0,Espejo decorativo,115.17,4,2024-09-22,Decoración,,0.0
2213,1681,0,Freidora eléctrica,82.95,4,2024-09-22,Electrodomésticos,,0.0
2214,1949,141,Batidora,33.51,5,2024-09-22,Electrodomésticos,R1,0.0
2215,68,0,Rincón de plantas,109.6,4,2024-09-23,Decoración,,0.0
2216,194,0,Jarrón decorativo,31.14,11,2024-09-23,Decoración,,0.0
2217,461,0,Lámpara de mesa,121.83,3,2024-09-23,Decoración,,0.0
2218,717,0,Elementos de cerámica,35.39,11,2024-09-23,Decoración,,0.0
2219,932,192,Cuadro decorativo,78.45,4,2024-09-23,Decoración,R2,0.0
2220,1782,0,Heladera,99.66,12,2024-09-23,Electrodomésticos,,0.0
2221,2331,0,Parlantes Bluetooth,26.24,6,2024-09-23,Electrónica,,0.0
2222,2632,0,Televisor,40.39,2,2024-09-23,Electrónica,,0.0
2223,478,0,Rincón de plantas,44.03,10,2024-09-24,Decoración,,0.0
2224,531,0,Lámpara de mesa,66.98,4,2024-09-24,Decoración,,0.0
2225,580,101,Adorno de pared,41.81,12,2024-09-24,Decoración,R1,25-66
2226,960,101,Adorno de pared,56.56,8,2024-09-24,Decoración,R1,25-66
2227,1298,151,Cafetera,60.68,6,2024-09-24,Electrodomésticos,R1,0.0
2228,1461,0,Freidora eléctrica,108.58,12,2024-09-24,Electrodomésticos,,0.0
2229,2446,0,Laptop,114.74,2,2024-09-24,Electrónica,,0.0
2230,93,0,Espejo decorativo,44.57,9,2024-09-25,Decoración,,0.0
2231,437,0,Elementos de cerámica,35.83,9,2024-09-25,Decoración,,0.0
2232,750,103,Adorno de pared,108.77,2,2024-09-25,Decoración,R3,91-120
2233,956,0,Cortinas,37.35,2,2024-09-25,Decoración,,0.0
2234,1359,143,Batidora,121.44,11,2024-09-25,Electrodomésticos,R3,0.0
2235,1482,0,Heladera,86.99,12,2024-09-25,Electrodomésticos,,0.0
2236,2202,0,Televisor,31.84,7,2024-09-25,Electrónica,,0.0
2237,2248,0,SmartWatch,88.46,8,2024-09-25,Electrónica,,0.0
2238,2317,0,Cámara digital,56.34,7,2024-09-25,Electrónica,,0.0
2239,2500,0,Consola de videojuegos,53.64,8,2024-09-25,Electrónica,,0.0
2240,103,0,Espejo decorativo,43.78,11,2024-09-26,Decoración,,0.0
2241,666,0,Cortinas,29.89,4,2024-09-26,Decoración,,0.0
2242,698,0,Rincón de plantas,93.59,10,2024-09-26,Decoración,,0.0
2243,1228,153,Cafetera,115.89,4,2024-09-26,Electrodomésticos,R3,0.0
2244,2400,0,Consola de videojuegos,84.09,12,2024-09-26,Electrónica,,0.0
2245,2793,0,Smartphone,91.37,8,2024-09-26,Electrónica,,0.0
2246,2994,133,Auriculares,94.36,9,2024-09-26,Electrónica,R3,0.0
2247,379,0,Lámpara de mesa,49.43,7,2024-09-27,Decoración,,0.0
2248,409,0,Lámpara de mesa,53.65,5,2024-09-27,Decoración,,0.0
2249,445,112,Alfombra,70.36,12,2024-09-27,Decoración,R2,54-89
2250,842,192,Cuadro decorativo,71.4,2,2024-09-27,Decoración,R2,0.0
2251,1674,121,Aspiradora,40.59,8,2024-09-27,Electrodomésticos,R1,0.0
2252,2000,0,Plancha de vapor,105.5,3,2024-09-27,Electrodomésticos,,0.0
2253,2190,0,Consola de videojuegos,48.86,3,2024-09-27,Electrónica,,0.0
2254,2686,0,Laptop,64.56,11,2024-09-27,Electrónica,,0.0
2255,304,0,Jarrón decorativo,67.72,4,2024-09-28,Decoración,,0.0
2256,562,191,Cuadro decorativo,29.72,3,2024-09-28,Decoración,R1,0.0
2257,1247,0,Horno eléctrico,55.0,4,2024-09-28,Electrodomésticos,,0.0
2258,2117,0,Cámara digital,73.65,11,2024-09-28,Electrónica,,0.0
2259,2341,0,Parlantes Bluetooth,81.98,2,2024-09-28,Electrónica,,0.0
2260,2820,0,Consola de videojuegos,32.49,6,2024-09-28,Electrónica,,0.0
2261,26,0,Cortinas,38.87,11,2024-09-29,Decoración,,0.0
2262,614,0,Jarrón decorativo,107.04,7,2024-09-29,Decoración,,0.0
2263,1268,152,Cafetera,94.35,12,2024-09-29,Electrodomésticos,R2,0.0
2264,1408,151,Cafetera,56.98,11,2024-09-29,Electrodomésticos,R1,0.0
2265,1522,0,Heladera,90.32,12,2024-09-29,Electrodomésticos,,0.0
2266,1528,153,Cafetera,99.75,12,2024-09-29,Electrodomésticos,R3,0.0
2267,1679,141,Batidora,49.23,12,2024-09-29,Electrodomésticos,R1,0.0
2268,1704,123,Aspiradora,111.82,9,2024-09-29,Electrodomésticos,R3,0.0
2269,2168,0,SmartWatch,89.68,8,2024-09-29,Electrónica,,0.0
2270,2450,0,Consola de videojuegos,87.91,4,2024-09-29,Electrónica,,0.0
2271,2467,0,Cámara digital,70.53,7,2024-09-29,Electrónica,,0.0
2272,2600,0,Consola de videojuegos,94.57,3,2024-09-29,Electrónica,,0.0
2273,2864,0,Tablet,105.06,6,2024-09-29,Electrónica,,0.0
2274,2925,131,Auriculares,26.21,4,2024-09-29,Electrónica,R1,0.0
2275,232,193,Cuadro decorativo,118.49,6,2024-09-30,Decoración,R3,0.0
2276,385,112,Alfombra,86.29,3,2024-09-30,Decoración,R2,54-89
2277,415,112,Alfombra,63.4,5,2024-09-30,Decoración,R2,54-89
2278,500,103,Adorno de pared,110.88,4,2024-09-30,Decoración,R3,91-120
2279,565,112,Alfombra,55.34,2,2024-09-30,Decoración,R2,54-89
2280,683,0,Espejo decorativo,123.55,5,2024-09-30,Decoración,,0.0
2281,705,111,Alfombra,49.89,3,2024-09-30,Decoración,R1,28-54
2282,899,0,Candelabro,51.01,6,2024-09-30,Decoración,,0.0
2283,996,0,Cortinas,33.07,3,2024-09-30,Decoración,,0.0
2284,1187,0,Horno eléctrico,99.57,8,2024-09-30,Electrodomésticos,,0.0
2285,1411,0,Freidora eléctrica,102.2,5,2024-09-30,Electrodomésticos,,0.0
2286,1511,0,Freidora eléctrica,116.49,2,2024-09-30,Electrodomésticos,,0.0
2287,1644,123,Aspiradora,123.36,11,2024-09-30,Electrodomésticos,R3,0.0
2288,2031,0,Parlantes Bluetooth,31.44,4,2024-09-30,Electrónica,,0.0
2289,2141,0,Parlantes Bluetooth,116.34,12,2024-09-30,Electrónica,,0.0
2290,521,0,Lámpara de mesa,48.44,6,2024-10-01,Decoración,,0.0
2291,590,101,Adorno de pared,30.18,8,2024-10-01,Decoración,R1,25-66
2292,892,192,Cuadro decorativo,61.57,3,2024-10-01,Decoración,R2,0.0
2293,968,0,Rincón de plantas,60.2,3,2024-10-01,Decoración,,0.0
2294,1062,0,Heladera,121.59,4,2024-10-01,Electrodomésticos,,0.0
2295,1423,0,Microondas,108.25,12,2024-10-01,Electrodomésticos,,0.0
2296,2271,0,Parlantes Bluetooth,61.01,1,2024-10-01,Electrónica,,0.0
2297,2295,131,Auriculares,56.21,2,2024-10-01,Electrónica,R1,0.0
2298,1345,0,Lavadora,51.32,4,2024-10-02,Electrodomésticos,,0.0
2299,2012,0,Televisor,48.02,7,2024-10-02,Electrónica,,0.0
2300,2226,0,Laptop,99.45,5,2024-10-02,Electrónica,,0.0
2301,2442,0,Televisor,71.48,4,2024-10-02,Electrónica,,0.0
2302,2576,0,Laptop,123.53,10,2024-10-02,Electrónica,,0.0
2303,2656,0,Laptop,31.99,9,2024-10-02,Electrónica,,0.0
2304,2915,131,Auriculares,33.81,11,2024-10-02,Electrónica,R1,0.0
2305,38,0,Rincón de plantas,26.44,4,2024-10-03,Decoración,,0.0
2306,681,0,Lámpara de mesa,113.04,1,2024-10-03,Decoración,,0.0
2307,1815,0,Lavadora,65.29,5,2024-10-03,Electrodomésticos,,0.0
2308,2703,0,Smartphone,123.4,12,2024-10-03,Electrónica,,0.0
2309,2725,133,Auriculares,107.61,1,2024-10-03,Electrónica,R3,0.0
2310,786,0,Cortinas,27.17,8,2024-10-04,Decoración,,0.0
2311,1358,152,Cafetera,95.67,12,2024-10-04,Electrodomésticos,R2,0.0
2312,1709,142,Batidora,89.72,10,2024-10-04,Electrodomésticos,R2,0.0
2313,1857,0,Horno eléctrico,74.8,5,2024-10-04,Electrodomésticos,,0.0
2314,2406,0,Laptop,121.0,10,2024-10-04,Electrónica,,0.0
2315,2538,0,SmartWatch,29.14,12,2024-10-04,Electrónica,,0.0
2316,753,0,Espejo decorativo,119.86,4,2024-10-05,Decoración,,0.0
2317,898,0,Rincón de plantas,67.87,11,2024-10-05,Decoración,,0.0
2318,924,0,Jarrón decorativo,64.39,11,2024-10-05,Decoración,,0.0
2319,1650,0,Plancha de vapor,117.52,2,2024-10-05,Electrodomésticos,,0.0
2320,1779,143,Batidora,122.12,4,2024-10-05,Electrodomésticos,R3,0.0
2321,1796,0,Secadora,63.51,11,2024-10-05,Electrodomésticos,,0.0
2322,2841,0,Parlantes Bluetooth,48.99,10,2024-10-05,Electrónica,,0.0
2323,1280,0,Plancha de vapor,31.01,7,2024-10-06,Electrodomésticos,,0.0
2324,1595,0,Lavadora,80.48,4,2024-10-06,Electrodomésticos,,0.0
2325,1711,0,Freidora eléctrica,34.28,2,2024-10-06,Electrodomésticos,,0.0
2326,2417,0,Cámara digital,109.02,2,2024-10-06,Electrónica,,0.0
2327,2443,0,Smartphone,111.34,5,2024-10-06,Electrónica,,0.0
2328,158,0,Rincón de plantas,117.14,8,2024-10-07,Decoración,,0.0
2329,223,0,Espejo decorativo,70.04,3,2024-10-07,Decoración,,0.0
2330,474,0,Jarrón decorativo,38.87,10,2024-10-07,Decoración,,0.0
2331,1032,0,Heladera,31.35,11,2024-10-07,Electrodomésticos,,0.0
2332,1141,0,Freidora eléctrica,71.45,12,2024-10-07,Electrodomésticos,,0.0
2333,1738,151,Cafetera,40.25,3,2024-10-07,Electrodomésticos,R1,0.0
2334,2188,0,SmartWatch,41.24,4,2024-10-07,Electrónica,,0.0
2335,2433,0,Smartphone,117.66,5,2024-10-07,Electrónica,,0.0
2336,2515,133,Auriculares,99.53,1,2024-10-07,Electrónica,R3,0.0
2337,2608,0,SmartWatch,60.98,5,2024-10-07,Electrónica,,0.0
2338,2831,0,Parlantes Bluetooth,86.32,10,2024-10-07,Electrónica,,0.0
2339,6,0,Cortinas,58.87,11,2024-10-08,Decoración,,0.0
2340,670,101,Adorno de pared,55.21,7,2024-10-08,Decoración,R1,25-66
2341,816,0,Cortinas,74.32,11,2024-10-08,Decoración,,0.0
2342,991,0,Lámpara de mesa,79.63,12,2024-10-08,Decoración,,0.0
2343,1204,122,Aspiradora,87.88,2,2024-10-08,Electrodomésticos,R2,0.0
2344,2533,0,Smartphone,64.37,1,2024-10-08,Electrónica,,0.0
2345,2598,0,SmartWatch,113.97,7,2024-10-08,Electrónica,,0.0
2346,2724,0,Tablet,42.93,5,2024-10-08,Electrónica,,0.0
2347,2738,0,SmartWatch,65.16,3,2024-10-08,Electrónica,,0.0
2348,134,0,Jarrón decorativo,103.16,11,2024-10-09,Decoración,,0.0
2349,2353,0,Smartphone,33.52,8,2024-10-09,Electrónica,,0.0
2350,2376,0,Laptop,106.01,5,2024-10-09,Electrónica,,0.0
2351,60,101,Adorno de pared,32.58,9,2024-10-10,Decoración,R1,25-66
2352,117,0,Elementos de cerámica,29.63,4,2024-10-10,Decoración,,0.0
2353,364,0,Jarrón decorativo,73.49,12,2024-10-10,Decoración,,0.0
2354,498,0,Rincón de plantas,42.62,4,2024-10-10,Decoración,,0.0
2355,668,0,Rincón de plantas,61.18,8,2024-10-10,Decoración,,0.0
2356,1133,0,Microondas,121.17,3,2024-10-10,Electrodomésticos,,0.0
2357,1221,0,Freidora eléctrica,112.79,11,2024-10-10,Electrodomésticos,,0.0
2358,1233,0,Microondas,110.22,12,2024-10-10,Electrodomésticos,,0.0
2359,1239,143,Batidora,94.29,2,2024-10-10,Electrodomésticos,R3,0.0
2360,1724,123,Aspiradora,95.89,1,2024-10-10,Electrodomésticos,R3,0.0
2361,2389,0,Proyector,73.93,5,2024-10-10,Electrónica,,0.0
2362,2671,0,Parlantes Bluetooth,30.22,6,2024-10-10,Electrónica,,0.0
2363,2692,0,Televisor,52.35,2,2024-10-10,Electrónica,,0.0
2364,2998,0,Proyector,115.84,10,2024-10-10,Electrónica,,0.0
2365,382,193,Cuadro decorativo,115.19,3,2024-10-11,Decoración,R3,0.0
2366,438,0,Rincón de plantas,104.88,10,2024-10-11,Decoración,,0.0
2367,584,0,Jarrón decorativo,77.31,8,2024-10-11,Decoración,,0.0
2368,778,0,Rincón de plantas,32.69,5,2024-10-11,Decoración,,0.0
2369,867,0,Elementos de cerámica,65.85,5,2024-10-11,Decoración,,0.0
2370,1113,0,Microondas,79.45,3,2024-10-11,Electrodomésticos,,0.0
2371,1567,0,Horno eléctrico,101.95,4,2024-10-11,Electrodomésticos,,0.0
2372,1610,0,Plancha de vapor,91.96,1,2024-10-11,Electrodomésticos,,0.0
2373,2258,0,SmartWatch,68.66,5,2024-10-11,Electrónica,,0.0
2374,2732,0,Televisor,73.89,5,2024-10-11,Electrónica,,0.0
2375,97,0,Elementos de cerámica,116.32,9,2024-10-12,Decoración,,0.0
2376,317,0,Elementos de cerámica,94.69,11,2024-10-12,Decoración,,0.0
2377,472,192,Cuadro decorativo,78.9,2,2024-10-12,Decoración,R2,0.0
2378,725,113,Alfombra,111.36,11,2024-10-12,Decoración,R3,89-125
2379,1890,0,Plancha de vapor,102.24,9,2024-10-12,Electrodomésticos,,0.0
2380,2137,0,Cámara digital,108.68,1,2024-10-12,Electrónica,,0.0
2381,2242,0,Televisor,72.27,7,2024-10-12,Electrónica,,0.0
2382,2352,0,Televisor,82.27,2,2024-10-12,Electrónica,,0.0
2383,2359,0,Proyector,52.24,10,2024-10-12,Electrónica,,0.0
2384,2470,0,Consola de videojuegos,111.81,9,2024-10-12,Electrónica,,0.0
2385,2821,0,Parlantes Bluetooth,117.62,9,2024-10-12,Electrónica,,0.0
2386,646,0,Cortinas,44.98,6,2024-10-13,Decoración,,0.0
2387,1034,121,Aspiradora,44.82,2,2024-10-13,Electrodomésticos,R1,0.0
2388,2075,132,Auriculares,75.39,7,2024-10-13,Electrónica,R2,0.0
2389,2710,0,Consola de videojuegos,41.81,7,2024-10-13,Electrónica,,0.0
2390,182,192,Cuadro decorativo,78.36,11,2024-10-14,Decoración,R2,0.0
2391,1178,152,Cafetera,61.69,8,2024-10-14,Electrodomésticos,R2,0.0
2392,1687,0,Horno eléctrico,117.85,5,2024-10-14,Electrodomésticos,,0.0
2393,1850,0,Plancha de vapor,28.6,5,2024-10-14,Electrodomésticos,,0.0
2394,2291,0,Parlantes Bluetooth,111.95,5,2024-10-14,Electrónica,,0.0
2395,520,102,Adorno de pared,85.98,5,2024-10-15,Decoración,R2,66-91
2396,564,0,Jarrón decorativo,51.28,7,2024-10-15,Decoración,,0.0
2397,990,102,Adorno de pared,76.72,3,2024-10-15,Decoración,R2,66-91
2398,999,0,Candelabro,47.09,5,2024-10-15,Decoración,,0.0
2399,1308,152,Cafetera,96.89,7,2024-10-15,Electrodomésticos,R2,0.0
2400,2667,0,Cámara digital,26.32,4,2024-10-15,Electrónica,,0.0
2401,2960,0,Consola de videojuegos,87.02,11,2024-10-15,Electrónica,,0.0
2402,1321,0,Freidora eléctrica,28.16,4,2024-10-16,Electrodomésticos,,0.0
2403,1637,0,Horno eléctrico,93.24,11,2024-10-16,Electrodomésticos,,0.0
2404,2427,0,Cámara digital,96.56,1,2024-10-16,Electrónica,,0.0
2405,2448,0,SmartWatch,109.91,12,2024-10-16,Electrónica,,0.0
2406,266,0,Cortinas,91.78,5,2024-10-17,Decoración,,0.0
2407,278,0,Rincón de plantas,122.76,10,2024-10-17,Decoración,,0.0
2408,329,0,Candelabro,72.5,11,2024-10-17,Decoración,,0.0
2409,355,113,Alfombra,124.48,4,2024-10-17,Decoración,R3,89-125
2410,440,103,Adorno de pared,113.49,2,2024-10-17,Decoración,R3,91-120
2411,1326,0,Secadora,109.4,7,2024-10-18,Electrodomésticos,,0.0
2412,1512,0,Heladera,37.72,10,2024-10-18,Electrodomésticos,,0.0
2413,1534,123,Aspiradora,96.98,8,2024-10-18,Electrodomésticos,R3,0.0
2414,2614,131,Auriculares,47.88,4,2024-10-18,Electrónica,R1,0.0
2415,9,0,Candelabro,51.38,5,2024-10-19,Decoración,,0.0
2416,1574,122,Aspiradora,92.59,10,2024-10-19,Electrodomésticos,R2,0.0
2417,1615,0,Lavadora,114.4,1,2024-10-19,Electrodomésticos,,0.0
2418,1713,0,Microondas,65.46,5,2024-10-19,Electrodomésticos,,0.0
2419,1859,142,Batidora,81.35,8,2024-10-19,Electrodomésticos,R2,0.0
2420,2886,0,Laptop,49.03,12,2024-10-19,Electrónica,,0.0
2421,33,0,Espejo decorativo,113.71,7,2024-10-20,Decoración,,0.0
2422,72,193,Cuadro decorativo,111.56,1,2024-10-20,Decoración,R3,0.0
2423,2923,0,Smartphone,33.63,5,2024-10-20,Electrónica,,0.0
2424,2933,0,Smartphone,74.88,5,2024-10-20,Electrónica,,0.0
2425,591,0,Lámpara de mesa,74.62,1,2024-10-21,Decoración,,0.0
2426,620,103,Adorno de pared,92.16,4,2024-10-21,Decoración,R3,91-120
2427,680,102,Adorno de pared,76.66,3,2024-10-21,Decoración,R2,66-91
2428,864,0,Jarrón decorativo,55.89,2,2024-10-21,Decoración,,0.0
2429,1215,0,Lavadora,91.79,10,2024-10-21,Electrodomésticos,,0.0
2430,1385,0,Lavadora,111.51,3,2024-10-21,Electrodomésticos,,0.0
2431,18,0,Rincón de plantas,37.09,3,2024-10-22,Decoración,,0.0
2432,776,0,Cortinas,56.8,1,2024-10-22,Decoración,,0.0
2433,942,193,Cuadro decorativo,99.04,8,2024-10-22,Decoración,R3,0.0
2434,1766,0,Secadora,65.13,9,2024-10-22,Electrodomésticos,,0.0
2435,1891,0,Freidora eléctrica,112.96,6,2024-10-22,Electrodomésticos,,0.0
2436,2043,0,Smartphone,30.55,4,2024-10-22,Electrónica,,0.0
2437,2128,0,SmartWatch,123.02,6,2024-10-22,Electrónica,,0.0
2438,2472,0,Televisor,67.41,1,2024-10-22,Electrónica,,0.0
2439,2940,0,Consola de videojuegos,34.04,6,2024-10-22,Electrónica,,0.0
2440,596,0,Cortinas,75.96,7,2024-10-23,Decoración,,0.0
2441,1206,0,Secadora,44.22,1,2024-10-23,Electrodomésticos,,0.0
2442,1214,123,Aspiradora,121.66,3,2024-10-23,Electrodomésticos,R3,0.0
2443,2051,0,Parlantes Bluetooth,49.4,9,2024-10-23,Electrónica,,0.0
2444,2071,0,Parlantes Bluetooth,87.97,12,2024-10-23,Electrónica,,0.0
2445,2094,133,Auriculares,118.97,5,2024-10-23,Electrónica,R3,0.0
2446,2562,0,Televisor,78.28,9,2024-10-23,Electrónica,,0.0
2447,2914,131,Auriculares,26.34,5,2024-10-23,Electrónica,R1,0.0
2448,2965,132,Auriculares,70.7,11,2024-10-23,Electrónica,R2,0.0
2449,1716,0,Secadora,62.92,10,2024-10-24,Electrodomésticos,,0.0
2450,1925,0,Lavadora,91.29,4,2024-10-24,Electrodomésticos,,0.0
2451,2183,0,Smartphone,110.92,7,2024-10-24,Electrónica,,0.0
2452,2783,0,Smartphone,95.67,8,2024-10-24,Electrónica,,0.0
2453,1014,123,Aspiradora,106.17,12,2024-10-25,Electrodomésticos,R3,0.0
2454,1357,0,Horno eléctrico,76.9,11,2024-10-25,Electrodomésticos,,0.0
2455,1388,152,Cafetera,88.66,1,2024-10-25,Electrodomésticos,R2,0.0
2456,2103,0,Smartphone,44.04,10,2024-10-25,Electrónica,,0.0
2457,2132,0,Televisor,117.96,7,2024-10-25,Electrónica,,0.0
2458,2311,0,Parlantes Bluetooth,79.72,6,2024-10-25,Electrónica,,0.0
2459,2607,0,Cámara digital,54.75,10,2024-10-25,Electrónica,,0.0
2460,2781,0,Parlantes Bluetooth,69.0,12,2024-10-25,Electrónica,,0.0
2461,114,0,Jarrón decorativo,104.03,6,2024-10-26,Decoración,,0.0
2462,690,103,Adorno de pared,103.95,8,2024-10-26,Decoración,R3,91-120
2463,853,0,Espejo decorativo,87.21,7,2024-10-26,Decoración,,0.0
2464,1354,121,Aspiradora,55.17,4,2024-10-26,Electrodomésticos,R1,0.0
2465,1449,142,Batidora,73.18,12,2024-10-26,Electrodomésticos,R2,0.0
2466,1577,0,Horno eléctrico,63.35,1,2024-10-26,Electrodomésticos,,0.0
2467,1676,0,Secadora,88.46,9,2024-10-26,Electrodomésticos,,0.0
2468,1733,0,Microondas,33.38,11,2024-10-26,Electrodomésticos,,0.0
2469,1987,0,Horno eléctrico,113.12,6,2024-10-26,Electrodomésticos,,0.0
2470,2198,0,SmartWatch,78.65,7,2024-10-26,Electrónica,,0.0
2471,2285,131,Auriculares,57.38,1,2024-10-26,Electrónica,R1,0.0
2472,2878,0,SmartWatch,122.44,5,2024-10-26,Electrónica,,0.0
2473,25,111,Alfombra,38.69,1,2024-10-27,Decoración,R1,28-54
2474,674,0,Jarrón decorativo,108.63,9,2024-10-27,Decoración,,0.0
2475,755,111,Alfombra,27.68,3,2024-10-27,Decoración,R1,28-54
2476,835,112,Alfombra,85.65,6,2024-10-27,Decoración,R2,54-89
2477,1005,0,Lavadora,44.34,3,2024-10-27,Electrodomésticos,,0.0
2478,1033,0,Microondas,113.6,3,2024-10-27,Electrodomésticos,,0.0
2479,1092,0,Heladera,99.93,6,2024-10-27,Electrodomésticos,,0.0
2480,1094,123,Aspiradora,115.5,8,2024-10-27,Electrodomésticos,R3,0.0
2481,1349,143,Batidora,100.89,5,2024-10-27,Electrodomésticos,R3,0.0
2482,1519,143,Batidora,101.17,11,2024-10-27,Electrodomésticos,R3,0.0
2483,1601,0,Freidora eléctrica,32.54,11,2024-10-27,Electrodomésticos,,0.0
2484,2808,0,SmartWatch,54.79,9,2024-10-27,Electrónica,,0.0
2485,343,0,Espejo decorativo,50.49,4,2024-10-28,Decoración,,0.0
2486,499,0,Candelabro,108.91,2,2024-10-28,Decoración,,0.0
2487,857,0,Elementos de cerámica,91.06,8,2024-10-28,Decoración,,0.0
2488,1144,123,Aspiradora,98.46,7,2024-10-28,Electrodomésticos,R3,0.0
2489,1487,0,Horno eléctrico,102.75,9,2024-10-28,Electrodomésticos,,0.0
2490,1659,143,Batidora,101.49,6,2024-10-28,Electrodomésticos,R3,0.0
2491,1911,0,Freidora eléctrica,46.16,1,2024-10-28,Electrodomésticos,,0.0
2492,2217,0,Cámara digital,49.71,11,2024-10-28,Electrónica,,0.0
2493,657,0,Elementos de cerámica,69.67,3,2024-10-29,Decoración,,0.0
2494,1556,0,Secadora,117.97,3,2024-10-29,Electrodomésticos,,0.0
2495,1930,0,Plancha de vapor,64.2,5,2024-10-29,Electrodomésticos,,0.0
2496,2033,0,Smartphone,29.94,11,2024-10-29,Electrónica,,0.0
2497,2107,0,Cámara digital,64.14,3,2024-10-29,Electrónica,,0.0
2498,2529,0,Proyector,92.21,4,2024-10-29,Electrónica,,0.0
2499,2553,0,Smartphone,78.89,3,2024-10-29,Electrónica,,0.0
2500,2660,0,Consola de videojuegos,124.46,4,2024-10-29,Electrónica,,0.0
2501,2774,131,Auriculares,37.77,7,2024-10-29,Electrónica,R1,0.0
2502,190,101,Adorno de pared,36.08,10,2024-10-30,Decoración,R1,25-66
2503,1395,0,Lavadora,39.64,12,2024-10-30,Electrodomésticos,,0.0
2504,1403,0,Microondas,91.18,1,2024-10-30,Electrodomésticos,,0.0
2505,1872,0,Heladera,60.32,2,2024-10-30,Electrodomésticos,,0.0
2506,2081,0,Parlantes Bluetooth,94.89,10,2024-10-30,Electrónica,,0.0
2507,2449,0,Proyector,104.25,4,2024-10-30,Electrónica,,0.0
2508,2536,0,Laptop,120.96,1,2024-10-30,Electrónica,,0.0
2509,47,0,Elementos de cerámica,66.54,11,2024-10-31,Decoración,,0.0
2510,58,0,Rincón de plantas,58.7,12,2024-10-31,Decoración,,0.0
2511,346,0,Cortinas,52.57,3,2024-10-31,Decoración,,0.0
2512,523,0,Espejo decorativo,45.46,12,2024-10-31,Decoración,,0.0
2513,539,0,Candelabro,85.86,12,2024-10-31,Decoración,,0.0
2514,2166,0,Laptop,115.57,5,2024-10-31,Electrónica,,0.0
2515,2178,0,SmartWatch,104.12,8,2024-10-31,Electrónica,,0.0
2516,2238,0,SmartWatch,68.47,6,2024-10-31,Electrónica,,0.0
2517,2483,0,Smartphone,93.11,4,2024-10-31,Electrónica,,0.0
2518,2817,0,Cámara digital,29.73,9,2024-10-31,Electrónica,,0.0
2519,2890,0,Consola de videojuegos,105.99,5,2024-10-31,Electrónica,,0.0
2520,4,0,Jarrón decorativo,64.12,12,2024-11-01,Decoración,,0.0
2521,284,0,Jarrón decorativo,43.09,7,2024-11-01,Decoración,,0.0
2522,582,192,Cuadro decorativo,61.67,10,2024-11-01,Decoración,R2,0.0
2523,2657,0,Cámara digital,30.79,8,2024-11-01,Electrónica,,0.0
2524,2736,0,Laptop,113.88,1,2024-11-01,Electrónica,,0.0
2525,5,112,Alfombra,70.1,4,2024-11-02,Decoración,R2,54-89
2526,102,193,Cuadro decorativo,119.97,3,2024-11-02,Decoración,R3,0.0
2527,605,113,Alfombra,120.49,6,2024-11-02,Decoración,R3,89-125
2528,773,0,Espejo decorativo,64.35,8,2024-11-02,Decoración,,0.0
2529,808,0,Rincón de plantas,67.82,11,2024-11-02,Decoración,,0.0
2530,1293,0,Microondas,100.74,11,2024-11-02,Electrodomésticos,,0.0
2531,1415,0,Lavadora,29.44,10,2024-11-02,Electrodomésticos,,0.0
2532,1559,141,Batidora,59.48,4,2024-11-02,Electrodomésticos,R1,0.0
2533,1780,0,Plancha de vapor,119.0,1,2024-11-02,Electrodomésticos,,0.0
2534,1049,141,Batidora,64.32,8,2024-11-03,Electrodomésticos,R1,0.0
2535,1420,0,Plancha de vapor,100.54,6,2024-11-03,Electrodomésticos,,0.0
2536,610,101,Adorno de pared,27.89,8,2024-11-04,Decoración,R1,25-66
2537,1262,0,Heladera,43.72,1,2024-11-04,Electrodomésticos,,0.0
2538,27,0,Elementos de cerámica,112.53,11,2024-11-05,Decoración,,0.0
2539,552,193,Cuadro decorativo,88.67,11,2024-11-05,Decoración,R3,0.0
2540,587,0,Elementos de cerámica,33.98,9,2024-11-05,Decoración,,0.0
2541,642,192,Cuadro decorativo,73.67,7,2024-11-05,Decoración,R2,0.0
2542,1071,0,Freidora eléctrica,71.74,2,2024-11-05,Electrodomésticos,,0.0
2543,1283,0,Microondas,94.63,9,2024-11-05,Electrodomésticos,,0.0
2544,1466,0,Secadora,85.31,5,2024-11-05,Electrodomésticos,,0.0
2545,1810,0,Plancha de vapor,70.67,11,2024-11-05,Electrodomésticos,,0.0
2546,142,193,Cuadro decorativo,114.44,10,2024-11-06,Decoración,R3,0.0
2547,464,0,Jarrón decorativo,49.06,11,2024-11-06,Decoración,,0.0
2548,597,0,Elementos de cerámica,96.57,8,2024-11-06,Decoración,,0.0
2549,634,0,Jarrón decorativo,45.62,4,2024-11-06,Decoración,,0.0
2550,719,0,Lámpara de mesa,56.43,2,2024-11-06,Decoración,,0.0
2551,758,0,Rincón de plantas,29.0,10,2024-11-06,Decoración,,0.0
2552,875,111,Alfombra,36.34,5,2024-11-06,Decoración,R1,28-54
2553,2412,0,Televisor,108.45,8,2024-11-06,Electrónica,,0.0
2554,263,0,Espejo decorativo,103.07,6,2024-11-07,Decoración,,0.0
2555,273,0,Espejo decorativo,49.11,10,2024-11-07,Decoración,,0.0
2556,825,111,Alfombra,34.7,1,2024-11-07,Decoración,R1,28-54
2557,862,191,Cuadro decorativo,48.36,8,2024-11-07,Decoración,R1,0.0
2558,1493,0,Microondas,73.63,12,2024-11-07,Electrodomésticos,,0.0
2559,1790,0,Plancha de vapor,80.84,5,2024-11-07,Electrodomésticos,,0.0
2560,1875,0,Lavadora,58.04,6,2024-11-07,Electrodomésticos,,0.0
2561,2113,0,Smartphone,119.26,2,2024-11-07,Electrónica,,0.0
2562,2250,0,Consola de videojuegos,78.68,11,2024-11-07,Electrónica,,0.0
2563,2335,133,Auriculares,108.76,8,2024-11-07,Electrónica,R3,0.0
2564,2357,0,Cámara digital,49.9,1,2024-11-07,Electrónica,,0.0
2565,2401,0,Parlantes Bluetooth,65.49,11,2024-11-07,Electrónica,,0.0
2566,2909,0,Proyector,108.21,12,2024-11-07,Electrónica,,0.0
2567,636,0,Cortinas,46.09,1,2024-11-08,Decoración,,0.0
2568,761,0,Lámpara de mesa,80.48,10,2024-11-08,Decoración,,0.0
2569,951,0,Lámpara de mesa,58.55,9,2024-11-08,Decoración,,0.0
2570,1098,151,Cafetera,45.95,7,2024-11-08,Electrodomésticos,R1,0.0
2571,1348,153,Cafetera,111.7,10,2024-11-08,Electrodomésticos,R3,0.0
2572,2351,0,Parlantes Bluetooth,115.66,3,2024-11-08,Electrónica,,0.0
2573,2411,0,Parlantes Bluetooth,61.45,8,2024-11-08,Electrónica,,0.0
2574,481,0,Lámpara de mesa,55.87,3,2024-11-09,Decoración,,0.0
2575,576,0,Cortinas,122.36,8,2024-11-09,Decoración,,0.0
2576,861,0,Lámpara de mesa,66.88,4,2024-11-09,Decoración,,0.0
2577,889,0,Lámpara de mesa,95.87,7,2024-11-09,Decoración,,0.0
2578,1527,0,Horno eléctrico,36.02,3,2024-11-09,Electrodomésticos,,0.0
2579,2507,0,Cámara digital,27.72,8,2024-11-09,Electrónica,,0.0
2580,2589,0,Proyector,82.9,8,2024-11-09,Electrónica,,0.0
2581,2850,0,Consola de videojuegos,84.81,4,2024-11-09,Electrónica,,0.0
2582,2908,0,SmartWatch,78.63,4,2024-11-09,Electrónica,,0.0
2583,327,0,Elementos de cerámica,105.59,9,2024-11-10,Decoración,,0.0
2584,1021,0,Freidora eléctrica,49.62,6,2024-11-10,Electrodomésticos,,0.0
2585,1200,0,Plancha de vapor,83.34,10,2024-11-10,Electrodomésticos,,0.0
2586,1243,0,Microondas,64.56,12,2024-11-10,Electrodomésticos,,0.0
2587,1619,143,Batidora,96.56,3,2024-11-10,Electrodomésticos,R3,0.0
2588,2010,0,Consola de videojuegos,51.13,2,2024-11-10,Electrónica,,0.0
2589,2087,0,Cámara digital,35.44,3,2024-11-10,Electrónica,,0.0
2590,2573,0,Smartphone,91.52,7,2024-11-10,Electrónica,,0.0
2591,217,0,Elementos de cerámica,47.48,2,2024-11-11,Decoración,,0.0
2592,272,193,Cuadro decorativo,93.84,10,2024-11-11,Decoración,R3,0.0
2593,545,111,Alfombra,43.63,1,2024-11-11,Decoración,R1,28-54
2594,688,0,Rincón de plantas,81.27,11,2024-11-11,Decoración,,0.0
2595,1430,0,Plancha de vapor,34.93,9,2024-11-11,Electrodomésticos,,0.0
2596,1497,0,Horno eléctrico,83.3,10,2024-11-11,Electrodomésticos,,0.0
2597,1509,141,Batidora,55.25,10,2024-11-11,Electrodomésticos,R1,0.0
2598,2060,0,Consola de videojuegos,73.4,5,2024-11-11,Electrónica,,0.0
2599,2263,0,Smartphone,47.67,6,2024-11-11,Electrónica,,0.0
2600,2558,0,SmartWatch,63.94,7,2024-11-11,Electrónica,,0.0
2601,2814,132,Auriculares,89.91,9,2024-11-11,Electrónica,R2,0.0
2602,420,101,Adorno de pared,65.0,4,2024-11-12,Decoración,R1,25-66
2603,514,0,Jarrón decorativo,59.63,10,2024-11-12,Decoración,,0.0
2604,544,0,Jarrón decorativo,29.63,5,2024-11-12,Decoración,,0.0
2605,880,103,Adorno de pared,105.74,10,2024-11-12,Decoración,R3,91-120
2606,1908,151,Cafetera,55.91,3,2024-11-12,Electrodomésticos,R1,0.0
2607,655,113,Alfombra,124.49,11,2024-11-13,Decoración,R3,89-125
2608,1111,0,Freidora eléctrica,100.12,12,2024-11-13,Electrodomésticos,,0.0
2609,2118,0,SmartWatch,99.5,5,2024-11-13,Electrónica,,0.0
2610,2208,0,SmartWatch,33.12,10,2024-11-13,Electrónica,,0.0
2611,36,0,Cortinas,28.63,5,2024-11-14,Decoración,,0.0
2612,316,0,Cortinas,90.56,2,2024-11-14,Decoración,,0.0
2613,885,113,Alfombra,97.56,1,2024-11-14,Decoración,R3,89-125
2614,1566,0,Secadora,78.4,8,2024-11-14,Electrodomésticos,,0.0
2615,1753,0,Microondas,38.63,9,2024-11-14,Electrodomésticos,,0.0
2616,2316,0,Laptop,78.67,3,2024-11-14,Electrónica,,0.0
2617,2374,131,Auriculares,55.05,12,2024-11-14,Electrónica,R1,0.0
2618,2958,0,SmartWatch,64.59,10,2024-11-14,Electrónica,,0.0
2619,671,0,Lámpara de mesa,66.33,7,2024-11-15,Decoración,,0.0
2620,1462,0,Heladera,121.56,12,2024-11-15,Electrodomésticos,,0.0
2621,1463,0,Microondas,70.42,10,2024-11-15,Electrodomésticos,,0.0
2622,1517,0,Horno eléctrico,41.23,8,2024-11-15,Electrodomésticos,,0.0
2623,1564,121,Aspiradora,60.8,1,2024-11-15,Electrodomésticos,R1,0.0
2624,1621,0,Freidora eléctrica,56.74,9,2024-11-15,Electrodomésticos,,0.0
2625,1749,143,Batidora,107.07,9,2024-11-15,Electrodomésticos,R3,0.0
2626,1912,0,Heladera,82.42,8,2024-11-15,Electrodomésticos,,0.0
2627,2727,0,Cámara digital,114.98,12,2024-11-15,Electrónica,,0.0
2628,618,0,Rincón de plantas,36.15,8,2024-11-16,Decoración,,0.0
2629,944,0,Jarrón decorativo,98.76,1,2024-11-16,Decoración,,0.0
2630,1015,0,Lavadora,91.96,12,2024-11-16,Electrodomésticos,,0.0
2631,1671,0,Freidora eléctrica,106.34,8,2024-11-16,Electrodomésticos,,0.0
2632,2025,131,Auriculares,42.93,2,2024-11-16,Electrónica,R1,0.0
2633,2602,0,Televisor,118.04,4,2024-11-16,Electrónica,,0.0
2634,21,0,Lámpara de mesa,41.84,12,2024-11-17,Decoración,,0.0
2635,227,0,Elementos de cerámica,32.11,11,2024-11-17,Decoración,,0.0
2636,361,0,Lámpara de mesa,120.89,2,2024-11-17,Decoración,,0.0
2637,757,0,Elementos de cerámica,36.44,10,2024-11-17,Decoración,,0.0
2638,779,0,Lámpara de mesa,72.68,9,2024-11-17,Decoración,,0.0
2639,1137,0,Horno eléctrico,51.17,7,2024-11-17,Electrodomésticos,,0.0
2640,1165,0,Lavadora,73.58,9,2024-11-17,Electrodomésticos,,0.0
2641,1651,0,Freidora eléctrica,78.73,10,2024-11-17,Electrodomésticos,,0.0
2642,2074,132,Auriculares,70.55,1,2024-11-17,Electrónica,R2,0.0
2643,2631,0,Parlantes Bluetooth,66.84,11,2024-11-17,Electrónica,,0.0
2644,2881,0,Parlantes Bluetooth,39.46,11,2024-11-17,Electrónica,,0.0
2645,70,103,Adorno de pared,105.42,12,2024-11-18,Decoración,R3,91-120
2646,371,0,Lámpara de mesa,110.45,12,2024-11-18,Decoración,,0.0
2647,389,0,Lámpara de mesa,40.06,4,2024-11-18,Decoración,,0.0
2648,431,0,Lámpara de mesa,98.3,6,2024-11-18,Decoración,,0.0
2649,883,0,Espejo decorativo,32.09,8,2024-11-18,Decoración,,0.0
2650,1142,0,Heladera,62.61,3,2024-11-18,Electrodomésticos,,0.0
2651,1314,122,Aspiradora,86.12,6,2024-11-18,Electrodomésticos,R2,0.0
2652,1365,0,Lavadora,74.74,1,2024-11-18,Electrodomésticos,,0.0
2653,1605,0,Lavadora,57.74,1,2024-11-18,Electrodomésticos,,0.0
2654,1691,0,Freidora eléctrica,49.47,12,2024-11-18,Electrodomésticos,,0.0
2655,1818,153,Cafetera,116.81,1,2024-11-18,Electrodomésticos,R3,0.0
2656,1942,0,Heladera,85.36,12,2024-11-18,Electrodomésticos,,0.0
2657,1991,0,Freidora eléctrica,64.55,5,2024-11-18,Electrodomésticos,,0.0
2658,2274,133,Auriculares,114.43,1,2024-11-18,Electrónica,R3,0.0
2659,2441,0,Parlantes Bluetooth,55.81,4,2024-11-18,Electrónica,,0.0
2660,2638,0,SmartWatch,124.0,5,2024-11-18,Electrónica,,0.0
2661,136,0,Cortinas,31.5,7,2024-11-19,Decoración,,0.0
2662,589,0,Lámpara de mesa,111.78,2,2024-11-19,Decoración,,0.0
2663,801,0,Lámpara de mesa,72.15,9,2024-11-19,Decoración,,0.0
2664,1159,143,Batidora,111.36,7,2024-11-19,Electrodomésticos,R3,0.0
2665,1836,0,Secadora,68.69,4,2024-11-19,Electrodomésticos,,0.0
2666,1913,0,Microondas,75.41,12,2024-11-19,Electrodomésticos,,0.0
2667,2872,0,Televisor,105.88,3,2024-11-19,Electrónica,,0.0
2668,119,0,Lámpara de mesa,50.6,11,2024-11-20,Decoración,,0.0
2669,152,193,Cuadro decorativo,86.46,4,2024-11-20,Decoración,R3,0.0
2670,592,191,Cuadro decorativo,34.61,9,2024-11-20,Decoración,R1,0.0
2671,676,0,Cortinas,40.01,5,2024-11-20,Decoración,,0.0
2672,1079,141,Batidora,53.18,2,2024-11-20,Electrodomésticos,R1,0.0
2673,1302,0,Heladera,29.85,2,2024-11-20,Electrodomésticos,,0.0
2674,1498,152,Cafetera,61.91,7,2024-11-20,Electrodomésticos,R2,0.0
2675,1774,123,Aspiradora,120.8,3,2024-11-20,Electrodomésticos,R3,0.0
2676,1881,0,Freidora eléctrica,107.86,9,2024-11-20,Electrodomésticos,,0.0
2677,1993,0,Microondas,60.07,5,2024-11-20,Electrodomésticos,,0.0
2678,2009,0,Proyector,73.42,10,2024-11-20,Electrónica,,0.0
2679,2591,0,Parlantes Bluetooth,28.1,8,2024-11-20,Electrónica,,0.0
2680,1542,0,Microondas,98.15,3,2024-11-21,Electrodomésticos,,0.0
2681,1951,0,Freidora eléctrica,112.16,5,2024-11-21,Electrodomésticos,,0.0
2682,2179,0,Proyector,111.31,11,2024-11-21,Electrónica,,0.0
2683,2977,0,Cámara digital,116.01,12,2024-11-21,Electrónica,,0.0
2684,384,0,Jarrón decorativo,105.16,6,2024-11-22,Decoración,,0.0
2685,837,0,Elementos de cerámica,56.1,12,2024-11-22,Decoración,,0.0
2686,907,0,Elementos de cerámica,49.85,8,2024-11-22,Decoración,,0.0
2687,1309,142,Batidora,68.82,5,2024-11-22,Electrodomésticos,R2,0.0
2688,1759,142,Batidora,82.06,2,2024-11-22,Electrodomésticos,R2,0.0
2689,2391,0,Parlantes Bluetooth,41.39,10,2024-11-22,Electrónica,,0.0
2690,338,0,Rincón de plantas,114.46,12,2024-11-23,Decoración,,0.0
2691,394,0,Jarrón decorativo,114.83,10,2024-11-23,Decoración,,0.0
2692,785,113,Alfombra,97.3,5,2024-11-23,Decoración,R3,89-125
2693,2194,133,Auriculares,102.22,11,2024-11-23,Electrónica,R3,0.0
2694,2410,0,Consola de videojuegos,55.53,10,2024-11-23,Electrónica,,0.0
2695,2479,0,Proyector,51.72,3,2024-11-23,Electrónica,,0.0
2696,2670,0,Consola de videojuegos,42.62,3,2024-11-23,Electrónica,,0.0
2697,238,0,Rincón de plantas,103.51,12,2024-11-24,Decoración,,0.0
2698,923,0,Espejo decorativo,59.64,2,2024-11-24,Decoración,,0.0
2699,1692,0,Microondas,52.7,9,2024-11-24,Electrodomésticos,,0.0
2700,2149,0,Proyector,91.89,5,2024-11-24,Electrónica,,0.0
2701,2303,0,Smartphone,63.94,12,2024-11-24,Electrónica,,0.0
2702,2387,0,Cámara digital,58.22,5,2024-11-24,Electrónica,,0.0
2703,2651,0,Parlantes Bluetooth,38.31,6,2024-11-24,Electrónica,,0.0
2704,2970,0,Consola de videojuegos,49.88,5,2024-11-24,Electrónica,,0.0
2705,1328,153,Cafetera,99.07,3,2024-11-25,Electrodomésticos,R3,0.0
2706,1396,0,Secadora,113.64,4,2024-11-25,Electrodomésticos,,0.0
2707,1828,152,Cafetera,76.71,12,2024-11-25,Electrodomésticos,R2,0.0
2708,2172,0,Televisor,115.93,8,2024-11-25,Electrónica,,0.0
2709,2371,0,Parlantes Bluetooth,93.33,4,2024-11-25,Electrónica,,0.0
2710,153,0,Espejo decorativo,49.47,10,2024-11-26,Decoración,,0.0
2711,225,111,Alfombra,28.53,6,2024-11-26,Decoración,R1,28-54
2712,326,0,Cortinas,65.02,2,2024-11-26,Decoración,,0.0
2713,331,0,Lámpara de mesa,36.82,3,2024-11-26,Decoración,,0.0
2714,1043,0,Microondas,28.96,3,2024-11-26,Electrodomésticos,,0.0
2715,1158,151,Cafetera,55.58,7,2024-11-26,Electrodomésticos,R1,0.0
2716,1301,0,Freidora eléctrica,114.68,5,2024-11-26,Electrodomésticos,,0.0
2717,1544,122,Aspiradora,87.56,8,2024-11-26,Electrodomésticos,R2,0.0
2718,1771,0,Freidora eléctrica,47.41,2,2024-11-26,Electrodomésticos,,0.0
2719,1781,0,Freidora eléctrica,34.88,7,2024-11-26,Electrodomésticos,,0.0
2720,1928,151,Cafetera,49.58,2,2024-11-26,Electrodomésticos,R1,0.0
2721,1980,0,Plancha de vapor,115.37,2,2024-11-26,Electrodomésticos,,0.0
2722,2086,0,Laptop,41.18,7,2024-11-26,Electrónica,,0.0
2723,2569,0,Proyector,104.95,5,2024-11-26,Electrónica,,0.0
2724,2707,0,Cámara digital,104.82,6,2024-11-26,Electrónica,,0.0
2725,451,0,Lámpara de mesa,81.2,7,2024-11-27,Decoración,,0.0
2726,715,111,Alfombra,32.65,3,2024-11-27,Decoración,R1,28-54
2727,1100,0,Plancha de vapor,108.29,5,2024-11-27,Electrodomésticos,,0.0
2728,1211,0,Freidora eléctrica,112.72,7,2024-11-27,Electrodomésticos,,0.0
2729,1352,0,Microondas,39.86,3,2024-11-27,Electrodomésticos,,0.0
2730,1576,0,Secadora,35.14,4,2024-11-27,Electrodomésticos,,0.0
2731,2111,0,Parlantes Bluetooth,28.52,2,2024-11-27,Electrónica,,0.0
2732,2253,0,Smartphone,59.1,12,2024-11-27,Electrónica,,0.0
2733,2421,0,Parlantes Bluetooth,97.6,11,2024-11-27,Electrónica,,0.0
2734,703,0,Espejo decorativo,30.41,8,2024-11-28,Decoración,,0.0
2735,1055,0,Lavadora,34.77,11,2024-11-28,Electrodomésticos,,0.0
2736,1718,151,Cafetera,59.62,10,2024-11-28,Electrodomésticos,R1,0.0
2737,1976,0,Secadora,97.56,7,2024-11-28,Electrodomésticos,,0.0
2738,2392,0,Televisor,90.14,9,2024-11-28,Electrónica,,0.0
2739,2586,0,Laptop,94.55,2,2024-11-28,Electrónica,,0.0
2740,2675,132,Auriculares,75.36,6,2024-11-28,Electrónica,R2,0.0
2741,184,0,Jarrón decorativo,74.37,10,2024-11-29,Decoración,,0.0
2742,798,0,Rincón de plantas,52.11,3,2024-11-29,Decoración,,0.0
2743,813,0,Espejo decorativo,37.25,3,2024-11-29,Decoración,,0.0
2744,974,0,Jarrón decorativo,84.28,7,2024-11-29,Decoración,,0.0
2745,1252,0,Microondas,96.06,4,2024-11-29,Electrodomésticos,,0.0
2746,1634,123,Aspiradora,94.2,12,2024-11-29,Electrodomésticos,R3,0.0
2747,1867,0,Horno eléctrico,114.08,9,2024-11-29,Electrodomésticos,,0.0
2748,2447,0,Cámara digital,33.69,5,2024-11-29,Electrónica,,0.0
2749,2976,0,Laptop,80.65,9,2024-11-29,Electrónica,,0.0
2750,413,0,Espejo decorativo,60.81,7,2024-11-30,Decoración,,0.0
2751,566,0,Cortinas,98.17,8,2024-11-30,Decoración,,0.0
2752,775,113,Alfombra,111.87,7,2024-11-30,Decoración,R3,89-125
2753,1727,0,Horno eléctrico,67.95,2,2024-11-30,Electrodomésticos,,0.0
2754,1769,143,Batidora,95.64,2,2024-11-30,Electrodomésticos,R3,0.0
2755,2109,0,Proyector,45.09,8,2024-11-30,Electrónica,,0.0
2756,2385,132,Auriculares,92.15,4,2024-11-30,Electrónica,R2,0.0
2757,2459,0,Proyector,118.81,2,2024-11-30,Electrónica,,0.0
2758,2556,0,Laptop,86.62,10,2024-11-30,Electrónica,,0.0
2759,2640,0,Consola de videojuegos,40.84,9,2024-11-30,Electrónica,,0.0
2760,2757,0,Cámara digital,56.44,7,2024-11-30,Electrónica,,0.0
2761,293,0,Espejo decorativo,40.97,9,2024-12-01,Decoración,,0.0
2762,511,0,Lámpara de mesa,63.09,1,2024-12-01,Decoración,,0.0
2763,881,0,Lámpara de mesa,58.49,3,2024-12-01,Decoración,,0.0
2764,936,0,Cortinas,110.96,2,2024-12-01,Decoración,,0.0
2765,1160,0,Plancha de vapor,124.24,2,2024-12-01,Electrodomésticos,,0.0
2766,1460,0,Plancha de vapor,79.78,9,2024-12-01,Electrodomésticos,,0.0
2767,1598,153,Cafetera,103.75,5,2024-12-01,Electrodomésticos,R3,0.0
2768,1849,141,Batidora,30.17,9,2024-12-01,Electrodomésticos,R1,0.0
2769,2386,0,Laptop,69.56,7,2024-12-01,Electrónica,,0.0
2770,57,0,Elementos de cerámica,104.56,12,2024-12-02,Decoración,,0.0
2771,144,0,Jarrón decorativo,100.04,3,2024-12-02,Decoración,,0.0
2772,640,103,Adorno de pared,110.44,7,2024-12-02,Decoración,R3,91-120
2773,863,0,Espejo decorativo,81.72,9,2024-12-02,Decoración,,0.0
2774,1101,0,Freidora eléctrica,35.84,11,2024-12-02,Electrodomésticos,,0.0
2775,1163,0,Microondas,97.07,7,2024-12-02,Electrodomésticos,,0.0
2776,1235,0,Lavadora,102.43,7,2024-12-02,Electrodomésticos,,0.0
2777,1367,0,Horno eléctrico,95.2,8,2024-12-02,Electrodomésticos,,0.0
2778,1797,0,Horno eléctrico,74.53,9,2024-12-02,Electrodomésticos,,0.0
2779,1880,0,Plancha de vapor,40.57,5,2024-12-02,Electrodomésticos,,0.0
2780,2036,0,Laptop,112.29,4,2024-12-02,Electrónica,,0.0
2781,2140,0,Consola de videojuegos,91.09,7,2024-12-02,Electrónica,,0.0
2782,2658,0,SmartWatch,115.11,3,2024-12-02,Electrónica,,0.0
2783,322,193,Cuadro decorativo,101.15,6,2024-12-03,Decoración,R3,0.0
2784,532,191,Cuadro decorativo,27.76,4,2024-12-03,Decoración,R1,0.0
2785,1379,143,Batidora,103.94,5,2024-12-03,Electrodomésticos,R3,0.0
2786,1865,0,Lavadora,83.62,5,2024-12-03,Electrodomésticos,,0.0
2787,2662,0,Televisor,66.96,10,2024-12-03,Electrónica,,0.0
2788,2846,0,Laptop,91.66,10,2024-12-03,Electrónica,,0.0
2789,555,113,Alfombra,97.75,9,2024-12-04,Decoración,R3,89-125
2790,1110,0,Plancha de vapor,123.18,10,2024-12-04,Electrodomésticos,,0.0
2791,1131,0,Freidora eléctrica,113.18,5,2024-12-04,Electrodomésticos,,0.0
2792,1324,123,Aspiradora,106.89,5,2024-12-04,Electrodomésticos,R3,0.0
2793,1636,0,Secadora,44.47,6,2024-12-04,Electrodomésticos,,0.0
2794,1656,0,Secadora,42.59,7,2024-12-04,Electrodomésticos,,0.0
2795,2197,0,Cámara digital,77.54,6,2024-12-04,Electrónica,,0.0
2796,2867,0,Cámara digital,113.61,9,2024-12-04,Electrónica,,0.0
2797,31,0,Lámpara de mesa,100.82,8,2024-12-05,Decoración,,0.0
2798,175,113,Alfombra,108.47,2,2024-12-05,Decoración,R3,89-125
2799,455,112,Alfombra,82.6,11,2024-12-05,Decoración,R2,54-89
2800,1469,143,Batidora,100.43,8,2024-12-05,Electrodomésticos,R3,0.0
2801,2090,0,Consola de videojuegos,45.15,9,2024-12-05,Electrónica,,0.0
2802,2206,0,Laptop,105.49,7,2024-12-05,Electrónica,,0.0
2803,2682,0,Televisor,39.35,7,2024-12-05,Electrónica,,0.0
2804,2689,0,Proyector,62.73,9,2024-12-05,Electrónica,,0.0
2805,1086,0,Secadora,50.66,9,2024-12-06,Electrodomésticos,,0.0
2806,1194,121,Aspiradora,56.97,1,2024-12-06,Electrodomésticos,R1,0.0
2807,1555,0,Lavadora,36.34,3,2024-12-06,Electrodomésticos,,0.0
2808,2332,0,Televisor,54.34,11,2024-12-06,Electrónica,,0.0
2809,2849,0,Proyector,38.67,11,2024-12-06,Electrónica,,0.0
2810,303,0,Espejo decorativo,33.85,11,2024-12-07,Decoración,,0.0
2811,561,0,Lámpara de mesa,76.9,11,2024-12-07,Decoración,,0.0
2812,876,0,Cortinas,80.86,6,2024-12-07,Decoración,,0.0
2813,1596,0,Secadora,29.1,6,2024-12-07,Electrodomésticos,,0.0
2814,1906,0,Secadora,96.7,8,2024-12-07,Electrodomésticos,,0.0
2815,2210,0,Consola de videojuegos,39.67,11,2024-12-07,Electrónica,,0.0
2816,130,102,Adorno de pared,68.7,3,2024-12-08,Decoración,R2,66-91
2817,542,193,Cuadro decorativo,104.02,9,2024-12-08,Decoración,R3,0.0
2818,1020,0,Plancha de vapor,55.26,2,2024-12-08,Electrodomésticos,,0.0
2819,1264,123,Aspiradora,114.28,6,2024-12-08,Electrodomésticos,R3,0.0
2820,1392,0,Microondas,35.57,8,2024-12-08,Electrodomésticos,,0.0
2821,2687,0,Cámara digital,28.98,11,2024-12-08,Electrónica,,0.0
2822,2949,0,Proyector,67.97,10,2024-12-08,Electrónica,,0.0
2823,1023,0,Microondas,55.57,1,2024-12-09,Electrodomésticos,,0.0
2824,1197,0,Horno eléctrico,92.87,10,2024-12-09,Electrodomésticos,,0.0
2825,1641,0,Freidora eléctrica,28.6,5,2024-12-09,Electrodomésticos,,0.0
2826,2597,0,Cámara digital,55.5,1,2024-12-09,Electrónica,,0.0
2827,67,0,Elementos de cerámica,109.07,12,2024-12-10,Decoración,,0.0
2828,265,112,Alfombra,66.72,12,2024-12-10,Decoración,R2,54-89
2829,313,0,Espejo decorativo,50.48,1,2024-12-10,Decoración,,0.0
2830,1267,0,Horno eléctrico,81.0,7,2024-12-10,Electrodomésticos,,0.0
2831,1447,0,Horno eléctrico,46.02,9,2024-12-10,Electrodomésticos,,0.0
2832,2020,0,Consola de videojuegos,30.73,6,2024-12-10,Electrónica,,0.0
2833,2337,0,Cámara digital,77.7,9,2024-12-10,Electrónica,,0.0
2834,2348,0,SmartWatch,49.9,11,2024-12-10,Electrónica,,0.0
2835,42,192,Cuadro decorativo,72.51,11,2024-12-11,Decoración,R2,0.0
2836,62,191,Cuadro decorativo,34.65,11,2024-12-11,Decoración,R1,0.0
2837,989,0,Lámpara de mesa,70.77,7,2024-12-11,Decoración,,0.0
2838,1553,0,Microondas,83.88,10,2024-12-11,Electrodomésticos,,0.0
2839,1640,0,Plancha de vapor,34.87,4,2024-12-11,Electrodomésticos,,0.0
2840,1975,0,Lavadora,116.55,6,2024-12-11,Electrodomésticos,,0.0
2841,2144,133,Auriculares,100.7,11,2024-12-11,Electrónica,R3,0.0
2842,2277,0,Cámara digital,58.12,7,2024-12-11,Electrónica,,0.0
2843,2818,0,SmartWatch,27.83,1,2024-12-11,Electrónica,,0.0
2844,128,0,Rincón de plantas,96.21,6,2024-12-12,Decoración,,0.0
2845,1029,141,Batidora,36.33,5,2024-12-12,Electrodomésticos,R1,0.0
2846,1414,122,Aspiradora,85.23,10,2024-12-12,Electrodomésticos,R2,0.0
2847,1471,0,Freidora eléctrica,83.48,8,2024-12-12,Electrodomésticos,,0.0
2848,1959,142,Batidora,83.12,2,2024-12-12,Electrodomésticos,R2,0.0
2849,2106,0,Laptop,108.85,1,2024-12-12,Electrónica,,0.0
2850,2734,133,Auriculares,95.05,5,2024-12-12,Electrónica,R3,0.0
2851,2893,0,Smartphone,42.97,3,2024-12-12,Electrónica,,0.0
2852,458,0,Rincón de plantas,117.55,7,2024-12-13,Decoración,,0.0
2853,663,0,Espejo decorativo,102.68,4,2024-12-13,Decoración,,0.0
2854,1647,0,Horno eléctrico,43.05,10,2024-12-13,Electrodomésticos,,0.0
2855,427,0,Elementos de cerámica,60.13,6,2024-12-14,Decoración,,0.0
2856,759,0,Lámpara de mesa,82.4,11,2024-12-14,Decoración,,0.0
2857,1077,0,Horno eléctrico,114.24,5,2024-12-14,Electrodomésticos,,0.0
2858,1223,0,Microondas,84.83,3,2024-12-14,Electrodomésticos,,0.0
2859,1465,0,Lavadora,61.87,8,2024-12-14,Electrodomésticos,,0.0
2860,1579,142,Batidora,68.09,5,2024-12-14,Electrodomésticos,R2,0.0
2861,2145,132,Auriculares,79.28,9,2024-12-14,Electrónica,R2,0.0
2862,2380,0,Consola de videojuegos,68.2,2,2024-12-14,Electrónica,,0.0
2863,2879,0,Proyector,48.11,12,2024-12-14,Electrónica,,0.0
2864,181,0,Lámpara de mesa,107.82,8,2024-12-15,Decoración,,0.0
2865,529,0,Lámpara de mesa,64.12,6,2024-12-15,Decoración,,0.0
2866,546,0,Cortinas,82.12,10,2024-12-15,Decoración,,0.0
2867,567,0,Elementos de cerámica,97.22,8,2024-12-15,Decoración,,0.0
2868,948,0,Rincón de plantas,72.96,6,2024-12-15,Decoración,,0.0
2869,1001,0,Rincón de plantas,42.14,9,2024-12-15,Decoración,,0.0
2870,1126,0,Secadora,88.77,1,2024-12-15,Electrodomésticos,,0.0
2871,1325,0,Lavadora,78.84,6,2024-12-15,Electrodomésticos,,0.0
2872,1470,0,Plancha de vapor,107.11,3,2024-12-15,Electrodomésticos,,0.0
2873,1492,0,Heladera,88.58,10,2024-12-15,Electrodomésticos,,0.0
2874,1834,121,Aspiradora,51.5,6,2024-12-15,Electrodomésticos,R1,0.0
2875,1840,0,Plancha de vapor,68.39,9,2024-12-15,Electrodomésticos,,0.0
2876,1897,0,Horno eléctrico,40.71,3,2024-12-15,Electrodomésticos,,0.0
2877,2520,0,Consola de videojuegos,99.63,10,2024-12-15,Electrónica,,0.0
2878,2626,0,Laptop,57.33,8,2024-12-15,Electrónica,,0.0
2879,2759,0,Proyector,83.88,7,2024-12-15,Electrónica,,0.0
2880,69,0,Lámpara de mesa,93.24,11,2024-12-16,Decoración,,0.0
2881,370,103,Adorno de pared,93.19,8,2024-12-16,Decoración,R3,91-120
2882,628,0,Rincón de plantas,29.36,11,2024-12-16,Decoración,,0.0
2883,706,0,Cortinas,42.73,7,2024-12-16,Decoración,,0.0
2884,980,102,Adorno de pared,75.85,6,2024-12-16,Decoración,R2,66-91
2885,1586,0,Secadora,44.98,5,2024-12-16,Electrodomésticos,,0.0
2886,1989,0,Batidora,124.17,7,2024-12-16,Electrodomésticos,,0.0
2887,2135,131,Auriculares,34.52,4,2024-12-16,Electrónica,R1,0.0
2888,2342,0,Televisor,50.79,2,2024-12-16,Electrónica,,0.0
2889,2581,0,Parlantes Bluetooth,32.01,9,2024-12-16,Electrónica,,0.0
2890,2843,0,Smartphone,63.78,8,2024-12-16,Electrónica,,0.0
2891,2921,0,Parlantes Bluetooth,97.14,8,2024-12-16,Electrónica,,0.0
2892,471,0,Lámpara de mesa,39.0,10,2024-12-17,Decoración,,0.0
2893,626,0,Cortinas,33.62,11,2024-12-17,Decoración,,0.0
2894,653,0,Espejo decorativo,107.93,8,2024-12-17,Decoración,,0.0
2895,742,192,Cuadro decorativo,66.69,6,2024-12-17,Decoración,R2,0.0
2896,1393,0,Microondas,96.48,11,2024-12-17,Electrodomésticos,,0.0
2897,1504,121,Aspiradora,42.52,2,2024-12-17,Electrodomésticos,R1,0.0
2898,1639,142,Batidora,89.35,11,2024-12-17,Electrodomésticos,R2,0.0
2899,1832,0,Heladera,85.62,12,2024-12-17,Electrodomésticos,,0.0
2900,2064,0,Tablet,90.59,7,2024-12-17,Electrónica,,0.0
2901,75,112,Alfombra,65.48,5,2024-12-18,Decoración,R2,54-89
2902,729,0,Lámpara de mesa,61.89,3,2024-12-18,Decoración,,0.0
2903,1731,0,Freidora eléctrica,88.92,3,2024-12-18,Electrodomésticos,,0.0
2904,2339,0,Proyector,75.0,7,2024-12-18,Electrónica,,0.0
2905,2663,0,Smartphone,118.95,10,2024-12-18,Electrónica,,0.0
2906,2869,0,Proyector,122.17,9,2024-12-18,Electrónica,,0.0
2907,112,193,Cuadro decorativo,96.66,9,2024-12-19,Decoración,R3,0.0
2908,793,0,Espejo decorativo,27.21,2,2024-12-19,Decoración,,0.0
2909,1061,0,Freidora eléctrica,112.38,11,2024-12-19,Electrodomésticos,,0.0
2910,2167,0,Cámara digital,119.75,3,2024-12-19,Electrónica,,0.0
2911,2833,0,Smartphone,97.07,9,2024-12-19,Electrónica,,0.0
2912,15,111,Alfombra,47.77,6,2024-12-20,Decoración,R1,28-54
2913,1059,141,Batidora,55.79,9,2024-12-20,Electrodomésticos,R1,0.0
2914,1624,121,Aspiradora,28.64,9,2024-12-20,Electrodomésticos,R1,0.0
2915,1887,0,Horno eléctrico,36.01,2,2024-12-20,Electrodomésticos,,0.0
2916,2230,0,Consola de videojuegos,74.41,10,2024-12-20,Electrónica,,0.0
2917,2451,0,Parlantes Bluetooth,42.08,2,2024-12-20,Electrónica,,0.0
2918,222,192,Cuadro decorativo,84.64,1,2024-12-21,Decoración,R2,0.0
2919,800,103,Adorno de pared,116.74,3,2024-12-21,Decoración,R3,91-120
2920,1594,121,Aspiradora,46.9,8,2024-12-21,Electrodomésticos,R1,0.0
2921,1752,0,Heladera,33.85,7,2024-12-21,Electrodomésticos,,0.0
2922,2320,0,Consola de videojuegos,83.94,8,2024-12-21,Electrónica,,0.0
2923,108,0,Rincón de plantas,47.84,1,2024-12-22,Decoración,,0.0
2924,917,0,Elementos de cerámica,52.65,8,2024-12-22,Decoración,,0.0
2925,1088,153,Cafetera,116.94,9,2024-12-22,Electrodomésticos,R3,0.0
2926,1128,152,Cafetera,90.54,2,2024-12-22,Electrodomésticos,R2,0.0
2927,1216,0,Secadora,38.24,2,2024-12-22,Electrodomésticos,,0.0
2928,1386,0,Secadora,41.84,7,2024-12-22,Electrodomésticos,,0.0
2929,1597,0,Horno eléctrico,115.11,3,2024-12-22,Electrodomésticos,,0.0
2930,1652,0,Heladera,101.22,11,2024-12-22,Electrodomésticos,,0.0
2931,1767,0,Horno eléctrico,65.28,1,2024-12-22,Electrodomésticos,,0.0
2932,1968,152,Cafetera,69.28,2,2024-12-22,Electrodomésticos,R2,0.0
2933,2845,131,Auriculares,34.64,10,2024-12-22,Electrónica,R1,0.0
2934,301,0,Lámpara de mesa,62.77,6,2024-12-23,Decoración,,0.0
2935,497,0,Elementos de cerámica,124.16,4,2024-12-23,Decoración,,0.0
2936,559,0,Lámpara de mesa,40.35,2,2024-12-23,Decoración,,0.0
2937,894,0,Jarrón decorativo,46.35,12,2024-12-23,Decoración,,0.0
2938,1416,0,Secadora,64.14,1,2024-12-23,Electrodomésticos,,0.0
2939,1728,152,Cafetera,75.14,11,2024-12-23,Electrodomésticos,R2,0.0
2940,2355,133,Auriculares,119.48,8,2024-12-23,Electrónica,R3,0.0
2941,2429,0,Proyector,91.85,6,2024-12-23,Electrónica,,0.0
2942,2574,0,Tablet,49.2,5,2024-12-23,Electrónica,,0.0
2943,2764,0,Tablet,92.81,11,2024-12-23,Electrónica,,0.0
2944,2905,131,Auriculares,40.58,2,2024-12-23,Electrónica,R1,0.0
2945,1337,0,Horno eléctrico,118.72,2,2024-12-24,Electrodomésticos,,0.0
2946,1794,121,Aspiradora,61.8,12,2024-12-24,Electrodomésticos,R1,0.0
2947,2457,0,Cámara digital,75.98,8,2024-12-24,Electrónica,,0.0
2948,2513,0,Smartphone,119.12,8,2024-12-24,Electrónica,,0.0
2949,120,101,Adorno de pared,64.26,6,2024-12-25,Decoración,R1,25-66
2950,1273,0,Microondas,78.3,8,2024-12-25,Electrodomésticos,,0.0
2951,1318,153,Cafetera,98.58,6,2024-12-25,Electrodomésticos,R3,0.0
2952,1473,0,Microondas,83.38,1,2024-12-25,Electrodomésticos,,0.0
2953,1807,0,Horno eléctrico,45.12,4,2024-12-25,Electrodomésticos,,0.0
2954,1907,0,Horno eléctrico,47.5,1,2024-12-25,Electrodomésticos,,0.0
2955,1996,0,Secadora,113.87,9,2024-12-25,Electrodomésticos,,0.0
2956,2422,0,Televisor,58.0,10,2024-12-25,Electrónica,,0.0
2957,2511,0,Parlantes Bluetooth,52.04,5,2024-12-25,Electrónica,,0.0
2958,2863,0,Smartphone,88.08,5,2024-12-25,Electrónica,,0.0
2959,76,0,Cortinas,49.77,10,2024-12-26,Decoración,,0.0
2960,122,192,Cuadro decorativo,63.48,12,2024-12-26,Decoración,R2,0.0
2961,494,0,Jarrón decorativo,79.23,5,2024-12-26,Decoración,,0.0
2962,506,0,Cortinas,30.9,6,2024-12-26,Decoración,,0.0
2963,1520,0,Plancha de vapor,74.47,8,2024-12-26,Electrodomésticos,,0.0
2964,1876,0,Secadora,41.79,4,2024-12-26,Electrodomésticos,,0.0
2965,2605,131,Auriculares,41.66,3,2024-12-26,Electrónica,R1,0.0
2966,2899,0,Proyector,29.76,1,2024-12-26,Electrónica,,0.0
2967,2961,0,Parlantes Bluetooth,29.97,3,2024-12-26,Electrónica,,0.0
2968,1236,0,Secadora,27.84,11,2024-12-27,Electrodomésticos,,0.0
2969,1429,143,Batidora,103.49,8,2024-12-27,Electrodomésticos,R3,0.0
2970,1853,0,Microondas,89.05,1,2024-12-27,Electrodomésticos,,0.0
2971,2414,0,Tablet,47.99,5,2024-12-27,Electrónica,,0.0
2972,2951,0,Parlantes Bluetooth,89.89,6,2024-12-27,Electrónica,,0.0
2973,2990,0,Smartphone,60.16,11,2024-12-27,Electrónica,,0.0
2974,167,0,Elementos de cerámica,104.96,6,2024-12-28,Decoración,,0.0
2975,1274,123,Aspiradora,124.15,9,2024-12-28,Electrodomésticos,R3,0.0
2976,1530,0,Plancha de vapor,47.14,2,2024-12-28,Electrodomésticos,,0.0
2977,2038,0,SmartWatch,100.58,5,2024-12-28,Electrónica,,0.0
2978,2204,0,Tablet,70.13,12,2024-12-28,Electrónica,,0.0
2979,231,0,Lámpara de mesa,36.84,9,2024-12-29,Decoración,,0.0
2980,240,102,Adorno de pared,81.02,7,2024-12-29,Decoración,R2,66-91
2981,486,0,Cortinas,57.65,11,2024-12-29,Decoración,,0.0
2982,639,0,Lámpara de mesa,51.77,7,2024-12-29,Decoración,,0.0
2983,743,0,Espejo decorativo,117.04,8,2024-12-29,Decoración,,0.0
2984,1139,0,Batidora,28.94,10,2024-12-29,Electrodomésticos,,0.0
2985,1161,0,Freidora eléctrica,99.68,2,2024-12-29,Electrodomésticos,,0.0
2986,1893,0,Microondas,89.88,3,2024-12-29,Electrodomésticos,,0.0
2987,2309,0,Proyector,118.01,3,2024-12-29,Electrónica,,0.0
2988,2424,0,Tablet,69.18,4,2024-12-29,Electrónica,,0.0
2989,235,113,Alfombra,112.51,6,2024-12-30,Decoración,R3,89-125
2990,418,0,Rincón de plantas,112.02,8,2024-12-30,Decoración,,0.0
2991,909,0,Lámpara de mesa,35.85,5,2024-12-30,Decoración,,0.0
2992,1583,0,Microondas,105.36,9,2024-12-30,Electrodomésticos,,0.0
2993,1837,0,Horno eléctrico,104.12,9,2024-12-30,Electrodomésticos,,0.0
2994,2276,0,Laptop,85.27,9,2024-12-30,Electrónica,,0.0
2995,2696,0,Laptop,107.81,4,2024-12-30,Electrónica,,0.0
2996,2913,0,Smartphone,99.85,7,2024-12-30,Electrónica,,0.0
2997,2930,0,Consola de videojuegos,55.47,6,2024-12-30,Electrónica,,0.0
