,id_venta,id_producto,prod_gener,rango,precio_unit,cantidad,fecha_venta,id_cat,categoria,precio_rango
0,792,192,Cuadro decorativo,R2,69.94,5,2024-01-02,1,Decoración,61-86
1,811,293,Lámpara de mesa,R3,105.1,5,2024-01-02,1,Decoración,83-126
2,1156,353,Secadora,R3,97.96,3,2024-01-02,2,Electrodomésticos,93-125
3,1372,243,Heladera,R3,114.35,8,2024-01-02,2,Electrodomésticos,91-123
4,1546,353,Secadora,R3,106.21,4,2024-01-02,2,Electrodomésticos,93-125
5,1697,251,Horno eléctrico,R1,35.35,9,2024-01-02,2,Electrodomésticos,27-58
6,1710,322,Plancha de vapor,R2,65.43,2,2024-01-02,2,Electrodomésticos,55-88
7,2959,333,Proyector,R3,88.17,9,2024-01-02,3,Electrónica,86-125
8,318,342,Rincón de plantas,R2,79.86,11,2024-01-03,1,Decoración,63-86
9,419,162,Candelabro,R2,66.11,8,2024-01-03,1,Decoración,52-87
10,1374,123,Aspiradora,R3,95.9,5,2024-01-03,2,Electrodomésticos,93-125
11,1571,233,Freidora eléctrica,R3,111.18,1,2024-01-03,2,Electrodomésticos,90-125
12,1814,122,Aspiradora,R2,70.91,2,2024-01-03,2,Electrodomésticos,64-93
13,2769,331,Proyector,R1,43.62,11,2024-01-03,3,Electrónica,26-63
14,2794,382,Tablet,R2,67.97,9,2024-01-03,3,Electrónica,62-81
15,2824,382,Tablet,R2,74.09,5,2024-01-03,3,Electrónica,62-81
16,446,182,Cortinas,R2,62.1,4,2024-01-04,1,Decoración,57-91
17,630,102,Adorno de pared,R2,71.99,9,2024-01-04,1,Decoración,66-91
18,794,263,Jarrón decorativo,R3,96.97,7,2024-01-04,1,Decoración,92-126
19,882,193,Cuadro decorativo,R3,101.92,9,2024-01-04,1,Decoración,86-126
20,969,163,Candelabro,R3,90.7,12,2024-01-04,1,Decoración,87-126
21,1445,281,Lavadora,R1,28.41,10,2024-01-04,2,Electrodomésticos,26-55
22,1971,233,Freidora eléctrica,R3,122.25,11,2024-01-04,2,Electrodomésticos,90-125
23,2209,331,Proyector,R1,32.15,1,2024-01-04,3,Electrónica,26-63
24,256,182,Cortinas,R2,86.82,8,2024-01-05,1,Decoración,57-91
25,606,183,Cortinas,R3,106.66,11,2024-01-05,1,Decoración,91-126
26,704,262,Jarrón decorativo,R2,57.22,9,2024-01-05,1,Decoración,57-92
27,1362,243,Heladera,R3,109.49,11,2024-01-05,2,Electrodomésticos,91-123
28,2155,132,Auriculares,R2,84.8,10,2024-01-05,3,Electrónica,58-93
29,2947,203,Cámara digital,R3,107.78,3,2024-01-05,3,Electrónica,87-123
30,1495,281,Lavadora,R1,38.99,6,2024-01-06,2,Electrodomésticos,26-55
31,1572,152,Cafetera,R2,61.4,9,2024-01-06,2,Electrodomésticos,61-98
32,2180,173,Consola de videojuegos,R3,102.57,9,2024-01-06,3,Electrónica,90-126
33,2487,201,Cámara digital,R1,50.76,3,2024-01-06,3,Electrónica,25-56
34,2603,372,Smartphone,R2,87.05,5,2024-01-06,3,Electrónica,64-101
35,2885,133,Auriculares,R3,100.4,6,2024-01-06,3,Electrónica,93-125
36,17,213,Elementos de cerámica,R3,108.48,11,2024-01-07,1,Decoración,90-125
37,183,222,Espejo decorativo,R2,82.76,8,2024-01-07,1,Decoración,57-93
38,560,101,Adorno de pared,R1,57.62,6,2024-01-07,1,Decoración,25-66
39,632,191,Cuadro decorativo,R1,30.49,12,2024-01-07,1,Decoración,25-61
40,699,161,Candelabro,R1,34.23,12,2024-01-07,1,Decoración,29-52
41,1150,321,Plancha de vapor,R1,33.63,10,2024-01-07,2,Electrodomésticos,26-55
42,1400,321,Plancha de vapor,R1,26.91,5,2024-01-07,2,Electrodomésticos,26-55
43,1496,353,Secadora,R3,95.33,11,2024-01-07,2,Electrodomésticos,93-125
44,1524,122,Aspiradora,R2,65.55,8,2024-01-07,2,Electrodomésticos,64-93
45,1550,321,Plancha de vapor,R1,51.51,7,2024-01-07,2,Electrodomésticos,26-55
46,2174,133,Auriculares,R3,116.04,11,2024-01-07,3,Electrónica,93-125
47,2773,373,Smartphone,R3,107.51,5,2024-01-07,3,Electrónica,101-126
48,2920,171,Consola de videojuegos,R1,29.49,2,2024-01-07,3,Electrónica,29-55
49,84,261,Jarrón decorativo,R1,37.05,4,2024-01-08,1,Decoración,26-57
50,349,162,Candelabro,R2,57.65,6,2024-01-08,1,Decoración,52-87
51,687,211,Elementos de cerámica,R1,27.68,8,2024-01-08,1,Decoración,26-52
52,696,181,Cortinas,R1,32.57,8,2024-01-08,1,Decoración,25-57
53,1734,121,Aspiradora,R1,50.86,4,2024-01-08,2,Electrodomésticos,26-64
54,2173,371,Smartphone,R1,54.19,12,2024-01-08,3,Electrónica,26-64
55,2283,372,Smartphone,R2,70.07,11,2024-01-08,3,Electrónica,64-101
56,2501,312,Parlantes Bluetooth,R2,87.78,1,2024-01-08,3,Electrónica,61-89
57,2918,362,SmartWatch,R2,82.18,10,2024-01-08,3,Electrónica,55-91
58,386,182,Cortinas,R2,85.71,8,2024-01-09,1,Decoración,57-91
59,599,161,Candelabro,R1,47.22,5,2024-01-09,1,Decoración,29-52
60,633,222,Espejo decorativo,R2,60.39,2,2024-01-09,1,Decoración,57-93
61,714,261,Jarrón decorativo,R1,42.46,8,2024-01-09,1,Decoración,26-57
62,871,292,Lámpara de mesa,R2,79.64,11,2024-01-09,1,Decoración,57-83
63,1132,151,Cafetera,R1,29.88,10,2024-01-09,2,Electrodomésticos,25-61
64,1443,302,Microondas,R2,67.39,8,2024-01-09,2,Electrodomésticos,67-94
65,1584,123,Aspiradora,R3,99.58,7,2024-01-09,2,Electrodomésticos,93-125
66,1617,252,Horno eléctrico,R2,68.53,8,2024-01-09,2,Electrodomésticos,58-93
67,1649,141,Batidora,R1,39.26,11,2024-01-09,2,Electrodomésticos,27-65
68,2917,203,Cámara digital,R3,120.87,7,2024-01-09,3,Electrónica,87-123
69,315,113,Alfombra,R3,122.07,9,2024-01-10,1,Decoración,89-125
70,553,223,Espejo decorativo,R3,96.29,9,2024-01-10,1,Decoración,93-125
71,817,213,Elementos de cerámica,R3,106.31,1,2024-01-10,1,Decoración,90-125
72,830,102,Adorno de pared,R2,67.23,10,2024-01-10,1,Decoración,66-91
73,854,261,Jarrón decorativo,R1,42.83,5,2024-01-10,1,Decoración,26-57
74,1090,322,Plancha de vapor,R2,66.15,8,2024-01-10,2,Electrodomésticos,55-88
75,1464,121,Aspiradora,R1,36.38,5,2024-01-10,2,Electrodomésticos,26-64
76,1933,301,Microondas,R1,46.05,6,2024-01-10,2,Electrodomésticos,26-67
77,308,341,Rincón de plantas,R1,31.7,11,2024-01-11,1,Decoración,25-63
78,718,341,Rincón de plantas,R1,29.88,8,2024-01-11,1,Decoración,25-63
79,804,262,Jarrón decorativo,R2,87.84,7,2024-01-11,1,Decoración,57-92
80,963,221,Espejo decorativo,R1,32.34,5,2024-01-11,1,Decoración,25-57
81,1167,253,Horno eléctrico,R3,119.7,6,2024-01-11,2,Electrodomésticos,93-124
82,1234,121,Aspiradora,R1,36.89,7,2024-01-11,2,Electrodomésticos,26-64
83,1319,142,Batidora,R2,79.98,12,2024-01-11,2,Electrodomésticos,65-91
84,1885,283,Lavadora,R3,120.75,10,2024-01-11,2,Electrodomésticos,92-124
85,2268,361,SmartWatch,R1,48.45,2,2024-01-11,3,Electrónica,25-55
86,2325,133,Auriculares,R3,117.43,11,2024-01-11,3,Electrónica,93-125
87,2761,311,Parlantes Bluetooth,R1,29.89,9,2024-01-11,3,Electrónica,25-61
88,243,221,Espejo decorativo,R1,55.61,1,2024-01-12,1,Decoración,25-57
89,1441,231,Freidora eléctrica,R1,52.57,11,2024-01-12,2,Electrodomésticos,25-61
90,2428,363,SmartWatch,R3,115.0,10,2024-01-12,3,Electrónica,91-126
91,2583,372,Smartphone,R2,67.93,10,2024-01-12,3,Electrónica,64-101
92,2980,173,Consola de videojuegos,R3,110.6,12,2024-01-12,3,Electrónica,90-126
93,88,343,Rincón de plantas,R3,109.33,9,2024-01-13,1,Decoración,86-124
94,501,291,Lámpara de mesa,R1,35.2,6,2024-01-13,1,Decoración,25-57
95,507,213,Elementos de cerámica,R3,111.1,1,2024-01-13,1,Decoración,90-125
96,669,293,Lámpara de mesa,R3,96.79,5,2024-01-13,1,Decoración,83-126
97,987,213,Elementos de cerámica,R3,102.62,3,2024-01-13,1,Decoración,90-125
98,1548,151,Cafetera,R1,35.73,12,2024-01-13,2,Electrodomésticos,25-61
99,2822,392,Televisor,R2,57.34,1,2024-01-13,3,Electrónica,57-85
100,2924,381,Tablet,R1,32.3,1,2024-01-13,3,Electrónica,26-62
101,20,102,Adorno de pared,R2,90.21,2,2024-01-14,1,Decoración,66-91
102,53,223,Espejo decorativo,R3,115.45,7,2024-01-14,1,Decoración,93-125
103,608,342,Rincón de plantas,R2,64.67,10,2024-01-14,1,Decoración,63-86
104,993,223,Espejo decorativo,R3,98.26,1,2024-01-14,1,Decoración,93-125
105,1065,281,Lavadora,R1,43.98,6,2024-01-14,2,Electrodomésticos,26-55
106,1599,143,Batidora,R3,96.78,12,2024-01-14,2,Electrodomésticos,91-126
107,1638,153,Cafetera,R3,123.96,9,2024-01-14,2,Electrodomésticos,98-126
108,1685,282,Lavadora,R2,84.8,3,2024-01-14,2,Electrodomésticos,55-92
109,2685,131,Auriculares,R1,27.36,10,2024-01-14,3,Electrónica,26-58
110,169,292,Lámpara de mesa,R2,76.32,9,2024-01-15,1,Decoración,57-83
111,236,183,Cortinas,R3,118.69,9,2024-01-15,1,Decoración,91-126
112,260,103,Adorno de pared,R3,101.48,9,2024-01-15,1,Decoración,91-120
113,977,212,Elementos de cerámica,R2,74.35,5,2024-01-15,1,Decoración,52-90
114,1271,233,Freidora eléctrica,R3,119.46,2,2024-01-15,2,Electrodomésticos,90-125
115,2098,362,SmartWatch,R2,75.65,5,2024-01-15,3,Electrónica,55-91
116,2196,271,Laptop,R1,31.69,1,2024-01-15,3,Electrónica,27-58
117,2590,173,Consola de videojuegos,R3,99.14,6,2024-01-15,3,Electrónica,90-126
118,2788,361,SmartWatch,R1,30.38,8,2024-01-15,3,Electrónica,25-55
119,2803,372,Smartphone,R2,95.73,5,2024-01-15,3,Electrónica,64-101
120,2874,383,Tablet,R3,117.47,2,2024-01-15,3,Electrónica,81-124
121,113,222,Espejo decorativo,R2,75.93,10,2024-01-16,1,Decoración,57-93
122,503,223,Espejo decorativo,R3,101.91,3,2024-01-16,1,Decoración,93-125
123,832,191,Cuadro decorativo,R1,30.59,1,2024-01-16,1,Decoración,25-61
124,962,191,Cuadro decorativo,R1,40.97,11,2024-01-16,1,Decoración,25-61
125,1250,323,Plancha de vapor,R3,98.55,6,2024-01-16,2,Electrodomésticos,88-125
126,1431,232,Freidora eléctrica,R2,83.95,8,2024-01-16,2,Electrodomésticos,61-90
127,1920,322,Plancha de vapor,R2,86.65,6,2024-01-16,2,Electrodomésticos,55-88
128,2129,333,Proyector,R3,107.98,6,2024-01-16,3,Electrónica,86-125
129,2220,171,Consola de videojuegos,R1,31.57,1,2024-01-16,3,Electrónica,29-55
130,2477,201,Cámara digital,R1,38.37,9,2024-01-16,3,Electrónica,25-56
131,2789,333,Proyector,R3,115.19,11,2024-01-16,3,Electrónica,86-125
132,2935,132,Auriculares,R2,80.29,2,2024-01-16,3,Electrónica,58-93
133,131,292,Lámpara de mesa,R2,58.32,10,2024-01-17,1,Decoración,57-83
134,178,342,Rincón de plantas,R2,81.5,1,2024-01-17,1,Decoración,63-86
135,368,343,Rincón de plantas,R3,87.4,9,2024-01-17,1,Decoración,86-124
136,684,263,Jarrón decorativo,R3,106.89,6,2024-01-17,1,Decoración,92-126
137,1750,323,Plancha de vapor,R3,94.53,2,2024-01-17,2,Electrodomésticos,88-125
138,2284,382,Tablet,R2,69.35,4,2024-01-17,3,Electrónica,62-81
139,2402,393,Televisor,R3,117.53,9,2024-01-17,3,Electrónica,85-124
140,2698,362,SmartWatch,R2,76.47,7,2024-01-17,3,Electrónica,55-91
141,430,102,Adorno de pared,R2,81.76,5,2024-01-18,1,Decoración,66-91
142,588,342,Rincón de plantas,R2,80.17,3,2024-01-18,1,Decoración,63-86
143,1626,353,Secadora,R3,102.73,6,2024-01-18,2,Electrodomésticos,93-125
144,1900,321,Plancha de vapor,R1,45.14,1,2024-01-18,2,Electrodomésticos,26-55
145,2119,332,Proyector,R2,84.1,11,2024-01-18,3,Electrónica,63-86
146,2244,132,Auriculares,R2,63.67,5,2024-01-18,3,Electrónica,58-93
147,2297,203,Cámara digital,R3,119.43,5,2024-01-18,3,Electrónica,87-123
148,2416,272,Laptop,R2,81.74,10,2024-01-18,3,Electrónica,58-89
149,2431,312,Parlantes Bluetooth,R2,69.4,1,2024-01-18,3,Electrónica,61-89
150,2792,392,Televisor,R2,84.96,5,2024-01-18,3,Electrónica,57-85
151,30,102,Adorno de pared,R2,76.92,6,2024-01-19,1,Decoración,66-91
152,49,291,Lámpara de mesa,R1,52.95,6,2024-01-19,1,Decoración,25-57
153,104,263,Jarrón decorativo,R3,103.13,8,2024-01-19,1,Decoración,92-126
154,323,223,Espejo decorativo,R3,123.21,7,2024-01-19,1,Decoración,93-125
155,395,111,Alfombra,R1,33.48,12,2024-01-19,1,Decoración,28-54
156,851,293,Lámpara de mesa,R3,85.23,6,2024-01-19,1,Decoración,83-126
157,1125,283,Lavadora,R3,97.73,12,2024-01-19,2,Electrodomésticos,92-124
158,1332,153,Cafetera,R3,98.21,11,2024-01-19,2,Electrodomésticos,98-126
159,1806,351,Secadora,R1,27.45,10,2024-01-19,2,Electrodomésticos,26-50
160,2231,311,Parlantes Bluetooth,R1,42.98,7,2024-01-19,3,Electrónica,25-61
161,401,292,Lámpara de mesa,R2,69.47,8,2024-01-20,1,Decoración,57-83
162,788,342,Rincón de plantas,R2,85.75,3,2024-01-20,1,Decoración,63-86
163,1007,253,Horno eléctrico,R3,98.42,8,2024-01-20,2,Electrodomésticos,93-124
164,1489,143,Batidora,R3,95.59,3,2024-01-20,2,Electrodomésticos,91-126
165,2187,203,Cámara digital,R3,108.61,2,2024-01-20,3,Electrónica,87-123
166,2588,362,SmartWatch,R2,83.01,11,2024-01-20,3,Electrónica,55-91
167,2721,311,Parlantes Bluetooth,R1,40.74,6,2024-01-20,3,Electrónica,25-61
168,2897,202,Cámara digital,R2,71.45,5,2024-01-20,3,Electrónica,56-87
169,2987,203,Cámara digital,R3,91.13,8,2024-01-20,3,Electrónica,87-123
170,59,293,Lámpara de mesa,R3,121.72,8,2024-01-21,1,Decoración,83-126
171,754,262,Jarrón decorativo,R2,91.53,12,2024-01-21,1,Decoración,57-92
172,1117,253,Horno eléctrico,R3,103.57,1,2024-01-21,2,Electrodomésticos,93-124
173,1140,321,Plancha de vapor,R1,27.61,7,2024-01-21,2,Electrodomésticos,26-55
174,1145,282,Lavadora,R2,67.2,11,2024-01-21,2,Electrodomésticos,55-92
175,1286,352,Secadora,R2,84.5,11,2024-01-21,2,Electrodomésticos,50-93
176,1754,123,Aspiradora,R3,104.86,8,2024-01-21,2,Electrodomésticos,93-125
177,1882,151,Cafetera,R1,51.16,12,2024-01-21,2,Electrodomésticos,25-61
178,2560,172,Consola de videojuegos,R2,87.23,5,2024-01-21,3,Electrónica,55-90
179,442,191,Cuadro decorativo,R1,29.17,1,2024-01-22,1,Decoración,25-61
180,547,212,Elementos de cerámica,R2,83.81,6,2024-01-22,1,Decoración,52-90
181,984,261,Jarrón decorativo,R1,26.97,5,2024-01-22,1,Decoración,26-57
182,1106,352,Secadora,R2,91.54,2,2024-01-22,2,Electrodomésticos,50-93
183,1808,151,Cafetera,R1,45.98,3,2024-01-22,2,Electrodomésticos,25-61
184,1981,231,Freidora eléctrica,R1,48.68,8,2024-01-22,2,Electrodomésticos,25-61
185,80,101,Adorno de pared,R1,51.56,5,2024-01-23,1,Decoración,25-66
186,189,291,Lámpara de mesa,R1,26.42,2,2024-01-23,1,Decoración,25-57
187,839,293,Lámpara de mesa,R3,96.37,5,2024-01-23,1,Decoración,83-126
188,947,213,Elementos de cerámica,R3,117.34,1,2024-01-23,1,Decoración,90-125
189,1592,152,Cafetera,R2,86.79,3,2024-01-23,2,Electrodomésticos,61-98
190,2690,173,Consola de videojuegos,R3,102.4,2,2024-01-23,3,Electrónica,90-126
191,39,292,Lámpara de mesa,R2,57.35,12,2024-01-24,1,Decoración,57-83
192,164,262,Jarrón decorativo,R2,66.27,1,2024-01-24,1,Decoración,57-92
193,196,182,Cortinas,R2,90.87,4,2024-01-24,1,Decoración,57-91
194,768,343,Rincón de plantas,R3,89.47,2,2024-01-24,1,Decoración,86-124
195,1515,283,Lavadora,R3,108.37,1,2024-01-24,2,Electrodomésticos,92-124
196,1786,351,Secadora,R1,40.63,3,2024-01-24,2,Electrodomésticos,26-50
197,1977,251,Horno eléctrico,R1,45.79,7,2024-01-24,2,Electrodomésticos,27-58
198,2354,381,Tablet,R1,27.98,8,2024-01-24,3,Electrónica,26-62
199,2543,372,Smartphone,R2,91.39,7,2024-01-24,3,Electrónica,64-101
200,2623,371,Smartphone,R1,27.32,7,2024-01-24,3,Electrónica,26-64
201,2982,391,Televisor,R1,26.7,9,2024-01-24,3,Electrónica,26-57
202,85,112,Alfombra,R2,71.14,2,2024-01-25,1,Decoración,54-89
203,983,223,Espejo decorativo,R3,123.22,10,2024-01-25,1,Decoración,93-125
204,1378,152,Cafetera,R2,96.94,4,2024-01-25,2,Electrodomésticos,61-98
205,1485,282,Lavadora,R2,66.16,4,2024-01-25,2,Electrodomésticos,55-92
206,1503,301,Microondas,R1,39.45,9,2024-01-25,2,Electrodomésticos,26-67
207,2121,313,Parlantes Bluetooth,R3,100.6,6,2024-01-25,3,Electrónica,89-125
208,2340,173,Consola de videojuegos,R3,109.68,5,2024-01-25,3,Electrónica,90-126
209,2502,392,Televisor,R2,77.83,8,2024-01-25,3,Electrónica,57-85
210,2619,332,Proyector,R2,70.1,10,2024-01-25,3,Electrónica,63-86
211,2735,133,Auriculares,R3,93.37,10,2024-01-25,3,Electrónica,93-125
212,2948,361,SmartWatch,R1,29.15,2,2024-01-25,3,Electrónica,25-55
213,73,221,Espejo decorativo,R1,52.58,9,2024-01-26,1,Decoración,25-57
214,621,292,Lámpara de mesa,R2,70.6,6,2024-01-26,1,Decoración,57-83
215,787,213,Elementos de cerámica,R3,106.39,6,2024-01-26,1,Decoración,90-125
216,933,223,Espejo decorativo,R3,110.02,1,2024-01-26,1,Decoración,93-125
217,1768,153,Cafetera,R3,120.32,9,2024-01-26,2,Electrodomésticos,98-126
218,2252,393,Televisor,R3,89.27,8,2024-01-26,3,Electrónica,85-124
219,2305,131,Auriculares,R1,31.03,9,2024-01-26,3,Electrónica,26-58
220,218,343,Rincón de plantas,R3,120.32,1,2024-01-27,1,Decoración,86-124
221,310,103,Adorno de pared,R3,103.79,2,2024-01-27,1,Decoración,91-120
222,496,181,Cortinas,R1,37.02,5,2024-01-27,1,Decoración,25-57
223,1360,323,Plancha de vapor,R3,95.1,2,2024-01-27,2,Electrodomésticos,88-125
224,1744,121,Aspiradora,R1,28.79,12,2024-01-27,2,Electrodomésticos,26-64
225,1877,251,Horno eléctrico,R1,53.46,4,2024-01-27,2,Electrodomésticos,27-58
226,2165,131,Auriculares,R1,47.24,9,2024-01-27,3,Electrónica,26-58
227,2218,361,SmartWatch,R1,54.84,1,2024-01-27,3,Electrónica,25-55
228,2222,391,Televisor,R1,33.19,9,2024-01-27,3,Electrónica,26-57
229,2546,271,Laptop,R1,30.31,2,2024-01-27,3,Electrónica,27-58
230,617,211,Elementos de cerámica,R1,28.22,4,2024-01-28,1,Decoración,26-52
231,641,293,Lámpara de mesa,R3,95.46,10,2024-01-28,1,Decoración,83-126
232,912,193,Cuadro decorativo,R3,111.56,9,2024-01-28,1,Decoración,86-126
233,1999,143,Batidora,R3,103.27,3,2024-01-28,2,Electrodomésticos,91-126
234,2323,371,Smartphone,R1,34.5,1,2024-01-28,3,Electrónica,26-64
235,2636,271,Laptop,R1,33.07,10,2024-01-28,3,Electrónica,27-58
236,2693,373,Smartphone,R3,115.81,1,2024-01-28,3,Electrónica,101-126
237,373,221,Espejo decorativo,R1,29.77,11,2024-01-29,1,Decoración,25-57
238,1452,152,Cafetera,R2,88.56,8,2024-01-29,2,Electrodomésticos,61-98
239,1645,282,Lavadora,R2,76.5,3,2024-01-29,2,Electrodomésticos,55-92
240,2228,363,SmartWatch,R3,100.06,7,2024-01-29,3,Electrónica,91-126
241,2240,171,Consola de videojuegos,R1,43.35,8,2024-01-29,3,Electrónica,29-55
242,2245,131,Auriculares,R1,53.45,8,2024-01-29,3,Electrónica,26-58
243,2653,373,Smartphone,R3,121.22,6,2024-01-29,3,Electrónica,101-126
244,2870,172,Consola de videojuegos,R2,72.39,1,2024-01-29,3,Electrónica,55-90
245,2938,363,SmartWatch,R3,122.68,1,2024-01-29,3,Electrónica,91-126
246,2953,373,Smartphone,R3,121.0,12,2024-01-29,3,Electrónica,101-126
247,1046,353,Secadora,R3,109.0,11,2024-01-30,2,Electrodomésticos,93-125
248,1886,351,Secadora,R1,47.91,1,2024-01-30,2,Electrodomésticos,26-50
249,1965,281,Lavadora,R1,43.52,7,2024-01-30,2,Electrodomésticos,26-55
250,2005,131,Auriculares,R1,56.56,4,2024-01-30,3,Electrónica,26-58
251,2273,371,Smartphone,R1,59.33,2,2024-01-30,3,Electrónica,26-64
252,2522,393,Televisor,R3,94.98,2,2024-01-30,3,Electrónica,85-124
253,2784,381,Tablet,R1,41.96,9,2024-01-30,3,Electrónica,26-62
254,2945,133,Auriculares,R3,115.2,1,2024-01-30,3,Electrónica,93-125
255,50,102,Adorno de pared,R2,83.1,5,2024-01-31,1,Decoración,66-91
256,162,191,Cuadro decorativo,R1,59.6,5,2024-01-31,1,Decoración,25-61
257,259,292,Lámpara de mesa,R2,78.89,11,2024-01-31,1,Decoración,57-83
258,277,212,Elementos de cerámica,R2,52.17,7,2024-01-31,1,Decoración,52-90
259,852,192,Cuadro decorativo,R2,78.93,4,2024-01-31,1,Decoración,61-86
260,1185,283,Lavadora,R3,92.36,1,2024-01-31,2,Electrodomésticos,92-124
261,1210,323,Plancha de vapor,R3,101.96,10,2024-01-31,2,Electrodomésticos,88-125
262,1254,122,Aspiradora,R2,74.11,11,2024-01-31,2,Electrodomésticos,64-93
263,1481,233,Freidora eléctrica,R3,121.77,12,2024-01-31,2,Electrodomésticos,90-125
264,1898,152,Cafetera,R2,63.54,9,2024-01-31,2,Electrodomésticos,61-98
265,2185,131,Auriculares,R1,35.74,11,2024-01-31,3,Electrónica,26-58
266,2752,133,Auriculares,R3,119.77,5,2024-01-31,3,Electrónica,93-125
267,2916,273,Laptop,R3,93.91,2,2024-01-31,3,Electrónica,89-126
268,733,221,Espejo decorativo,R1,44.37,2,2024-02-01,1,Decoración,25-57
269,848,342,Rincón de plantas,R2,81.92,10,2024-02-01,1,Decoración,63-86
270,1102,153,Cafetera,R3,108.33,2,2024-02-01,2,Electrodomésticos,98-126
271,1764,123,Aspiradora,R3,112.38,10,2024-02-01,2,Electrodomésticos,93-125
272,1813,302,Microondas,R2,89.16,5,2024-02-01,2,Electrodomésticos,67-94
273,2069,332,Proyector,R2,76.17,12,2024-02-01,3,Electrónica,63-86
274,2474,133,Auriculares,R3,123.41,8,2024-02-01,3,Electrónica,93-125
275,2680,172,Consola de videojuegos,R2,89.96,2,2024-02-01,3,Electrónica,55-90
276,380,101,Adorno de pared,R1,45.84,10,2024-02-02,1,Decoración,25-66
277,557,213,Elementos de cerámica,R3,108.86,6,2024-02-02,1,Decoración,90-125
278,828,341,Rincón de plantas,R1,27.95,7,2024-02-02,1,Decoración,25-63
279,829,291,Lámpara de mesa,R1,41.6,12,2024-02-02,1,Decoración,25-57
280,1600,321,Plancha de vapor,R1,47.6,10,2024-02-02,2,Electrodomésticos,26-55
281,2079,333,Proyector,R3,111.74,6,2024-02-02,3,Electrónica,86-125
282,2115,131,Auriculares,R1,26.0,9,2024-02-02,3,Electrónica,26-58
283,2133,372,Smartphone,R2,88.43,2,2024-02-02,3,Electrónica,64-101
284,2329,331,Proyector,R1,62.88,7,2024-02-02,3,Electrónica,26-63
285,2476,273,Laptop,R3,109.23,7,2024-02-02,3,Electrónica,89-126
286,2548,363,SmartWatch,R3,108.99,10,2024-02-02,3,Electrónica,91-126
287,211,291,Lámpara de mesa,R1,30.03,8,2024-02-03,1,Decoración,25-57
288,541,292,Lámpara de mesa,R2,76.33,10,2024-02-03,1,Decoración,57-83
289,695,111,Alfombra,R1,51.29,2,2024-02-03,1,Decoración,28-54
290,1336,351,Secadora,R1,42.81,7,2024-02-03,2,Electrodomésticos,26-50
291,1499,142,Batidora,R2,77.53,4,2024-02-03,2,Electrodomésticos,65-91
292,2007,203,Cámara digital,R3,117.11,9,2024-02-03,3,Electrónica,87-123
293,2068,361,SmartWatch,R1,49.23,4,2024-02-03,3,Electrónica,25-55
294,2758,362,SmartWatch,R2,81.32,6,2024-02-03,3,Electrónica,55-91
295,2851,313,Parlantes Bluetooth,R3,110.42,2,2024-02-03,3,Electrónica,89-125
296,64,263,Jarrón decorativo,R3,104.16,10,2024-02-04,1,Decoración,92-126
297,763,223,Espejo decorativo,R3,117.99,3,2024-02-04,1,Decoración,93-125
298,1424,122,Aspiradora,R2,69.31,10,2024-02-04,2,Electrodomésticos,64-93
299,1455,281,Lavadora,R1,38.61,10,2024-02-04,2,Electrodomésticos,26-55
300,1456,352,Secadora,R2,84.24,3,2024-02-04,2,Electrodomésticos,50-93
301,2315,133,Auriculares,R3,109.07,4,2024-02-04,3,Electrónica,93-125
302,2832,391,Televisor,R1,49.23,4,2024-02-04,3,Electrónica,26-57
303,24,262,Jarrón decorativo,R2,70.51,12,2024-02-05,1,Decoración,57-92
304,40,103,Adorno de pared,R3,100.32,10,2024-02-05,1,Decoración,91-120
305,347,212,Elementos de cerámica,R2,83.52,12,2024-02-05,1,Decoración,52-90
306,911,291,Lámpara de mesa,R1,33.9,4,2024-02-05,1,Decoración,25-57
307,1451,231,Freidora eléctrica,R1,48.52,4,2024-02-05,2,Electrodomésticos,25-61
308,1855,283,Lavadora,R3,123.28,8,2024-02-05,2,Electrodomésticos,92-124
309,1961,232,Freidora eléctrica,R2,81.99,1,2024-02-05,2,Electrodomésticos,61-90
310,2378,362,SmartWatch,R2,72.38,1,2024-02-05,3,Electrónica,55-91
311,2426,271,Laptop,R1,47.57,4,2024-02-05,3,Electrónica,27-58
312,1064,122,Aspiradora,R2,65.0,9,2024-02-06,2,Electrodomésticos,64-93
313,1313,302,Microondas,R2,82.58,9,2024-02-06,2,Electrodomésticos,67-94
314,1848,153,Cafetera,R3,123.27,4,2024-02-06,2,Electrodomésticos,98-126
315,2267,202,Cámara digital,R2,57.81,10,2024-02-06,3,Electrónica,56-87
316,2438,361,SmartWatch,R1,45.98,3,2024-02-06,3,Electrónica,25-55
317,2566,272,Laptop,R2,70.59,9,2024-02-06,3,Electrónica,58-89
318,2617,203,Cámara digital,R3,89.53,9,2024-02-06,3,Electrónica,87-123
319,2627,203,Cámara digital,R3,102.83,5,2024-02-06,3,Electrónica,87-123
320,381,293,Lámpara de mesa,R3,124.57,3,2024-02-07,1,Decoración,83-126
321,393,223,Espejo decorativo,R3,122.11,7,2024-02-07,1,Decoración,93-125
322,662,191,Cuadro decorativo,R1,42.09,12,2024-02-07,1,Decoración,25-61
323,770,103,Adorno de pared,R3,103.74,5,2024-02-07,1,Decoración,91-120
324,895,113,Alfombra,R3,102.72,2,2024-02-07,1,Decoración,89-125
325,1340,321,Plancha de vapor,R1,48.48,10,2024-02-07,2,Electrodomésticos,26-55
326,1422,153,Cafetera,R3,109.97,2,2024-02-07,2,Electrodomésticos,98-126
327,1554,123,Aspiradora,R3,124.82,3,2024-02-07,2,Electrodomésticos,93-125
328,2584,131,Auriculares,R1,42.67,6,2024-02-07,3,Electrónica,26-58
329,163,221,Espejo decorativo,R1,30.11,12,2024-02-08,1,Decoración,25-57
330,367,211,Elementos de cerámica,R1,47.0,2,2024-02-08,1,Decoración,26-52
331,745,111,Alfombra,R1,50.02,12,2024-02-08,1,Decoración,28-54
332,850,103,Adorno de pared,R3,112.03,9,2024-02-08,1,Decoración,91-120
333,971,292,Lámpara de mesa,R2,79.91,8,2024-02-08,1,Decoración,57-83
334,1501,231,Freidora eléctrica,R1,58.69,4,2024-02-08,2,Electrodomésticos,25-61
335,1529,142,Batidora,R2,79.14,10,2024-02-08,2,Electrodomésticos,65-91
336,2618,362,SmartWatch,R2,64.98,11,2024-02-08,3,Electrónica,55-91
337,809,292,Lámpara de mesa,R2,58.38,4,2024-02-09,1,Decoración,57-83
338,1371,233,Freidora eléctrica,R3,95.71,4,2024-02-09,2,Electrodomésticos,90-125
339,1791,231,Freidora eléctrica,R1,51.37,9,2024-02-09,2,Electrodomésticos,25-61
340,2294,131,Auriculares,R1,54.54,9,2024-02-09,3,Electrónica,26-58
341,2668,363,SmartWatch,R3,97.01,4,2024-02-09,3,Electrónica,91-126
342,2718,363,SmartWatch,R3,110.23,11,2024-02-09,3,Electrónica,91-126
343,135,112,Alfombra,R2,78.47,1,2024-02-10,1,Decoración,54-89
344,212,191,Cuadro decorativo,R1,52.83,12,2024-02-10,1,Decoración,25-61
345,229,293,Lámpara de mesa,R3,99.71,3,2024-02-10,1,Decoración,83-126
346,737,213,Elementos de cerámica,R3,116.82,3,2024-02-10,1,Decoración,90-125
347,840,103,Adorno de pared,R3,91.48,9,2024-02-10,1,Decoración,91-120
348,949,293,Lámpara de mesa,R3,87.04,1,2024-02-10,1,Decoración,83-126
349,1294,121,Aspiradora,R1,26.11,9,2024-02-10,2,Electrodomésticos,26-64
350,1436,351,Secadora,R1,45.43,11,2024-02-10,2,Electrodomésticos,26-50
351,1696,353,Secadora,R3,115.57,12,2024-02-10,2,Electrodomésticos,93-125
352,2013,371,Smartphone,R1,49.34,12,2024-02-10,3,Electrónica,26-64
353,2203,371,Smartphone,R1,59.33,5,2024-02-10,3,Electrónica,26-64
354,2873,372,Smartphone,R2,74.8,5,2024-02-10,3,Electrónica,64-101
355,2973,372,Smartphone,R2,97.62,1,2024-02-10,3,Electrónica,64-101
356,43,222,Espejo decorativo,R2,81.16,2,2024-02-11,1,Decoración,57-93
357,205,113,Alfombra,R3,108.67,4,2024-02-11,1,Decoración,89-125
358,417,211,Elementos de cerámica,R1,35.97,2,2024-02-11,1,Decoración,26-52
359,462,193,Cuadro decorativo,R3,109.69,8,2024-02-11,1,Decoración,86-126
360,1730,323,Plancha de vapor,R3,101.57,10,2024-02-11,2,Electrodomésticos,88-125
361,1901,232,Freidora eléctrica,R2,83.07,6,2024-02-11,2,Electrodomésticos,61-90
362,2440,173,Consola de videojuegos,R3,110.79,8,2024-02-11,3,Electrónica,90-126
363,2952,393,Televisor,R3,112.58,5,2024-02-11,3,Electrónica,85-124
364,362,192,Cuadro decorativo,R2,71.97,12,2024-02-12,1,Decoración,61-86
365,952,192,Cuadro decorativo,R2,72.08,11,2024-02-12,1,Decoración,61-86
366,970,101,Adorno de pared,R1,37.5,3,2024-02-12,1,Decoración,25-66
367,1963,303,Microondas,R3,96.35,3,2024-02-12,2,Electrodomésticos,94-126
368,2122,393,Televisor,R3,97.3,9,2024-02-12,3,Electrónica,85-124
369,2334,131,Auriculares,R1,57.41,4,2024-02-12,3,Electrónica,26-58
370,2714,132,Auriculares,R2,74.7,10,2024-02-12,3,Electrónica,58-93
371,116,181,Cortinas,R1,40.19,3,2024-02-13,1,Decoración,25-57
372,2379,333,Proyector,R3,108.52,12,2024-02-13,3,Electrónica,86-125
373,2669,331,Proyector,R1,26.52,3,2024-02-13,3,Electrónica,26-63
374,2739,332,Proyector,R2,63.33,10,2024-02-13,3,Electrónica,63-86
375,2766,271,Laptop,R1,31.94,11,2024-02-13,3,Electrónica,27-58
376,2829,331,Proyector,R1,33.84,5,2024-02-13,3,Electrónica,26-63
377,151,293,Lámpara de mesa,R3,113.01,7,2024-02-14,1,Decoración,83-126
378,366,183,Cortinas,R3,92.84,1,2024-02-14,1,Decoración,91-126
379,406,182,Cortinas,R2,64.96,1,2024-02-14,1,Decoración,57-91
380,884,262,Jarrón decorativo,R2,82.89,10,2024-02-14,1,Decoración,57-92
381,1488,152,Cafetera,R2,79.98,2,2024-02-14,2,Electrodomésticos,61-98
382,1946,352,Secadora,R2,69.17,6,2024-02-14,2,Electrodomésticos,50-93
383,2154,131,Auriculares,R1,45.97,12,2024-02-14,3,Electrónica,26-58
384,2571,313,Parlantes Bluetooth,R3,123.36,5,2024-02-14,3,Electrónica,89-125
385,2871,313,Parlantes Bluetooth,R3,101.08,7,2024-02-14,3,Electrónica,89-125
386,282,193,Cuadro decorativo,R3,87.42,7,2024-02-15,1,Decoración,86-126
387,457,211,Elementos de cerámica,R1,38.25,1,2024-02-15,1,Decoración,26-52
388,946,183,Cortinas,R3,109.32,7,2024-02-15,1,Decoración,91-126
389,1353,303,Microondas,R3,98.65,2,2024-02-15,2,Electrodomésticos,94-126
390,2782,392,Televisor,R2,62.8,8,2024-02-15,3,Electrónica,57-85
391,2979,332,Proyector,R2,65.41,7,2024-02-15,3,Electrónica,63-86
392,1070,321,Plancha de vapor,R1,48.23,5,2024-02-16,2,Electrodomésticos,26-55
393,1265,283,Lavadora,R3,120.53,5,2024-02-16,2,Electrodomésticos,92-124
394,1798,152,Cafetera,R2,97.97,2,2024-02-16,2,Electrodomésticos,61-98
395,2304,131,Auriculares,R1,44.56,8,2024-02-16,3,Electrónica,26-58
396,2595,132,Auriculares,R2,81.96,2,2024-02-16,3,Electrónica,58-93
397,2825,131,Auriculares,R1,39.92,4,2024-02-16,3,Electrónica,26-58
398,727,213,Elementos de cerámica,R3,108.86,6,2024-02-17,1,Decoración,90-125
399,913,222,Espejo decorativo,R2,59.36,4,2024-02-17,1,Decoración,57-93
400,1346,352,Secadora,R2,64.11,4,2024-02-17,2,Electrodomésticos,50-93
401,1623,303,Microondas,R3,95.91,4,2024-02-17,2,Electrodomésticos,94-126
402,1924,121,Aspiradora,R1,38.1,9,2024-02-17,2,Electrodomésticos,26-64
403,2246,272,Laptop,R2,76.02,10,2024-02-17,3,Electrónica,58-89
404,2255,132,Auriculares,R2,72.37,8,2024-02-17,3,Electrónica,58-93
405,2345,132,Auriculares,R2,61.61,4,2024-02-17,3,Electrónica,58-93
406,275,111,Alfombra,R1,36.14,8,2024-02-18,1,Decoración,28-54
407,276,183,Cortinas,R3,98.73,10,2024-02-18,1,Decoración,91-126
408,436,182,Cortinas,R2,76.78,7,2024-02-18,1,Decoración,57-91
409,492,193,Cuadro decorativo,R3,120.22,5,2024-02-18,1,Decoración,86-126
410,658,343,Rincón de plantas,R3,96.23,8,2024-02-18,1,Decoración,86-124
411,694,263,Jarrón decorativo,R3,96.35,10,2024-02-18,1,Decoración,92-126
412,1081,233,Freidora eléctrica,R3,95.5,4,2024-02-18,2,Electrodomésticos,90-125
413,1115,283,Lavadora,R3,96.75,3,2024-02-18,2,Electrodomésticos,92-124
414,1510,322,Plancha de vapor,R2,79.95,10,2024-02-18,2,Electrodomésticos,55-88
415,2136,272,Laptop,R2,61.22,2,2024-02-18,3,Electrónica,58-89
416,2302,392,Televisor,R2,69.69,5,2024-02-18,3,Electrónica,57-85
417,2837,202,Cámara digital,R2,63.35,1,2024-02-18,3,Electrónica,56-87
418,83,223,Espejo decorativo,R3,101.38,6,2024-02-19,1,Decoración,93-125
419,252,193,Cuadro decorativo,R3,110.99,8,2024-02-19,1,Decoración,86-126
420,428,342,Rincón de plantas,R2,74.58,11,2024-02-19,1,Decoración,63-86
421,728,341,Rincón de plantas,R1,58.34,2,2024-02-19,1,Decoración,25-63
422,878,341,Rincón de plantas,R1,29.09,12,2024-02-19,1,Decoración,25-63
423,52,191,Cuadro decorativo,R1,52.23,10,2024-02-20,1,Decoración,25-61
424,387,212,Elementos de cerámica,R2,76.94,12,2024-02-20,1,Decoración,52-90
425,722,192,Cuadro decorativo,R2,84.63,5,2024-02-20,1,Decoración,61-86
426,1409,142,Batidora,R2,79.1,4,2024-02-20,2,Electrodomésticos,65-91
427,1568,153,Cafetera,R3,99.1,10,2024-02-20,2,Electrodomésticos,98-126
428,1788,151,Cafetera,R1,45.67,4,2024-02-20,2,Electrodomésticos,25-61
429,2077,201,Cámara digital,R1,28.16,4,2024-02-20,3,Electrónica,25-56
430,2706,271,Laptop,R1,51.15,2,2024-02-20,3,Electrónica,27-58
431,2900,172,Consola de videojuegos,R2,63.26,2,2024-02-20,3,Electrónica,55-90
432,2992,373,Smartphone,R3,116.25,8,2024-02-20,3,Electrónica,101-126
433,288,341,Rincón de plantas,R1,59.16,11,2024-02-21,1,Decoración,25-63
434,408,342,Rincón de plantas,R2,63.23,7,2024-02-21,1,Decoración,63-86
435,720,102,Adorno de pared,R2,90.05,1,2024-02-21,1,Decoración,66-91
436,1031,233,Freidora eléctrica,R3,117.97,6,2024-02-21,2,Electrodomésticos,90-125
437,1186,352,Secadora,R2,80.16,9,2024-02-21,2,Electrodomésticos,50-93
438,1453,301,Microondas,R1,60.46,5,2024-02-21,2,Electrodomésticos,26-67
439,1660,321,Plancha de vapor,R1,35.94,12,2024-02-21,2,Electrodomésticos,26-55
440,1700,322,Plancha de vapor,R2,75.08,6,2024-02-21,2,Electrodomésticos,55-88
441,1820,321,Plancha de vapor,R1,45.5,12,2024-02-21,2,Electrodomésticos,26-55
442,2083,371,Smartphone,R1,32.6,8,2024-02-21,3,Electrónica,26-64
443,2742,391,Televisor,R1,49.01,3,2024-02-21,3,Electrónica,26-57
444,2903,371,Smartphone,R1,53.67,6,2024-02-21,3,Electrónica,26-64
445,707,212,Elementos de cerámica,R2,63.79,1,2024-02-22,1,Decoración,52-90
446,888,341,Rincón de plantas,R1,36.28,12,2024-02-22,1,Decoración,25-63
447,891,291,Lámpara de mesa,R1,44.78,4,2024-02-22,1,Decoración,25-57
448,928,343,Rincón de plantas,R3,111.8,5,2024-02-22,1,Decoración,86-124
449,1508,153,Cafetera,R3,124.68,1,2024-02-22,2,Electrodomésticos,98-126
450,1582,151,Cafetera,R1,53.82,7,2024-02-22,2,Electrodomésticos,25-61
451,2056,273,Laptop,R3,99.0,11,2024-02-22,3,Electrónica,89-126
452,2883,371,Smartphone,R1,59.99,12,2024-02-22,3,Electrónica,26-64
453,86,181,Cortinas,R1,36.75,12,2024-02-23,1,Decoración,25-57
454,92,191,Cuadro decorativo,R1,35.48,3,2024-02-23,1,Decoración,25-61
455,199,291,Lámpara de mesa,R1,31.24,1,2024-02-23,1,Decoración,25-57
456,269,292,Lámpara de mesa,R2,66.48,1,2024-02-23,1,Decoración,57-83
457,752,193,Cuadro decorativo,R3,110.51,11,2024-02-23,1,Decoración,86-126
458,1323,301,Microondas,R1,52.26,8,2024-02-23,2,Electrodomésticos,26-67
459,2419,331,Proyector,R1,52.52,3,2024-02-23,3,Electrónica,26-63
460,2503,371,Smartphone,R1,32.58,9,2024-02-23,3,Electrónica,26-64
461,2541,311,Parlantes Bluetooth,R1,26.71,12,2024-02-23,3,Electrónica,25-61
462,2587,202,Cámara digital,R2,61.4,7,2024-02-23,3,Electrónica,56-87
463,365,112,Alfombra,R2,58.82,9,2024-02-24,1,Decoración,54-89
464,577,212,Elementos de cerámica,R2,60.17,7,2024-02-24,1,Decoración,52-90
465,929,291,Lámpara de mesa,R1,48.58,11,2024-02-24,1,Decoración,25-57
466,930,102,Adorno de pared,R2,75.13,6,2024-02-24,1,Decoración,66-91
467,1182,153,Cafetera,R3,113.84,2,2024-02-24,2,Electrodomésticos,98-126
468,1558,152,Cafetera,R2,68.89,6,2024-02-24,2,Electrodomésticos,61-98
469,1817,251,Horno eléctrico,R1,31.5,4,2024-02-24,2,Electrodomésticos,27-58
470,2058,361,SmartWatch,R1,35.41,3,2024-02-24,3,Electrónica,25-55
471,2768,361,SmartWatch,R1,29.39,11,2024-02-24,3,Electrónica,25-55
472,2816,271,Laptop,R1,29.49,8,2024-02-24,3,Electrónica,27-58
473,2943,371,Smartphone,R1,28.64,2,2024-02-24,3,Electrónica,26-64
474,1703,302,Microondas,R2,91.81,9,2024-02-25,2,Electrodomésticos,67-94
475,1852,152,Cafetera,R2,76.0,7,2024-02-25,2,Electrodomésticos,61-98
476,2175,133,Auriculares,R3,117.03,6,2024-02-25,3,Electrónica,93-125
477,2232,392,Televisor,R2,70.17,7,2024-02-25,3,Electrónica,57-85
478,2269,332,Proyector,R2,74.59,4,2024-02-25,3,Electrónica,63-86
479,2398,361,SmartWatch,R1,47.21,1,2024-02-25,3,Electrónica,25-55
480,332,193,Cuadro decorativo,R3,124.2,10,2024-02-26,1,Decoración,86-126
481,581,293,Lámpara de mesa,R3,106.58,3,2024-02-26,1,Decoración,83-126
482,697,212,Elementos de cerámica,R2,67.37,2,2024-02-26,1,Decoración,52-90
483,1740,321,Plancha de vapor,R1,45.37,6,2024-02-26,2,Electrodomésticos,26-55
484,2319,332,Proyector,R2,65.89,4,2024-02-26,3,Electrónica,63-86
485,2551,312,Parlantes Bluetooth,R2,62.77,6,2024-02-26,3,Electrónica,61-89
486,2,193,Cuadro decorativo,R3,106.12,3,2024-02-27,1,Decoración,86-126
487,171,292,Lámpara de mesa,R2,62.47,6,2024-02-27,1,Decoración,57-83
488,239,291,Lámpara de mesa,R1,46.25,12,2024-02-27,1,Decoración,25-57
489,1095,282,Lavadora,R2,67.17,9,2024-02-27,2,Electrodomésticos,55-92
490,1138,152,Cafetera,R2,92.62,8,2024-02-27,2,Electrodomésticos,61-98
491,1835,281,Lavadora,R1,46.18,10,2024-02-27,2,Electrodomésticos,26-55
492,1988,151,Cafetera,R1,49.32,3,2024-02-27,2,Electrodomésticos,25-61
493,2594,383,Tablet,R3,82.71,7,2024-02-27,3,Electrónica,81-124
494,2810,171,Consola de videojuegos,R1,31.09,1,2024-02-27,3,Electrónica,29-55
495,2964,383,Tablet,R3,99.82,8,2024-02-27,3,Electrónica,81-124
496,95,112,Alfombra,R2,87.85,2,2024-02-28,1,Decoración,54-89
497,150,101,Adorno de pared,R1,27.92,5,2024-02-28,1,Decoración,25-66
498,702,193,Cuadro decorativo,R3,112.56,9,2024-02-28,1,Decoración,86-126
499,1136,351,Secadora,R1,41.84,8,2024-02-28,2,Electrodomésticos,26-50
500,1272,153,Cafetera,R3,100.92,1,2024-02-28,2,Electrodomésticos,98-126
501,1410,323,Plancha de vapor,R3,122.77,10,2024-02-28,2,Electrodomésticos,88-125
502,1669,142,Batidora,R2,69.74,8,2024-02-28,2,Electrodomésticos,65-91
503,1793,303,Microondas,R3,108.34,12,2024-02-28,2,Electrodomésticos,94-126
504,1839,141,Batidora,R1,63.5,3,2024-02-28,2,Electrodomésticos,27-65
505,2110,172,Consola de videojuegos,R2,81.69,4,2024-02-28,3,Electrónica,55-90
506,2695,133,Auriculares,R3,104.59,9,2024-02-28,3,Electrónica,93-125
507,2697,203,Cámara digital,R3,117.71,2,2024-02-28,3,Electrónica,87-123
508,79,293,Lámpara de mesa,R3,119.69,10,2024-02-29,1,Decoración,83-126
509,734,263,Jarrón decorativo,R3,108.99,6,2024-02-29,1,Decoración,92-126
510,822,191,Cuadro decorativo,R1,34.33,11,2024-02-29,1,Decoración,25-61
511,1569,143,Batidora,R3,122.02,12,2024-02-29,2,Electrodomésticos,91-126
512,1570,323,Plancha de vapor,R3,114.48,4,2024-02-29,2,Electrodomésticos,88-125
513,1984,122,Aspiradora,R2,88.95,11,2024-02-29,2,Electrodomésticos,64-93
514,2104,382,Tablet,R2,78.87,5,2024-02-29,3,Electrónica,62-81
515,2223,373,Smartphone,R3,116.89,6,2024-02-29,3,Electrónica,101-126
516,661,293,Lámpara de mesa,R3,85.58,11,2024-03-01,1,Decoración,83-126
517,1189,142,Batidora,R2,82.18,6,2024-03-01,2,Electrodomésticos,65-91
518,1263,301,Microondas,R1,54.11,7,2024-03-01,2,Electrodomésticos,26-67
519,2699,332,Proyector,R2,66.66,6,2024-03-01,3,Electrónica,63-86
520,337,213,Elementos de cerámica,R3,92.88,10,2024-03-02,1,Decoración,90-125
521,396,181,Cortinas,R1,39.63,2,2024-03-02,1,Decoración,25-57
522,454,262,Jarrón decorativo,R2,80.34,7,2024-03-02,1,Decoración,57-92
523,868,342,Rincón de plantas,R2,85.49,2,2024-03-02,1,Decoración,63-86
524,1089,141,Batidora,R1,61.72,8,2024-03-02,2,Electrodomésticos,27-65
525,2322,392,Televisor,R2,81.31,9,2024-03-02,3,Electrónica,57-85
526,2572,393,Televisor,R3,123.48,7,2024-03-02,3,Electrónica,85-124
527,2777,201,Cámara digital,R1,31.52,8,2024-03-02,3,Electrónica,25-56
528,8,342,Rincón de plantas,R2,70.24,7,2024-03-03,1,Decoración,63-86
529,356,183,Cortinas,R3,122.97,5,2024-03-03,1,Decoración,91-126
530,403,222,Espejo decorativo,R2,64.37,1,2024-03-03,1,Decoración,57-93
531,760,102,Adorno de pared,R2,77.65,1,2024-03-03,1,Decoración,66-91
532,985,113,Alfombra,R3,118.35,3,2024-03-03,1,Decoración,89-125
533,2975,131,Auriculares,R1,55.2,10,2024-03-03,3,Electrónica,26-58
534,186,183,Cortinas,R3,108.74,3,2024-03-04,1,Decoración,91-126
535,954,263,Jarrón decorativo,R3,112.06,1,2024-03-04,1,Decoración,92-126
536,1622,151,Cafetera,R1,38.44,7,2024-03-04,2,Electrodomésticos,25-61
537,1646,351,Secadora,R1,33.89,7,2024-03-04,2,Electrodomésticos,26-50
538,1761,233,Freidora eléctrica,R3,109.97,7,2024-03-04,2,Electrodomésticos,90-125
539,1812,153,Cafetera,R3,106.32,1,2024-03-04,2,Electrodomésticos,98-126
540,2489,332,Proyector,R2,77.06,1,2024-03-04,3,Electrónica,63-86
541,140,101,Adorno de pared,R1,44.91,1,2024-03-05,1,Decoración,25-66
542,324,262,Jarrón decorativo,R2,57.23,5,2024-03-05,1,Decoración,57-92
543,774,263,Jarrón decorativo,R3,115.58,12,2024-03-05,1,Decoración,92-126
544,1085,283,Lavadora,R3,108.53,10,2024-03-05,2,Electrodomésticos,92-124
545,1736,352,Secadora,R2,59.04,11,2024-03-05,2,Electrodomésticos,50-93
546,1741,232,Freidora eléctrica,R2,67.75,2,2024-03-05,2,Electrodomésticos,61-90
547,1743,302,Microondas,R2,81.63,6,2024-03-05,2,Electrodomésticos,67-94
548,2063,373,Smartphone,R3,124.01,12,2024-03-05,3,Electrónica,101-126
549,2102,391,Televisor,R1,33.14,1,2024-03-05,3,Electrónica,26-57
550,781,293,Lámpara de mesa,R3,115.77,11,2024-03-06,1,Decoración,83-126
551,1686,352,Secadora,R2,59.33,8,2024-03-06,2,Electrodomésticos,50-93
552,2099,331,Proyector,R1,40.99,2,2024-03-06,3,Electrónica,26-63
553,2388,363,SmartWatch,R3,100.57,9,2024-03-06,3,Electrónica,91-126
554,2498,363,SmartWatch,R3,100.96,10,2024-03-06,3,Electrónica,91-126
555,2942,393,Televisor,R3,119.68,2,2024-03-06,3,Electrónica,85-124
556,612,191,Cuadro decorativo,R1,45.04,10,2024-03-07,1,Decoración,25-61
557,635,111,Alfombra,R1,44.66,7,2024-03-07,1,Decoración,28-54
558,879,291,Lámpara de mesa,R1,34.26,11,2024-03-07,1,Decoración,25-57
559,1027,252,Horno eléctrico,R2,70.09,1,2024-03-07,2,Electrodomésticos,58-93
560,1052,151,Cafetera,R1,39.31,11,2024-03-07,2,Electrodomésticos,25-61
561,1982,153,Cafetera,R3,117.43,8,2024-03-07,2,Electrodomésticos,98-126
562,2270,173,Consola de videojuegos,R3,117.47,8,2024-03-07,3,Electrónica,90-126
563,2550,173,Consola de videojuegos,R3,118.87,6,2024-03-07,3,Electrónica,90-126
564,23,222,Espejo decorativo,R2,70.36,5,2024-03-08,1,Decoración,57-93
565,336,182,Cortinas,R2,84.55,5,2024-03-08,1,Decoración,57-91
566,348,341,Rincón de plantas,R1,46.49,1,2024-03-08,1,Decoración,25-63
567,435,113,Alfombra,R3,97.14,1,2024-03-08,1,Decoración,89-125
568,1229,141,Batidora,R1,29.86,4,2024-03-08,2,Electrodomésticos,27-65
569,1434,121,Aspiradora,R1,60.42,11,2024-03-08,2,Electrodomésticos,26-64
570,1557,251,Horno eléctrico,R1,53.29,12,2024-03-08,2,Electrodomésticos,27-58
571,1879,142,Batidora,R2,65.59,9,2024-03-08,2,Electrodomésticos,65-91
572,2233,371,Smartphone,R1,37.11,3,2024-03-08,3,Electrónica,26-64
573,156,181,Cortinas,R1,39.67,2,2024-03-09,1,Decoración,25-57
574,470,101,Adorno de pared,R1,34.68,5,2024-03-09,1,Decoración,25-66
575,685,113,Alfombra,R3,102.81,9,2024-03-09,1,Decoración,89-125
576,805,111,Alfombra,R1,48.99,8,2024-03-09,1,Decoración,28-54
577,1369,141,Batidora,R1,48.8,11,2024-03-09,2,Electrodomésticos,27-65
578,1513,302,Microondas,R2,69.57,1,2024-03-09,2,Electrodomésticos,67-94
579,1844,122,Aspiradora,R2,86.29,12,2024-03-09,2,Electrodomésticos,64-93
580,2002,392,Televisor,R2,68.99,10,2024-03-09,3,Electrónica,57-85
581,2664,381,Tablet,R1,54.19,3,2024-03-09,3,Electrónica,26-62
582,2684,132,Auriculares,R2,79.29,6,2024-03-09,3,Electrónica,58-93
583,2694,131,Auriculares,R1,51.71,3,2024-03-09,3,Electrónica,26-58
584,2826,271,Laptop,R1,39.13,8,2024-03-09,3,Electrónica,27-58
585,2983,373,Smartphone,R3,118.6,11,2024-03-09,3,Electrónica,101-126
586,74,261,Jarrón decorativo,R1,51.08,11,2024-03-10,1,Decoración,26-57
587,161,293,Lámpara de mesa,R3,96.41,11,2024-03-10,1,Decoración,83-126
588,967,211,Elementos de cerámica,R1,29.05,10,2024-03-10,1,Decoración,26-52
589,978,341,Rincón de plantas,R1,32.05,4,2024-03-10,1,Decoración,25-63
590,1169,142,Batidora,R2,85.59,5,2024-03-10,2,Electrodomésticos,65-91
591,1219,141,Batidora,R1,49.37,9,2024-03-10,2,Electrodomésticos,27-65
592,1330,321,Plancha de vapor,R1,28.85,11,2024-03-10,2,Electrodomésticos,26-55
593,1742,152,Cafetera,R2,96.84,11,2024-03-10,2,Electrodomésticos,61-98
594,1751,232,Freidora eléctrica,R2,77.13,4,2024-03-10,2,Electrodomésticos,61-90
595,1860,323,Plancha de vapor,R3,102.6,12,2024-03-10,2,Electrodomésticos,88-125
596,2944,131,Auriculares,R1,55.17,4,2024-03-10,3,Electrónica,26-58
597,91,293,Lámpara de mesa,R3,89.87,12,2024-03-11,1,Decoración,83-126
598,615,112,Alfombra,R2,65.09,5,2024-03-11,1,Decoración,54-89
599,1240,321,Plancha de vapor,R1,40.78,12,2024-03-11,2,Electrodomésticos,26-55
600,1311,232,Freidora eléctrica,R2,61.53,11,2024-03-11,2,Electrodomésticos,61-90
601,1707,252,Horno eléctrico,R2,59.05,8,2024-03-11,2,Electrodomésticos,58-93
602,1934,121,Aspiradora,R1,42.94,2,2024-03-11,2,Electrodomésticos,26-64
603,2436,271,Laptop,R1,43.34,8,2024-03-11,3,Electrónica,27-58
604,693,222,Espejo decorativo,R2,85.04,9,2024-03-12,1,Decoración,57-93
605,849,291,Lámpara de mesa,R1,46.89,2,2024-03-12,1,Decoración,25-57
606,887,211,Elementos de cerámica,R1,41.55,3,2024-03-12,1,Decoración,26-52
607,1042,243,Heladera,R3,121.85,10,2024-03-12,2,Electrodomésticos,91-123
608,1248,151,Cafetera,R1,30.7,5,2024-03-12,2,Electrodomésticos,25-61
609,1305,283,Lavadora,R3,114.72,9,2024-03-12,2,Electrodomésticos,92-124
610,2282,391,Televisor,R1,31.8,10,2024-03-12,3,Electrónica,26-57
611,2519,332,Proyector,R2,76.15,11,2024-03-12,3,Electrónica,63-86
612,543,222,Espejo decorativo,R2,79.98,10,2024-03-13,1,Decoración,57-93
613,623,222,Espejo decorativo,R2,74.95,3,2024-03-13,1,Decoración,57-93
614,874,262,Jarrón decorativo,R2,80.88,12,2024-03-13,1,Decoración,57-92
615,1173,302,Microondas,R2,71.13,12,2024-03-13,2,Electrodomésticos,67-94
616,1260,323,Plancha de vapor,R3,122.04,1,2024-03-13,2,Electrodomésticos,88-125
617,1295,281,Lavadora,R1,53.77,7,2024-03-13,2,Electrodomésticos,26-55
618,1620,322,Plancha de vapor,R2,76.32,5,2024-03-13,2,Electrodomésticos,55-88
619,1892,242,Heladera,R2,58.45,1,2024-03-13,2,Electrodomésticos,57-91
620,1916,353,Secadora,R3,110.04,11,2024-03-13,2,Electrodomésticos,93-125
621,2393,373,Smartphone,R3,113.88,9,2024-03-13,3,Electrónica,101-126
622,2437,202,Cámara digital,R2,80.06,3,2024-03-13,3,Electrónica,56-87
623,2688,363,SmartWatch,R3,119.73,12,2024-03-13,3,Electrónica,91-126
624,2858,362,SmartWatch,R2,89.27,6,2024-03-13,3,Electrónica,55-91
625,820,101,Adorno de pared,R1,36.55,3,2024-03-14,1,Decoración,25-66
626,1303,301,Microondas,R1,40.9,9,2024-03-14,2,Electrodomésticos,26-67
627,1657,253,Horno eléctrico,R3,109.73,9,2024-03-14,2,Electrodomésticos,93-124
628,1772,241,Heladera,R1,56.94,2,2024-03-14,2,Electrodomésticos,27-57
629,1978,153,Cafetera,R3,104.66,11,2024-03-14,2,Electrodomésticos,98-126
630,2052,392,Televisor,R2,66.57,5,2024-03-14,3,Electrónica,57-85
631,2347,203,Cámara digital,R3,112.14,3,2024-03-14,3,Electrónica,87-123
632,2493,373,Smartphone,R3,124.82,5,2024-03-14,3,Electrónica,101-126
633,2748,361,SmartWatch,R1,53.93,7,2024-03-14,3,Electrónica,25-55
634,2882,391,Televisor,R1,56.81,9,2024-03-14,3,Electrónica,26-57
635,2981,312,Parlantes Bluetooth,R2,80.25,10,2024-03-14,3,Electrónica,61-89
636,517,213,Elementos de cerámica,R3,94.94,12,2024-03-15,1,Decoración,90-125
637,624,261,Jarrón decorativo,R1,51.39,10,2024-03-15,1,Decoración,26-57
638,772,192,Cuadro decorativo,R2,78.76,10,2024-03-15,1,Decoración,61-86
639,957,212,Elementos de cerámica,R2,75.27,4,2024-03-15,1,Decoración,52-90
640,1953,303,Microondas,R3,119.61,2,2024-03-15,2,Electrodomésticos,94-126
641,2082,391,Televisor,R1,55.66,3,2024-03-15,3,Electrónica,26-57
642,2170,173,Consola de videojuegos,R3,122.4,1,2024-03-15,3,Electrónica,90-126
643,2554,133,Auriculares,R3,100.07,11,2024-03-15,3,Electrónica,93-125
644,2647,203,Cámara digital,R3,90.34,1,2024-03-15,3,Electrónica,87-123
645,2835,131,Auriculares,R1,42.5,7,2024-03-15,3,Electrónica,26-58
646,2950,171,Consola de videojuegos,R1,29.14,10,2024-03-15,3,Electrónica,29-55
647,613,222,Espejo decorativo,R2,78.46,7,2024-03-16,1,Decoración,57-93
648,836,183,Cortinas,R3,115.79,1,2024-03-16,1,Decoración,91-126
649,919,291,Lámpara de mesa,R1,51.5,1,2024-03-16,1,Decoración,25-57
650,1099,141,Batidora,R1,39.73,11,2024-03-16,2,Electrodomésticos,27-65
651,1670,323,Plancha de vapor,R3,101.57,7,2024-03-16,2,Electrodomésticos,88-125
652,1995,281,Lavadora,R1,31.36,7,2024-03-16,2,Electrodomésticos,26-55
653,2018,363,SmartWatch,R3,99.78,1,2024-03-16,3,Electrónica,91-126
654,2030,173,Consola de videojuegos,R3,108.0,9,2024-03-16,3,Electrónica,90-126
655,2613,373,Smartphone,R3,105.63,6,2024-03-16,3,Electrónica,101-126
656,2749,333,Proyector,R3,120.5,4,2024-03-16,3,Electrónica,86-125
657,2809,333,Proyector,R3,89.06,1,2024-03-16,3,Electrónica,86-125
658,262,192,Cuadro decorativo,R2,70.89,11,2024-03-17,1,Decoración,61-86
659,449,291,Lámpara de mesa,R1,29.32,3,2024-03-17,1,Decoración,25-57
660,914,263,Jarrón decorativo,R3,98.11,2,2024-03-17,1,Decoración,92-126
661,1067,253,Horno eléctrico,R3,116.21,8,2024-03-17,2,Electrodomésticos,93-124
662,1164,123,Aspiradora,R3,102.32,2,2024-03-17,2,Electrodomésticos,93-125
663,1209,143,Batidora,R3,111.44,3,2024-03-17,2,Electrodomésticos,91-126
664,1545,281,Lavadora,R1,33.31,10,2024-03-17,2,Electrodomésticos,26-55
665,2444,132,Auriculares,R2,70.16,11,2024-03-17,3,Electrónica,58-93
666,2577,201,Cámara digital,R1,45.12,6,2024-03-17,3,Electrónica,25-56
667,2677,203,Cámara digital,R3,92.0,10,2024-03-17,3,Electrónica,87-123
668,188,343,Rincón de plantas,R3,101.62,9,2024-03-18,1,Decoración,86-124
669,407,213,Elementos de cerámica,R3,97.51,5,2024-03-18,1,Decoración,90-125
670,505,113,Alfombra,R3,96.21,11,2024-03-18,1,Decoración,89-125
671,872,191,Cuadro decorativo,R1,55.89,10,2024-03-18,1,Decoración,25-61
672,926,182,Cortinas,R2,63.98,11,2024-03-18,1,Decoración,57-91
673,1384,122,Aspiradora,R2,80.38,9,2024-03-18,2,Electrodomésticos,64-93
674,2035,132,Auriculares,R2,78.28,6,2024-03-18,3,Electrónica,58-93
675,2454,133,Auriculares,R3,101.08,10,2024-03-18,3,Electrónica,93-125
676,2496,271,Laptop,R1,40.16,3,2024-03-18,3,Electrónica,27-58
677,2763,373,Smartphone,R3,107.84,11,2024-03-18,3,Electrónica,101-126
678,314,263,Jarrón decorativo,R3,109.29,10,2024-03-19,1,Decoración,92-126
679,731,291,Lámpara de mesa,R1,40.05,2,2024-03-19,1,Decoración,25-57
680,961,293,Lámpara de mesa,R3,103.06,9,2024-03-19,1,Decoración,83-126
681,1073,302,Microondas,R2,72.86,10,2024-03-19,2,Electrodomésticos,67-94
682,1917,252,Horno eléctrico,R2,82.36,2,2024-03-19,2,Electrodomésticos,58-93
683,2037,202,Cámara digital,R2,68.66,12,2024-03-19,3,Electrónica,56-87
684,2047,202,Cámara digital,R2,85.45,3,2024-03-19,3,Electrónica,56-87
685,2157,202,Cámara digital,R2,65.62,8,2024-03-19,3,Electrónica,56-87
686,197,212,Elementos de cerámica,R2,89.17,4,2024-03-20,1,Decoración,52-90
687,206,182,Cortinas,R2,73.65,2,2024-03-20,1,Decoración,57-91
688,234,263,Jarrón decorativo,R3,112.4,9,2024-03-20,1,Decoración,92-126
689,746,182,Cortinas,R2,64.93,10,2024-03-20,1,Decoración,57-91
690,855,111,Alfombra,R1,48.79,11,2024-03-20,1,Decoración,28-54
691,950,103,Adorno de pared,R3,116.42,6,2024-03-20,1,Decoración,91-120
692,1581,232,Freidora eléctrica,R2,88.59,8,2024-03-20,2,Electrodomésticos,61-90
693,2001,231,Freidora eléctrica,R1,43.14,12,2024-03-20,2,Electrodomésticos,25-61
694,2112,391,Televisor,R1,34.89,12,2024-03-20,3,Electrónica,26-57
695,2530,171,Consola de videojuegos,R1,54.04,8,2024-03-20,3,Electrónica,29-55
696,195,113,Alfombra,R3,115.12,12,2024-03-21,1,Decoración,89-125
697,780,102,Adorno de pared,R2,79.13,7,2024-03-21,1,Decoración,66-91
698,1290,322,Plancha de vapor,R2,76.04,5,2024-03-21,2,Electrodomésticos,55-88
699,1537,253,Horno eléctrico,R3,103.51,7,2024-03-21,2,Electrodomésticos,93-124
700,1677,253,Horno eléctrico,R3,116.79,12,2024-03-21,2,Electrodomésticos,93-124
701,1831,232,Freidora eléctrica,R2,87.85,4,2024-03-21,2,Electrodomésticos,61-90
702,2200,171,Consola de videojuegos,R1,44.36,10,2024-03-21,3,Electrónica,29-55
703,2650,171,Consola de videojuegos,R1,50.77,10,2024-03-21,3,Electrónica,29-55
704,2691,311,Parlantes Bluetooth,R1,32.86,11,2024-03-21,3,Electrónica,25-61
705,2701,312,Parlantes Bluetooth,R2,88.65,9,2024-03-21,3,Electrónica,61-89
706,2946,271,Laptop,R1,27.65,11,2024-03-21,3,Electrónica,27-58
707,65,112,Alfombra,R2,63.14,2,2024-03-22,1,Decoración,54-89
708,270,103,Adorno de pared,R3,96.59,6,2024-03-22,1,Decoración,91-120
709,645,111,Alfombra,R1,36.17,1,2024-03-22,1,Decoración,28-54
710,1222,243,Heladera,R3,103.34,8,2024-03-22,2,Electrodomésticos,91-123
711,1921,233,Freidora eléctrica,R3,124.0,5,2024-03-22,2,Electrodomésticos,90-125
712,2059,333,Proyector,R3,116.66,12,2024-03-22,3,Electrónica,86-125
713,2100,173,Consola de videojuegos,R3,94.73,1,2024-03-22,3,Electrónica,90-126
714,2162,391,Televisor,R1,40.83,3,2024-03-22,3,Electrónica,26-57
715,2634,133,Auriculares,R3,124.63,10,2024-03-22,3,Electrónica,93-125
716,2813,373,Smartphone,R3,114.94,11,2024-03-22,3,Electrónica,101-126
717,1607,251,Horno eléctrico,R1,53.09,3,2024-03-23,2,Electrodomésticos,27-58
718,1690,322,Plancha de vapor,R2,68.28,9,2024-03-23,2,Electrodomésticos,55-88
719,2456,272,Laptop,R2,68.84,11,2024-03-23,3,Electrónica,58-89
720,210,102,Adorno de pared,R2,71.67,4,2024-03-24,1,Decoración,66-91
721,708,342,Rincón de plantas,R2,63.1,11,2024-03-24,1,Decoración,63-86
722,1502,243,Heladera,R3,112.52,4,2024-03-24,2,Electrodomésticos,91-123
723,1562,241,Heladera,R1,31.42,1,2024-03-24,2,Electrodomésticos,27-57
724,1904,123,Aspiradora,R3,102.92,5,2024-03-24,2,Electrodomésticos,93-125
725,2003,373,Smartphone,R3,118.8,2,2024-03-24,3,Electrónica,101-126
726,2399,333,Proyector,R3,96.7,3,2024-03-24,3,Electrónica,86-125
727,2420,172,Consola de videojuegos,R2,72.78,9,2024-03-24,3,Electrónica,55-90
728,2462,391,Televisor,R1,46.04,3,2024-03-24,3,Electrónica,26-57
729,2480,173,Consola de videojuegos,R3,96.21,11,2024-03-24,3,Electrónica,90-126
730,339,291,Lámpara de mesa,R1,42.6,1,2024-03-25,1,Decoración,25-57
731,595,112,Alfombra,R2,83.25,1,2024-03-25,1,Decoración,54-89
732,629,291,Lámpara de mesa,R1,40.3,2,2024-03-25,1,Decoración,25-57
733,652,193,Cuadro decorativo,R3,100.52,9,2024-03-25,1,Decoración,86-126
734,1093,302,Microondas,R2,71.38,1,2024-03-25,2,Electrodomésticos,67-94
735,1918,151,Cafetera,R1,39.33,10,2024-03-25,2,Electrodomésticos,25-61
736,2306,272,Laptop,R2,80.84,9,2024-03-25,3,Electrónica,58-89
737,2542,392,Televisor,R2,67.37,4,2024-03-25,3,Electrónica,57-85
738,594,263,Jarrón decorativo,R3,115.95,1,2024-03-26,1,Decoración,92-126
739,649,293,Lámpara de mesa,R3,83.61,1,2024-03-26,1,Decoración,83-126
740,1183,301,Microondas,R1,49.65,5,2024-03-26,2,Electrodomésticos,26-67
741,1648,152,Cafetera,R2,63.49,7,2024-03-26,2,Electrodomésticos,61-98
742,1705,282,Lavadora,R2,81.34,4,2024-03-26,2,Electrodomésticos,55-92
743,1874,122,Aspiradora,R2,78.77,1,2024-03-26,2,Electrodomésticos,64-93
744,2912,391,Televisor,R1,42.72,1,2024-03-26,3,Electrónica,26-57
745,132,191,Cuadro decorativo,R1,56.45,12,2024-03-27,1,Decoración,25-61
746,549,293,Lámpara de mesa,R3,116.13,8,2024-03-27,1,Decoración,83-126
747,598,342,Rincón de plantas,R2,82.59,8,2024-03-27,1,Decoración,63-86
748,939,291,Lámpara de mesa,R1,46.83,3,2024-03-27,1,Decoración,25-57
749,1251,233,Freidora eléctrica,R3,113.11,12,2024-03-27,2,Electrodomésticos,90-125
750,1785,281,Lavadora,R1,44.12,10,2024-03-27,2,Electrodomésticos,26-55
751,558,343,Rincón de plantas,R3,93.66,10,2024-03-28,1,Decoración,86-124
752,730,103,Adorno de pared,R3,103.9,8,2024-03-28,1,Decoración,91-120
753,1121,233,Freidora eléctrica,R3,90.31,6,2024-03-28,2,Electrodomésticos,90-125
754,1433,301,Microondas,R1,63.01,8,2024-03-28,2,Electrodomésticos,26-67
755,1565,281,Lavadora,R1,37.25,11,2024-03-28,2,Electrodomésticos,26-55
756,1873,301,Microondas,R1,32.18,7,2024-03-28,2,Electrodomésticos,26-67
757,2830,173,Consola de videojuegos,R3,123.72,3,2024-03-28,3,Electrónica,90-126
758,2272,391,Televisor,R1,55.97,7,2024-03-29,3,Electrónica,26-57
759,2585,131,Auriculares,R1,47.12,12,2024-03-29,3,Electrónica,26-58
760,2838,363,SmartWatch,R3,115.3,3,2024-03-29,3,Electrónica,91-126
761,2856,273,Laptop,R3,122.13,11,2024-03-29,3,Electrónica,89-126
762,749,291,Lámpara de mesa,R1,44.88,1,2024-03-30,1,Decoración,25-57
763,1800,321,Plancha de vapor,R1,33.15,2,2024-03-30,2,Electrodomésticos,26-55
764,1821,231,Freidora eléctrica,R1,44.33,10,2024-03-30,2,Electrodomésticos,25-61
765,2034,133,Auriculares,R3,120.46,8,2024-03-30,3,Electrónica,93-125
766,2044,381,Tablet,R1,35.84,11,2024-03-30,3,Electrónica,26-62
767,2286,272,Laptop,R2,71.74,8,2024-03-30,3,Electrónica,58-89
768,2683,373,Smartphone,R3,111.41,7,2024-03-30,3,Electrónica,101-126
769,2984,382,Tablet,R2,75.89,11,2024-03-30,3,Electrónica,62-81
770,46,183,Cortinas,R3,98.15,7,2024-03-31,1,Decoración,91-126
771,221,291,Lámpara de mesa,R1,41.81,9,2024-03-31,1,Decoración,25-57
772,251,291,Lámpara de mesa,R1,33.37,3,2024-03-31,1,Decoración,25-57
773,654,261,Jarrón decorativo,R1,53.53,7,2024-03-31,1,Decoración,26-57
774,904,261,Jarrón decorativo,R1,40.48,11,2024-03-31,1,Decoración,26-57
775,1201,233,Freidora eléctrica,R3,95.13,8,2024-03-31,2,Electrodomésticos,90-125
776,1261,232,Freidora eléctrica,R2,84.29,10,2024-03-31,2,Electrodomésticos,61-90
777,1633,303,Microondas,R3,112.89,1,2024-03-31,2,Electrodomésticos,94-126
778,1948,153,Cafetera,R3,116.78,6,2024-03-31,2,Electrodomésticos,98-126
779,2062,393,Televisor,R3,101.98,7,2024-03-31,3,Electrónica,85-124
780,2731,312,Parlantes Bluetooth,R2,77.95,6,2024-03-31,3,Electrónica,61-89
781,390,102,Adorno de pared,R2,87.52,8,2024-04-01,1,Decoración,66-91
782,522,191,Cuadro decorativo,R1,27.99,5,2024-04-01,1,Decoración,25-61
783,1322,242,Heladera,R2,58.58,4,2024-04-01,2,Electrodomésticos,57-91
784,2310,173,Consola de videojuegos,R3,102.41,5,2024-04-01,3,Electrónica,90-126
785,2383,373,Smartphone,R3,103.69,1,2024-04-01,3,Electrónica,101-126
786,2865,132,Auriculares,R2,89.29,2,2024-04-01,3,Electrónica,58-93
787,45,112,Alfombra,R2,72.91,1,2024-04-02,1,Decoración,54-89
788,893,221,Espejo decorativo,R1,34.64,12,2024-04-02,1,Decoración,25-57
789,1008,151,Cafetera,R1,42.4,10,2024-04-02,2,Electrodomésticos,25-61
790,1148,153,Cafetera,R3,110.21,4,2024-04-02,2,Electrodomésticos,98-126
791,1457,251,Horno eléctrico,R1,27.61,6,2024-04-02,2,Electrodomésticos,27-58
792,1588,151,Cafetera,R1,58.68,4,2024-04-02,2,Electrodomésticos,25-61
793,1866,351,Secadora,R1,39.42,9,2024-04-02,2,Electrodomésticos,26-50
794,1889,143,Batidora,R3,121.14,3,2024-04-02,2,Electrodomésticos,91-126
795,1983,303,Microondas,R3,96.24,4,2024-04-02,2,Electrodomésticos,94-126
796,226,181,Cortinas,R1,27.05,3,2024-04-03,1,Decoración,25-57
797,351,293,Lámpara de mesa,R3,98.22,4,2024-04-03,1,Decoración,83-126
798,479,291,Lámpara de mesa,R1,35.26,9,2024-04-03,1,Decoración,25-57
799,570,101,Adorno de pared,R1,64.18,7,2024-04-03,1,Decoración,25-66
800,643,221,Espejo decorativo,R1,43.51,1,2024-04-03,1,Decoración,25-57
801,679,291,Lámpara de mesa,R1,39.86,6,2024-04-03,1,Decoración,25-57
802,1188,152,Cafetera,R2,91.58,11,2024-04-03,2,Electrodomésticos,61-98
803,1480,323,Plancha de vapor,R3,99.08,11,2024-04-03,2,Electrodomésticos,88-125
804,1611,232,Freidora eléctrica,R2,82.46,4,2024-04-03,2,Electrodomésticos,61-90
805,1627,251,Horno eléctrico,R1,40.58,5,2024-04-03,2,Electrodomésticos,27-58
806,2028,361,SmartWatch,R1,38.84,7,2024-04-03,3,Electrónica,25-55
807,2281,312,Parlantes Bluetooth,R2,70.68,5,2024-04-03,3,Electrónica,61-89
808,2532,392,Televisor,R2,81.42,9,2024-04-03,3,Electrónica,57-85
809,172,193,Cuadro decorativo,R3,87.93,11,2024-04-04,1,Decoración,86-126
810,237,212,Elementos de cerámica,R2,61.12,9,2024-04-04,1,Decoración,52-90
811,340,101,Adorno de pared,R1,49.3,2,2024-04-04,1,Decoración,25-66
812,400,101,Adorno de pared,R1,33.1,1,2024-04-04,1,Decoración,25-66
813,841,293,Lámpara de mesa,R3,86.82,10,2024-04-04,1,Decoración,83-126
814,1287,253,Horno eléctrico,R3,116.05,11,2024-04-04,2,Electrodomésticos,93-124
815,1366,351,Secadora,R1,31.56,11,2024-04-04,2,Electrodomésticos,26-50
816,1878,152,Cafetera,R2,68.97,8,2024-04-04,2,Electrodomésticos,61-98
817,2124,382,Tablet,R2,74.39,7,2024-04-04,3,Electrónica,62-81
818,56,182,Cortinas,R2,66.24,5,2024-04-05,1,Decoración,57-91
819,421,293,Lámpara de mesa,R3,114.83,9,2024-04-05,1,Decoración,83-126
820,424,262,Jarrón decorativo,R2,87.94,2,2024-04-05,1,Decoración,57-92
821,1868,152,Cafetera,R2,62.23,1,2024-04-05,2,Electrodomésticos,61-98
822,2545,131,Auriculares,R1,32.81,11,2024-04-05,3,Electrónica,26-58
823,2778,362,SmartWatch,R2,70.66,7,2024-04-05,3,Electrónica,55-91
824,145,111,Alfombra,R1,41.72,8,2024-04-06,1,Decoración,28-54
825,300,102,Adorno de pared,R2,67.75,9,2024-04-06,1,Decoración,66-91
826,439,291,Lámpara de mesa,R1,35.43,2,2024-04-06,1,Decoración,25-57
827,906,182,Cortinas,R2,84.04,3,2024-04-06,1,Decoración,57-91
828,959,292,Lámpara de mesa,R2,76.32,7,2024-04-06,1,Decoración,57-83
829,1376,352,Secadora,R2,69.58,7,2024-04-06,2,Electrodomésticos,50-93
830,1776,351,Secadora,R1,33.55,3,2024-04-06,2,Electrodomésticos,26-50
831,1784,123,Aspiradora,R3,115.24,3,2024-04-06,2,Electrodomésticos,93-125
832,1974,122,Aspiradora,R2,87.32,7,2024-04-06,2,Electrodomésticos,64-93
833,2080,173,Consola de videojuegos,R3,100.69,7,2024-04-06,3,Electrónica,90-126
834,2108,362,SmartWatch,R2,79.37,10,2024-04-06,3,Electrónica,55-91
835,2169,333,Proyector,R3,120.34,1,2024-04-06,3,Electrónica,86-125
836,213,221,Espejo decorativo,R1,40.76,8,2024-04-07,1,Decoración,25-57
837,345,112,Alfombra,R2,56.78,9,2024-04-07,1,Decoración,54-89
838,398,342,Rincón de plantas,R2,77.3,7,2024-04-07,1,Decoración,63-86
839,509,292,Lámpara de mesa,R2,72.5,1,2024-04-07,1,Decoración,57-83
840,821,292,Lámpara de mesa,R2,71.17,10,2024-04-07,1,Decoración,57-83
841,1642,242,Heladera,R2,88.78,2,2024-04-07,2,Electrodomésticos,57-91
842,1956,351,Secadora,R1,42.59,12,2024-04-07,2,Electrodomésticos,26-50
843,2085,133,Auriculares,R3,122.56,6,2024-04-07,3,Electrónica,93-125
844,2096,272,Laptop,R2,83.25,6,2024-04-07,3,Electrónica,58-89
845,2356,271,Laptop,R1,30.16,6,2024-04-07,3,Electrónica,27-58
846,2373,373,Smartphone,R3,123.6,12,2024-04-07,3,Electrónica,101-126
847,204,263,Jarrón decorativo,R3,94.75,1,2024-04-08,1,Decoración,92-126
848,1381,231,Freidora eléctrica,R1,38.12,2,2024-04-08,2,Electrodomésticos,25-61
849,2365,132,Auriculares,R2,92.91,11,2024-04-08,3,Electrónica,58-93
850,2486,273,Laptop,R3,124.95,11,2024-04-08,3,Electrónica,89-126
851,2506,271,Laptop,R1,34.74,1,2024-04-08,3,Electrónica,27-58
852,2705,132,Auriculares,R2,87.29,2,2024-04-08,3,Electrónica,58-93
853,1225,282,Lavadora,R2,87.65,2,2024-04-09,2,Electrodomésticos,55-92
854,1344,121,Aspiradora,R1,34.1,3,2024-04-09,2,Electrodomésticos,26-64
855,1361,233,Freidora eléctrica,R3,103.64,10,2024-04-09,2,Electrodomésticos,90-125
856,1979,142,Batidora,R2,88.23,11,2024-04-09,2,Electrodomésticos,65-91
857,2852,391,Televisor,R1,34.23,4,2024-04-09,3,Electrónica,26-57
858,48,343,Rincón de plantas,R3,102.85,3,2024-04-10,1,Decoración,86-124
859,141,293,Lámpara de mesa,R3,96.45,1,2024-04-10,1,Decoración,83-126
860,426,183,Cortinas,R3,119.55,7,2024-04-10,1,Decoración,91-126
861,556,181,Cortinas,R1,42.74,12,2024-04-10,1,Decoración,25-57
862,600,101,Adorno de pared,R2,66.0,4,2024-04-10,1,Decoración,25-66
863,797,212,Elementos de cerámica,R2,52.97,2,2024-04-10,1,Decoración,52-90
864,1315,281,Lavadora,R1,49.69,12,2024-04-10,2,Electrodomésticos,26-55
865,1356,353,Secadora,R3,124.09,4,2024-04-10,2,Electrodomésticos,93-125
866,1435,281,Lavadora,R1,37.2,10,2024-04-10,2,Electrodomésticos,26-55
867,1618,151,Cafetera,R1,31.94,11,2024-04-10,2,Electrodomésticos,25-61
868,1630,322,Plancha de vapor,R2,76.06,9,2024-04-10,2,Electrodomésticos,55-88
869,1871,232,Freidora eléctrica,R2,88.9,6,2024-04-10,2,Electrodomésticos,61-90
870,1919,141,Batidora,R1,38.51,9,2024-04-10,2,Electrodomésticos,27-65
871,2661,312,Parlantes Bluetooth,R2,79.11,3,2024-04-10,3,Electrónica,61-89
872,2785,133,Auriculares,R3,122.8,3,2024-04-10,3,Electrónica,93-125
873,328,341,Rincón de plantas,R1,60.89,1,2024-04-11,1,Decoración,25-63
874,466,181,Cortinas,R1,26.29,7,2024-04-11,1,Decoración,25-57
875,1109,143,Batidora,R3,123.83,12,2024-04-11,2,Electrodomésticos,91-126
876,1578,153,Cafetera,R3,101.98,2,2024-04-11,2,Electrodomésticos,98-126
877,2370,171,Consola de videojuegos,R1,46.08,7,2024-04-11,3,Electrónica,29-55
878,2478,362,SmartWatch,R2,80.84,8,2024-04-11,3,Electrónica,55-91
879,2544,382,Tablet,R2,63.88,8,2024-04-11,3,Electrónica,62-81
880,2934,383,Tablet,R3,95.9,2,2024-04-11,3,Electrónica,81-124
881,127,213,Elementos de cerámica,R3,93.84,8,2024-04-12,1,Decoración,90-125
882,292,192,Cuadro decorativo,R2,78.91,8,2024-04-12,1,Decoración,61-86
883,1394,122,Aspiradora,R2,68.73,5,2024-04-12,2,Electrodomésticos,64-93
884,2492,391,Televisor,R1,54.4,5,2024-04-12,3,Electrónica,26-57
885,2812,391,Televisor,R1,52.6,2,2024-04-12,3,Electrónica,26-57
886,89,291,Lámpara de mesa,R1,55.79,1,2024-04-13,1,Decoración,25-57
887,659,291,Lámpara de mesa,R1,50.98,3,2024-04-13,1,Decoración,25-57
888,1012,242,Heladera,R2,62.93,1,2024-04-13,2,Electrodomésticos,57-91
889,1048,151,Cafetera,R1,58.81,10,2024-04-13,2,Electrodomésticos,25-61
890,1450,322,Plancha de vapor,R2,56.8,8,2024-04-13,2,Electrodomésticos,55-88
891,1758,153,Cafetera,R3,118.03,5,2024-04-13,2,Electrodomésticos,98-126
892,1856,351,Secadora,R1,42.03,11,2024-04-13,2,Electrodomésticos,26-50
893,2490,173,Consola de videojuegos,R3,122.79,6,2024-04-13,3,Electrónica,90-126
894,2547,202,Cámara digital,R2,60.29,6,2024-04-13,3,Electrónica,56-87
895,2704,383,Tablet,R3,117.89,1,2024-04-13,3,Electrónica,81-124
896,2996,202,Cámara digital,R2,63.89,1,2024-04-13,3,Electrónica,56-87
897,285,113,Alfombra,R3,107.8,7,2024-04-14,1,Decoración,89-125
898,896,182,Cortinas,R2,71.03,7,2024-04-14,1,Decoración,57-91
899,1097,253,Horno eléctrico,R3,122.69,10,2024-04-14,2,Electrodomésticos,93-124
900,1516,353,Secadora,R3,105.8,3,2024-04-14,2,Electrodomésticos,93-125
901,1698,152,Cafetera,R2,88.26,1,2024-04-14,2,Electrodomésticos,61-98
902,2029,333,Proyector,R3,124.37,8,2024-04-14,3,Electrónica,86-125
903,2039,331,Proyector,R1,34.39,7,2024-04-14,3,Electrónica,26-63
904,2097,201,Cámara digital,R1,42.17,8,2024-04-14,3,Electrónica,25-56
905,2275,131,Auriculares,R1,32.0,1,2024-04-14,3,Electrónica,26-58
906,2381,313,Parlantes Bluetooth,R3,98.28,5,2024-04-14,3,Electrónica,89-125
907,107,211,Elementos de cerámica,R1,45.86,6,2024-04-15,1,Decoración,26-52
908,185,111,Alfombra,R1,45.21,6,2024-04-15,1,Decoración,28-54
909,374,263,Jarrón decorativo,R3,94.59,5,2024-04-15,1,Decoración,92-126
910,601,293,Lámpara de mesa,R3,99.85,3,2024-04-15,1,Decoración,83-126
911,616,183,Cortinas,R3,107.96,9,2024-04-15,1,Decoración,91-126
912,886,181,Cortinas,R1,45.79,7,2024-04-15,1,Decoración,25-57
913,1134,122,Aspiradora,R2,69.06,11,2024-04-15,2,Electrodomésticos,64-93
914,1168,151,Cafetera,R1,37.32,2,2024-04-15,2,Electrodomésticos,25-61
915,1454,121,Aspiradora,R1,51.46,4,2024-04-15,2,Electrodomésticos,26-64
916,2266,273,Laptop,R3,104.48,5,2024-04-15,3,Electrónica,89-126
917,2396,272,Laptop,R2,77.38,1,2024-04-15,3,Electrónica,58-89
918,2673,372,Smartphone,R2,76.29,11,2024-04-15,3,Electrónica,64-101
919,19,292,Lámpara de mesa,R2,61.03,6,2024-04-16,1,Decoración,57-83
920,953,222,Espejo decorativo,R2,76.31,5,2024-04-16,1,Decoración,57-93
921,1177,252,Horno eléctrico,R2,65.16,4,2024-04-16,2,Electrodomésticos,58-93
922,1629,143,Batidora,R3,108.94,6,2024-04-16,2,Electrodomésticos,91-126
923,1655,281,Lavadora,R1,37.39,1,2024-04-16,2,Electrodomésticos,26-55
924,1803,303,Microondas,R3,122.22,11,2024-04-16,2,Electrodomésticos,94-126
925,1864,121,Aspiradora,R1,54.94,3,2024-04-16,2,Electrodomésticos,26-64
926,2019,331,Proyector,R1,41.79,7,2024-04-16,3,Electrónica,26-63
927,2151,312,Parlantes Bluetooth,R2,83.34,7,2024-04-16,3,Electrónica,61-89
928,2610,171,Consola de videojuegos,R1,49.74,9,2024-04-16,3,Electrónica,29-55
929,2615,131,Auriculares,R1,46.72,11,2024-04-16,3,Electrónica,26-58
930,2715,133,Auriculares,R3,100.58,7,2024-04-16,3,Electrónica,93-125
931,1,292,Lámpara de mesa,R2,82.25,8,2024-04-17,1,Decoración,57-83
932,138,341,Rincón de plantas,R1,38.89,2,2024-04-17,1,Decoración,25-63
933,1009,143,Batidora,R3,119.03,8,2024-04-17,2,Electrodomésticos,91-126
934,1118,152,Cafetera,R2,67.0,11,2024-04-17,2,Electrodomésticos,61-98
935,1190,321,Plancha de vapor,R1,29.68,1,2024-04-17,2,Electrodomésticos,26-55
936,1253,301,Microondas,R1,65.99,8,2024-04-17,2,Electrodomésticos,26-67
937,1521,232,Freidora eléctrica,R2,89.52,10,2024-04-17,2,Electrodomésticos,61-90
938,1532,241,Heladera,R1,29.17,2,2024-04-17,2,Electrodomésticos,27-57
939,2368,362,SmartWatch,R2,70.23,5,2024-04-17,3,Electrónica,55-91
940,925,111,Alfombra,R1,52.55,11,2024-04-18,1,Decoración,28-54
941,1316,353,Secadora,R3,110.21,11,2024-04-18,2,Electrodomésticos,93-125
942,1590,322,Plancha de vapor,R2,60.38,4,2024-04-18,2,Electrodomésticos,55-88
943,1914,122,Aspiradora,R2,92.52,1,2024-04-18,2,Electrodomésticos,64-93
944,2134,381,Tablet,R1,43.2,4,2024-04-18,3,Electrónica,26-62
945,548,341,Rincón de plantas,R1,32.26,8,2024-04-19,1,Decoración,25-63
946,905,113,Alfombra,R3,112.82,9,2024-04-19,1,Decoración,89-125
947,1224,123,Aspiradora,R3,110.58,4,2024-04-19,2,Electrodomésticos,93-125
948,1459,142,Batidora,R2,66.73,8,2024-04-19,2,Electrodomésticos,65-91
949,1943,302,Microondas,R2,82.6,10,2024-04-19,2,Electrodomésticos,67-94
950,2095,133,Auriculares,R3,117.6,3,2024-04-19,3,Electrónica,93-125
951,2375,132,Auriculares,R2,73.7,10,2024-04-19,3,Electrónica,58-93
952,198,343,Rincón de plantas,R3,115.15,11,2024-04-20,1,Decoración,86-124
953,833,223,Espejo decorativo,R3,119.87,10,2024-04-20,1,Decoración,93-125
954,1425,283,Lavadora,R3,118.77,8,2024-04-20,2,Electrodomésticos,92-124
955,1680,323,Plancha de vapor,R3,110.3,9,2024-04-20,2,Electrodomésticos,88-125
956,1701,232,Freidora eléctrica,R2,87.64,7,2024-04-20,2,Electrodomésticos,61-90
957,2176,271,Laptop,R1,36.36,7,2024-04-20,3,Electrónica,27-58
958,2413,372,Smartphone,R2,76.69,3,2024-04-20,3,Electrónica,64-101
959,2844,381,Tablet,R1,53.22,7,2024-04-20,3,Electrónica,26-62
960,249,293,Lámpara de mesa,R3,95.05,1,2024-04-21,1,Decoración,83-126
961,452,193,Cuadro decorativo,R3,119.07,12,2024-04-21,1,Decoración,86-126
962,563,222,Espejo decorativo,R2,65.35,10,2024-04-21,1,Decoración,57-93
963,934,263,Jarrón decorativo,R3,96.24,11,2024-04-21,1,Decoración,92-126
964,1193,302,Microondas,R2,90.55,4,2024-04-21,2,Electrodomésticos,67-94
965,1230,323,Plancha de vapor,R3,90.85,2,2024-04-21,2,Electrodomésticos,88-125
966,1307,252,Horno eléctrico,R2,85.42,11,2024-04-21,2,Electrodomésticos,58-93
967,2212,391,Televisor,R1,38.98,11,2024-04-21,3,Electrónica,26-57
968,2369,333,Proyector,R3,87.64,2,2024-04-21,3,Electrónica,86-125
969,2523,371,Smartphone,R1,56.73,1,2024-04-21,3,Electrónica,26-64
970,2611,311,Parlantes Bluetooth,R1,48.89,12,2024-04-21,3,Electrónica,25-61
971,281,291,Lámpara de mesa,R1,42.17,8,2024-04-22,1,Decoración,25-57
972,305,113,Alfombra,R3,91.25,2,2024-04-22,1,Decoración,89-125
973,422,191,Cuadro decorativo,R1,47.37,9,2024-04-22,1,Decoración,25-61
974,538,343,Rincón de plantas,R3,119.89,4,2024-04-22,1,Decoración,86-124
975,741,293,Lámpara de mesa,R3,98.0,12,2024-04-22,1,Decoración,83-126
976,1010,321,Plancha de vapor,R1,37.94,8,2024-04-22,2,Electrodomésticos,26-55
977,1203,303,Microondas,R3,96.53,1,2024-04-22,2,Electrodomésticos,94-126
978,1841,231,Freidora eléctrica,R1,58.26,2,2024-04-22,2,Electrodomésticos,25-61
979,2887,203,Cámara digital,R3,118.02,1,2024-04-22,3,Electrónica,87-123
980,209,293,Lámpara de mesa,R3,97.04,12,2024-04-23,1,Decoración,83-126
981,299,293,Lámpara de mesa,R3,119.55,3,2024-04-23,1,Decoración,83-126
982,1477,253,Horno eléctrico,R3,118.26,11,2024-04-23,2,Electrodomésticos,93-124
983,1952,243,Heladera,R3,115.09,2,2024-04-23,2,Electrodomésticos,91-123
984,2214,383,Tablet,R3,81.56,8,2024-04-23,3,Electrónica,81-124
985,2993,131,Auriculares,R1,38.79,7,2024-04-23,3,Electrónica,26-58
986,434,261,Jarrón decorativo,R1,39.89,2,2024-04-24,1,Decoración,26-57
987,945,112,Alfombra,R2,60.74,12,2024-04-24,1,Decoración,54-89
988,1057,251,Horno eléctrico,R1,30.51,3,2024-04-24,2,Electrodomésticos,27-58
989,1320,322,Plancha de vapor,R2,73.95,4,2024-04-24,2,Electrodomésticos,55-88
990,2227,201,Cámara digital,R1,46.25,8,2024-04-24,3,Electrónica,25-56
991,2312,393,Televisor,R3,108.25,8,2024-04-24,3,Electrónica,85-124
992,2565,131,Auriculares,R1,49.7,3,2024-04-24,3,Electrónica,26-58
993,2962,393,Televisor,R3,118.65,5,2024-04-24,3,Electrónica,85-124
994,159,291,Lámpara de mesa,R1,49.91,6,2024-04-25,1,Decoración,25-57
995,320,101,Adorno de pared,R1,37.38,6,2024-04-25,1,Decoración,25-66
996,341,292,Lámpara de mesa,R2,79.34,1,2024-04-25,1,Decoración,57-83
997,673,221,Espejo decorativo,R1,26.33,7,2024-04-25,1,Decoración,25-57
998,701,293,Lámpara de mesa,R3,95.05,3,2024-04-25,1,Decoración,83-126
999,1041,232,Freidora eléctrica,R2,89.99,6,2024-04-25,2,Electrodomésticos,61-90
1000,1212,241,Heladera,R1,33.95,11,2024-04-25,2,Electrodomésticos,27-57
1001,1802,241,Heladera,R1,27.75,11,2024-04-25,2,Electrodomésticos,27-57
1002,1846,353,Secadora,R3,124.29,2,2024-04-25,2,Electrodomésticos,93-125
1003,2262,391,Televisor,R1,48.3,2,2024-04-25,3,Electrónica,26-57
1004,2713,371,Smartphone,R1,28.75,9,2024-04-25,3,Electrónica,26-64
1005,2827,201,Cámara digital,R1,35.99,2,2024-04-25,3,Electrónica,25-56
1006,765,112,Alfombra,R2,72.71,1,2024-04-26,1,Decoración,54-89
1007,1119,141,Batidora,R1,59.86,3,2024-04-26,2,Electrodomésticos,27-65
1008,2027,202,Cámara digital,R2,69.96,10,2024-04-26,3,Electrónica,56-87
1009,2088,363,SmartWatch,R3,111.58,9,2024-04-26,3,Electrónica,91-126
1010,2101,312,Parlantes Bluetooth,R2,82.23,2,2024-04-26,3,Electrónica,61-89
1011,2147,202,Cámara digital,R2,74.37,6,2024-04-26,3,Electrónica,56-87
1012,2363,372,Smartphone,R2,88.02,12,2024-04-26,3,Electrónica,64-101
1013,2504,132,Auriculares,R2,76.65,10,2024-04-26,3,Electrónica,58-93
1014,2580,173,Consola de videojuegos,R3,107.55,7,2024-04-26,3,Electrónica,90-126
1015,2646,273,Laptop,R3,111.98,8,2024-04-26,3,Electrónica,89-126
1016,51,293,Lámpara de mesa,R3,112.42,5,2024-04-27,1,Decoración,83-126
1017,359,292,Lámpara de mesa,R2,72.78,7,2024-04-27,1,Decoración,57-83
1018,375,112,Alfombra,R2,70.93,8,2024-04-27,1,Decoración,54-89
1019,537,213,Elementos de cerámica,R3,124.38,5,2024-04-27,1,Decoración,90-125
1020,844,262,Jarrón decorativo,R2,61.72,7,2024-04-27,1,Decoración,57-92
1021,1804,121,Aspiradora,R1,43.25,7,2024-04-27,2,Electrodomésticos,26-64
1022,2201,311,Parlantes Bluetooth,R1,41.53,7,2024-04-27,3,Electrónica,25-61
1023,2287,201,Cámara digital,R1,26.79,11,2024-04-27,3,Electrónica,25-56
1024,2465,133,Auriculares,R3,93.52,3,2024-04-27,3,Electrónica,93-125
1025,2528,361,SmartWatch,R1,54.61,1,2024-04-27,3,Electrónica,25-55
1026,2559,333,Proyector,R3,86.2,8,2024-04-27,3,Electrónica,86-125
1027,2633,371,Smartphone,R1,35.18,12,2024-04-27,3,Electrónica,26-64
1028,2645,133,Auriculares,R3,122.64,10,2024-04-27,3,Electrónica,93-125
1029,109,293,Lámpara de mesa,R3,103.94,9,2024-04-28,1,Decoración,83-126
1030,518,343,Rincón de plantas,R3,113.79,7,2024-04-28,1,Decoración,86-124
1031,1277,251,Horno eléctrico,R1,41.9,4,2024-04-28,2,Electrodomésticos,27-58
1032,1329,141,Batidora,R1,55.84,7,2024-04-28,2,Electrodomésticos,27-65
1033,1830,323,Plancha de vapor,R3,120.94,11,2024-04-28,2,Electrodomésticos,88-125
1034,1964,121,Aspiradora,R1,52.92,10,2024-04-28,2,Electrodomésticos,26-64
1035,2877,201,Cámara digital,R1,45.1,1,2024-04-28,3,Electrónica,25-56
1036,202,193,Cuadro decorativo,R3,106.72,4,2024-04-29,1,Decoración,86-126
1037,294,261,Jarrón decorativo,R1,50.35,3,2024-04-29,1,Decoración,26-57
1038,493,223,Espejo decorativo,R3,109.32,10,2024-04-29,1,Decoración,93-125
1039,799,293,Lámpara de mesa,R3,102.9,5,2024-04-29,1,Decoración,83-126
1040,1096,353,Secadora,R3,115.14,10,2024-04-29,2,Electrodomésticos,93-125
1041,1281,231,Freidora eléctrica,R1,60.99,12,2024-04-29,2,Electrodomésticos,25-61
1042,1715,283,Lavadora,R3,119.22,11,2024-04-29,2,Electrodomésticos,92-124
1043,2089,333,Proyector,R3,95.13,12,2024-04-29,3,Electrónica,86-125
1044,2367,203,Cámara digital,R3,91.04,8,2024-04-29,3,Electrónica,87-123
1045,124,263,Jarrón decorativo,R3,93.39,7,2024-04-30,1,Decoración,92-126
1046,177,212,Elementos de cerámica,R2,64.17,4,2024-04-30,1,Decoración,52-90
1047,255,112,Alfombra,R2,68.38,7,2024-04-30,1,Decoración,54-89
1048,709,293,Lámpara de mesa,R3,98.77,2,2024-04-30,1,Decoración,83-126
1049,975,111,Alfombra,R1,28.96,5,2024-04-30,1,Decoración,28-54
1050,988,343,Rincón de plantas,R3,115.47,1,2024-04-30,1,Decoración,86-124
1051,1036,351,Secadora,R1,42.32,7,2024-04-30,2,Electrodomésticos,26-50
1052,1205,281,Lavadora,R1,42.38,6,2024-04-30,2,Electrodomésticos,26-55
1053,1401,233,Freidora eléctrica,R3,122.99,7,2024-04-30,2,Electrodomésticos,90-125
1054,1762,241,Heladera,R1,27.82,10,2024-04-30,2,Electrodomésticos,27-57
1055,2629,333,Proyector,R3,94.3,1,2024-04-30,3,Electrónica,86-125
1056,306,183,Cortinas,R3,96.05,5,2024-05-01,1,Decoración,91-126
1057,475,113,Alfombra,R3,120.18,3,2024-05-01,1,Decoración,89-125
1058,901,291,Lámpara de mesa,R1,39.72,2,2024-05-01,1,Decoración,25-57
1059,972,191,Cuadro decorativo,R1,26.2,10,2024-05-01,1,Decoración,25-61
1060,1245,282,Lavadora,R2,81.58,12,2024-05-01,2,Electrodomésticos,55-92
1061,1726,353,Secadora,R3,101.27,7,2024-05-01,2,Electrodomésticos,93-125
1062,1973,301,Microondas,R1,38.03,11,2024-05-01,2,Electrodomésticos,26-67
1063,2182,393,Televisor,R3,105.46,11,2024-05-01,3,Electrónica,85-124
1064,2926,271,Laptop,R1,50.36,6,2024-05-01,3,Electrónica,27-58
1065,100,103,Adorno de pared,R3,112.16,8,2024-05-02,1,Decoración,91-120
1066,536,183,Cortinas,R3,107.95,1,2024-05-02,1,Decoración,91-126
1067,1028,153,Cafetera,R3,108.44,5,2024-05-02,2,Electrodomésticos,98-126
1068,1045,281,Lavadora,R1,51.22,4,2024-05-02,2,Electrodomésticos,26-55
1069,1152,243,Heladera,R3,116.86,5,2024-05-02,2,Electrodomésticos,91-123
1070,1217,252,Horno eléctrico,R2,88.92,8,2024-05-02,2,Electrodomésticos,58-93
1071,1310,321,Plancha de vapor,R1,43.78,9,2024-05-02,2,Electrodomésticos,26-55
1072,1842,242,Heladera,R2,65.18,1,2024-05-02,2,Electrodomésticos,57-91
1073,1969,142,Batidora,R2,72.9,1,2024-05-02,2,Electrodomésticos,65-91
1074,2191,313,Parlantes Bluetooth,R3,124.34,11,2024-05-02,3,Electrónica,89-125
1075,2510,172,Consola de videojuegos,R2,70.04,12,2024-05-02,3,Electrónica,55-90
1076,2621,313,Parlantes Bluetooth,R3,119.91,9,2024-05-02,3,Electrónica,89-125
1077,2775,133,Auriculares,R3,104.06,11,2024-05-02,3,Electrónica,93-125
1078,2988,363,SmartWatch,R3,100.8,4,2024-05-02,3,Electrónica,91-126
1079,220,101,Adorno de pared,R1,55.36,9,2024-05-03,1,Decoración,25-66
1080,819,293,Lámpara de mesa,R3,122.57,6,2024-05-03,1,Decoración,83-126
1081,1004,123,Aspiradora,R3,107.0,8,2024-05-03,2,Electrodomésticos,93-125
1082,1439,142,Batidora,R2,71.74,9,2024-05-03,2,Electrodomésticos,65-91
1083,1819,142,Batidora,R2,87.56,9,2024-05-03,2,Electrodomésticos,65-91
1084,2404,133,Auriculares,R3,102.65,4,2024-05-03,3,Electrónica,93-125
1085,2435,131,Auriculares,R1,39.55,3,2024-05-03,3,Electrónica,26-58
1086,2463,372,Smartphone,R2,67.59,2,2024-05-03,3,Electrónica,64-101
1087,2985,132,Auriculares,R2,58.92,3,2024-05-03,3,Electrónica,58-93
1088,16,181,Cortinas,R1,32.47,5,2024-05-04,1,Decoración,25-57
1089,342,192,Cuadro decorativo,R2,61.9,5,2024-05-04,1,Decoración,61-86
1090,806,183,Cortinas,R3,119.32,9,2024-05-04,1,Decoración,91-126
1091,903,222,Espejo decorativo,R2,81.45,2,2024-05-04,1,Decoración,57-93
1092,1056,353,Secadora,R3,109.52,10,2024-05-04,2,Electrodomésticos,93-125
1093,1666,353,Secadora,R3,99.75,4,2024-05-04,2,Electrodomésticos,93-125
1094,1672,242,Heladera,R2,63.1,12,2024-05-04,2,Electrodomésticos,57-91
1095,1932,241,Heladera,R1,31.46,9,2024-05-04,2,Electrodomésticos,27-57
1096,311,291,Lámpara de mesa,R1,33.89,2,2024-05-05,1,Decoración,25-57
1097,353,221,Espejo decorativo,R1,43.92,11,2024-05-05,1,Decoración,25-57
1098,650,101,Adorno de pared,R1,43.11,4,2024-05-05,1,Decoración,25-66
1099,656,183,Cortinas,R3,107.26,2,2024-05-05,1,Decoración,91-126
1100,1387,252,Horno eléctrico,R2,61.15,3,2024-05-05,2,Electrodomésticos,58-93
1101,1484,122,Aspiradora,R2,79.74,6,2024-05-05,2,Electrodomésticos,64-93
1102,1845,283,Lavadora,R3,119.69,5,2024-05-05,2,Electrodomésticos,92-124
1103,2403,372,Smartphone,R2,74.39,3,2024-05-05,3,Electrónica,64-101
1104,2445,133,Auriculares,R3,93.33,6,2024-05-05,3,Electrónica,93-125
1105,2898,363,SmartWatch,R3,108.81,10,2024-05-05,3,Electrónica,91-126
1106,98,343,Rincón de plantas,R3,91.3,6,2024-05-06,1,Decoración,86-124
1107,550,103,Adorno de pared,R3,98.99,8,2024-05-06,1,Decoración,91-120
1108,751,293,Lámpara de mesa,R3,91.99,11,2024-05-06,1,Decoración,83-126
1109,915,111,Alfombra,R1,43.37,11,2024-05-06,1,Decoración,28-54
1110,1304,123,Aspiradora,R3,99.07,8,2024-05-06,2,Electrodomésticos,93-125
1111,2211,313,Parlantes Bluetooth,R3,108.16,3,2024-05-06,3,Electrónica,89-125
1112,2264,132,Auriculares,R2,58.19,6,2024-05-06,3,Electrónica,58-93
1113,2708,363,SmartWatch,R3,115.3,10,2024-05-06,3,Electrónica,91-126
1114,2780,172,Consola de videojuegos,R2,65.35,6,2024-05-06,3,Electrónica,55-90
1115,2801,313,Parlantes Bluetooth,R3,97.22,1,2024-05-06,3,Electrónica,89-125
1116,998,342,Rincón de plantas,R2,65.82,1,2024-05-07,1,Decoración,63-86
1117,1748,152,Cafetera,R2,61.63,3,2024-05-07,2,Electrodomésticos,61-98
1118,1896,351,Secadora,R1,37.22,4,2024-05-07,2,Electrodomésticos,26-50
1119,1967,252,Horno eléctrico,R2,68.97,5,2024-05-07,2,Electrodomésticos,58-93
1120,2415,131,Auriculares,R1,35.87,5,2024-05-07,3,Electrónica,26-58
1121,22,193,Cuadro decorativo,R3,122.36,6,2024-05-08,1,Decoración,86-126
1122,491,293,Lámpara de mesa,R3,118.22,11,2024-05-08,1,Decoración,83-126
1123,873,223,Espejo decorativo,R3,120.9,6,2024-05-08,1,Decoración,93-125
1124,937,213,Elementos de cerámica,R3,121.14,2,2024-05-08,1,Decoración,90-125
1125,997,212,Elementos de cerámica,R2,56.49,10,2024-05-08,1,Decoración,52-90
1126,1000,102,Adorno de pared,R2,74.64,11,2024-05-08,1,Decoración,66-91
1127,1146,353,Secadora,R3,96.67,7,2024-05-08,2,Electrodomésticos,93-125
1128,1175,282,Lavadora,R2,82.41,2,2024-05-08,2,Electrodomésticos,55-92
1129,1747,252,Horno eléctrico,R2,87.9,2,2024-05-08,2,Electrodomésticos,58-93
1130,1970,323,Plancha de vapor,R3,113.7,5,2024-05-08,2,Electrodomésticos,88-125
1131,1972,243,Heladera,R3,105.49,3,2024-05-08,2,Electrodomésticos,91-123
1132,2163,373,Smartphone,R3,106.39,12,2024-05-08,3,Electrónica,101-126
1133,14,261,Jarrón decorativo,R1,29.77,5,2024-05-09,1,Decoración,26-57
1134,94,261,Jarrón decorativo,R1,34.6,1,2024-05-09,1,Decoración,26-57
1135,619,291,Lámpara de mesa,R1,43.29,11,2024-05-09,1,Decoración,25-57
1136,1108,152,Cafetera,R2,84.64,9,2024-05-09,2,Electrodomésticos,61-98
1137,1938,153,Cafetera,R3,107.9,11,2024-05-09,2,Electrodomésticos,98-126
1138,2473,372,Smartphone,R2,75.13,12,2024-05-09,3,Electrónica,64-101
1139,2840,172,Consola de videojuegos,R2,69.43,3,2024-05-09,3,Electrónica,55-90
1140,2974,132,Auriculares,R2,79.28,2,2024-05-09,3,Electrónica,58-93
1141,1151,232,Freidora eléctrica,R2,75.33,11,2024-05-10,2,Electrodomésticos,61-90
1142,1658,152,Cafetera,R2,94.79,12,2024-05-10,2,Electrodomésticos,61-98
1143,2131,313,Parlantes Bluetooth,R3,98.97,7,2024-05-10,3,Electrónica,89-125
1144,2333,373,Smartphone,R3,109.48,5,2024-05-10,3,Electrónica,101-126
1145,2649,331,Proyector,R1,44.93,5,2024-05-10,3,Electrónica,26-63
1146,2679,331,Proyector,R1,48.62,1,2024-05-10,3,Electrónica,26-63
1147,2941,311,Parlantes Bluetooth,R1,36.25,4,2024-05-10,3,Electrónica,25-61
1148,219,293,Lámpara de mesa,R3,114.9,10,2024-05-11,1,Decoración,83-126
1149,460,103,Adorno de pared,R3,93.62,6,2024-05-11,1,Decoración,91-120
1150,1116,352,Secadora,R2,56.24,8,2024-05-11,2,Electrodomésticos,50-93
1151,1407,253,Horno eléctrico,R3,97.47,11,2024-05-11,2,Electrodomésticos,93-124
1152,1468,153,Cafetera,R3,111.23,2,2024-05-11,2,Electrodomésticos,98-126
1153,2364,133,Auriculares,R3,94.13,10,2024-05-11,3,Electrónica,93-125
1154,2672,392,Televisor,R2,79.54,1,2024-05-11,3,Electrónica,57-85
1155,2772,393,Televisor,R3,107.31,3,2024-05-11,3,Electrónica,85-124
1156,495,113,Alfombra,R3,90.94,12,2024-05-12,1,Decoración,89-125
1157,973,221,Espejo decorativo,R1,54.84,5,2024-05-12,1,Decoración,25-57
1158,1269,141,Batidora,R1,46.78,5,2024-05-12,2,Electrodomésticos,27-65
1159,1765,283,Lavadora,R3,95.85,8,2024-05-12,2,Electrodomésticos,92-124
1160,1789,141,Batidora,R1,45.45,12,2024-05-12,2,Electrodomésticos,27-65
1161,2860,173,Consola de videojuegos,R3,100.61,6,2024-05-12,3,Electrónica,90-126
1162,2888,362,SmartWatch,R2,66.44,3,2024-05-12,3,Electrónica,55-91
1163,147,211,Elementos de cerámica,R1,32.0,2,2024-05-13,1,Decoración,26-52
1164,1087,251,Horno eléctrico,R1,52.09,7,2024-05-13,2,Electrodomésticos,27-58
1165,1103,303,Microondas,R3,96.18,2,2024-05-13,2,Electrodomésticos,94-126
1166,1682,241,Heladera,R1,47.08,1,2024-05-13,2,Electrodomésticos,27-57
1167,1966,351,Secadora,R1,27.27,9,2024-05-13,2,Electrodomésticos,26-50
1168,2022,393,Televisor,R3,112.05,3,2024-05-13,3,Electrónica,85-124
1169,2177,201,Cámara digital,R1,55.84,7,2024-05-13,3,Electrónica,25-56
1170,2776,272,Laptop,R2,85.59,1,2024-05-13,3,Electrónica,58-89
1171,2797,201,Cámara digital,R1,53.44,11,2024-05-13,3,Electrónica,25-56
1172,2875,131,Auriculares,R1,55.41,10,2024-05-13,3,Electrónica,26-58
1173,214,262,Jarrón decorativo,R2,83.4,6,2024-05-14,1,Decoración,57-92
1174,286,183,Cortinas,R3,94.53,4,2024-05-14,1,Decoración,91-126
1175,609,292,Lámpara de mesa,R2,78.44,9,2024-05-14,1,Decoración,57-83
1176,1122,241,Heladera,R1,38.84,5,2024-05-14,2,Electrodomésticos,27-57
1177,1787,251,Horno eléctrico,R1,49.02,5,2024-05-14,2,Electrodomésticos,27-58
1178,1955,281,Lavadora,R1,27.86,6,2024-05-14,2,Electrodomésticos,26-55
1179,2213,371,Smartphone,R1,30.51,9,2024-05-14,3,Electrónica,26-64
1180,2635,133,Auriculares,R3,96.21,11,2024-05-14,3,Electrónica,93-125
1181,2956,272,Laptop,R2,83.54,5,2024-05-14,3,Electrónica,58-89
1182,678,343,Rincón de plantas,R3,88.93,6,2024-05-15,1,Decoración,86-124
1183,1257,253,Horno eléctrico,R3,113.04,8,2024-05-15,2,Electrodomésticos,93-124
1184,1540,321,Plancha de vapor,R1,47.1,3,2024-05-15,2,Electrodomésticos,26-55
1185,1739,141,Batidora,R1,30.74,10,2024-05-15,2,Electrodomésticos,27-65
1186,1777,253,Horno eléctrico,R3,102.82,8,2024-05-15,2,Electrodomésticos,93-124
1187,1778,153,Cafetera,R3,112.18,12,2024-05-15,2,Electrodomésticos,98-126
1188,2726,272,Laptop,R2,70.78,12,2024-05-15,3,Electrónica,58-89
1189,2733,372,Smartphone,R2,75.31,5,2024-05-15,3,Electrónica,64-101
1190,2972,393,Televisor,R3,91.67,2,2024-05-15,3,Electrónica,85-124
1191,660,102,Adorno de pared,R2,71.13,9,2024-05-16,1,Decoración,66-91
1192,736,182,Cortinas,R2,73.3,5,2024-05-16,1,Decoración,57-91
1193,1606,353,Secadora,R3,105.33,5,2024-05-16,2,Electrodomésticos,93-125
1194,1756,353,Secadora,R3,113.61,11,2024-05-16,2,Electrodomésticos,93-125
1195,1823,303,Microondas,R3,119.18,6,2024-05-16,2,Electrodomésticos,94-126
1196,2509,331,Proyector,R1,46.93,2,2024-05-16,3,Electrónica,26-63
1197,2931,313,Parlantes Bluetooth,R3,110.22,2,2024-05-16,3,Electrónica,89-125
1198,244,262,Jarrón decorativo,R2,64.62,8,2024-05-17,1,Decoración,57-92
1199,448,343,Rincón de plantas,R3,99.24,9,2024-05-17,1,Decoración,86-124
1200,667,211,Elementos de cerámica,R1,45.2,9,2024-05-17,1,Decoración,26-52
1201,1006,353,Secadora,R3,116.9,5,2024-05-17,2,Electrodomésticos,93-125
1202,1181,232,Freidora eléctrica,R2,85.03,4,2024-05-17,2,Electrodomésticos,61-90
1203,1300,323,Plancha de vapor,R3,93.91,7,2024-05-17,2,Electrodomésticos,88-125
1204,1773,302,Microondas,R2,75.48,1,2024-05-17,2,Electrodomésticos,67-94
1205,2061,312,Parlantes Bluetooth,R2,81.99,8,2024-05-17,3,Electrónica,61-89
1206,2609,331,Proyector,R1,30.02,2,2024-05-17,3,Electrónica,26-63
1207,2767,201,Cámara digital,R1,42.61,11,2024-05-17,3,Electrónica,25-56
1208,2823,371,Smartphone,R1,61.76,11,2024-05-17,3,Electrónica,26-64
1209,2971,312,Parlantes Bluetooth,R2,74.59,7,2024-05-17,3,Electrónica,61-89
1210,2999,171,Consola de videojuegos,R1,52.08,4,2024-05-17,3,Electrónica,29-55
1211,477,212,Elementos de cerámica,R2,81.02,1,2024-05-18,1,Decoración,52-90
1212,920,101,Adorno de pared,R1,39.6,8,2024-05-18,1,Decoración,25-66
1213,1066,352,Secadora,R2,62.98,9,2024-05-18,2,Electrodomésticos,50-93
1214,1176,353,Secadora,R3,118.64,11,2024-05-18,2,Electrodomésticos,93-125
1215,1708,151,Cafetera,R1,30.63,11,2024-05-18,2,Electrodomésticos,25-61
1216,2288,361,SmartWatch,R1,42.66,11,2024-05-18,3,Electrónica,25-55
1217,2289,331,Proyector,R1,60.8,4,2024-05-18,3,Electrónica,26-63
1218,2409,332,Proyector,R2,79.11,10,2024-05-18,3,Electrónica,63-86
1219,2612,393,Televisor,R3,96.38,11,2024-05-18,3,Electrónica,85-124
1220,2904,383,Tablet,R3,93.31,3,2024-05-18,3,Electrónica,81-124
1221,405,111,Alfombra,R1,33.36,10,2024-05-19,1,Decoración,28-54
1222,575,113,Alfombra,R3,110.42,11,2024-05-19,1,Decoración,89-125
1223,721,292,Lámpara de mesa,R2,74.42,5,2024-05-19,1,Decoración,57-83
1224,908,343,Rincón de plantas,R3,106.89,1,2024-05-19,1,Decoración,86-124
1225,1377,253,Horno eléctrico,R3,110.65,8,2024-05-19,2,Electrodomésticos,93-124
1226,1667,253,Horno eléctrico,R3,108.28,8,2024-05-19,2,Electrodomésticos,93-124
1227,1905,281,Lavadora,R1,49.5,5,2024-05-19,2,Electrodomésticos,26-55
1228,2582,392,Televisor,R2,69.3,6,2024-05-19,3,Electrónica,57-85
1229,2978,363,SmartWatch,R3,115.44,9,2024-05-19,3,Electrónica,91-126
1230,453,221,Espejo decorativo,R1,55.4,9,2024-05-20,1,Decoración,25-57
1231,762,192,Cuadro decorativo,R2,65.61,9,2024-05-20,1,Decoración,61-86
1232,918,343,Rincón de plantas,R3,104.95,9,2024-05-20,1,Decoración,86-124
1233,976,183,Cortinas,R3,114.76,11,2024-05-20,1,Decoración,91-126
1234,1104,122,Aspiradora,R2,76.2,5,2024-05-20,2,Electrodomésticos,64-93
1235,1351,232,Freidora eléctrica,R2,69.09,2,2024-05-20,2,Electrodomésticos,61-90
1236,1694,122,Aspiradora,R2,79.23,9,2024-05-20,2,Electrodomésticos,64-93
1237,2482,391,Televisor,R1,43.31,1,2024-05-20,3,Electrónica,26-57
1238,44,263,Jarrón decorativo,R3,118.28,11,2024-05-21,1,Decoración,92-126
1239,54,261,Jarrón decorativo,R1,49.21,4,2024-05-21,1,Decoración,26-57
1240,106,183,Cortinas,R3,101.89,7,2024-05-21,1,Decoración,91-126
1241,319,293,Lámpara de mesa,R3,93.24,9,2024-05-21,1,Decoración,83-126
1242,414,261,Jarrón decorativo,R1,33.06,2,2024-05-21,1,Decoración,26-57
1243,981,293,Lámpara de mesa,R3,83.12,9,2024-05-21,1,Decoración,83-126
1244,1024,121,Aspiradora,R1,35.94,11,2024-05-21,2,Electrodomésticos,26-64
1245,1479,143,Batidora,R3,121.07,1,2024-05-21,2,Electrodomésticos,91-126
1246,1883,301,Microondas,R1,34.52,10,2024-05-21,2,Electrodomésticos,26-67
1247,2150,172,Consola de videojuegos,R2,66.93,5,2024-05-21,3,Electrónica,55-90
1248,2432,391,Televisor,R1,54.12,9,2024-05-21,3,Electrónica,26-57
1249,2676,271,Laptop,R1,32.36,9,2024-05-21,3,Electrónica,27-58
1250,312,191,Cuadro decorativo,R1,42.77,1,2024-05-22,1,Decoración,25-61
1251,425,111,Alfombra,R1,45.68,10,2024-05-22,1,Decoración,28-54
1252,483,223,Espejo decorativo,R3,97.74,11,2024-05-22,1,Decoración,93-125
1253,527,213,Elementos de cerámica,R3,103.6,3,2024-05-22,1,Decoración,90-125
1254,802,191,Cuadro decorativo,R1,27.37,5,2024-05-22,1,Decoración,25-61
1255,812,193,Cuadro decorativo,R3,107.32,10,2024-05-22,1,Decoración,86-126
1256,1198,153,Cafetera,R3,106.65,9,2024-05-22,2,Electrodomésticos,98-126
1257,1603,303,Microondas,R3,112.46,6,2024-05-22,2,Electrodomésticos,94-126
1258,1631,233,Freidora eléctrica,R3,111.17,5,2024-05-22,2,Electrodomésticos,90-125
1259,2802,393,Televisor,R3,101.58,9,2024-05-22,3,Electrónica,85-124
1260,2868,363,SmartWatch,R3,124.57,6,2024-05-22,3,Electrónica,91-126
1261,2895,131,Auriculares,R1,53.91,4,2024-05-22,3,Electrónica,26-58
1262,123,222,Espejo decorativo,R2,63.56,11,2024-05-23,1,Decoración,57-93
1263,672,191,Cuadro decorativo,R1,47.68,6,2024-05-23,1,Decoración,25-61
1264,859,292,Lámpara de mesa,R2,76.25,4,2024-05-23,1,Decoración,57-83
1265,1238,152,Cafetera,R2,70.06,12,2024-05-23,2,Electrodomésticos,61-98
1266,1417,252,Horno eléctrico,R2,85.81,10,2024-05-23,2,Electrodomésticos,58-93
1267,2189,333,Proyector,R3,100.31,3,2024-05-23,3,Electrónica,86-125
1268,2678,361,SmartWatch,R1,47.3,10,2024-05-23,3,Electrónica,25-55
1269,465,112,Alfombra,R2,76.75,2,2024-05-24,1,Decoración,54-89
1270,2907,203,Cámara digital,R3,98.69,9,2024-05-24,3,Electrónica,87-123
1271,476,182,Cortinas,R2,71.82,11,2024-05-25,1,Decoración,57-91
1272,583,221,Espejo decorativo,R1,49.09,9,2024-05-25,1,Decoración,25-57
1273,738,341,Rincón de plantas,R1,29.42,11,2024-05-25,1,Decoración,25-63
1274,1241,233,Freidora eléctrica,R3,96.2,6,2024-05-25,2,Electrodomésticos,90-125
1275,1526,353,Secadora,R3,115.5,7,2024-05-25,2,Electrodomésticos,93-125
1276,2004,383,Tablet,R3,123.01,11,2024-05-25,3,Electrónica,81-124
1277,2092,392,Televisor,R2,65.23,6,2024-05-25,3,Electrónica,57-85
1278,2116,271,Laptop,R1,50.25,8,2024-05-25,3,Electrónica,27-58
1279,2146,272,Laptop,R2,87.7,5,2024-05-25,3,Electrónica,58-89
1280,2652,392,Televisor,R2,74.49,4,2024-05-25,3,Electrónica,57-85
1281,29,292,Lámpara de mesa,R2,70.17,12,2024-05-26,1,Decoración,57-83
1282,568,343,Rincón de plantas,R3,100.45,1,2024-05-26,1,Decoración,86-124
1283,782,192,Cuadro decorativo,R2,67.07,6,2024-05-26,1,Decoración,61-86
1284,1025,283,Lavadora,R3,119.78,9,2024-05-26,2,Electrodomésticos,92-124
1285,1616,351,Secadora,R1,40.43,8,2024-05-26,2,Electrodomésticos,26-50
1286,1721,231,Freidora eléctrica,R1,26.06,5,2024-05-26,2,Electrodomésticos,25-61
1287,2041,313,Parlantes Bluetooth,R3,102.72,2,2024-05-26,3,Electrónica,89-125
1288,2073,372,Smartphone,R2,70.04,3,2024-05-26,3,Electrónica,64-101
1289,137,212,Elementos de cerámica,R2,68.46,11,2024-05-27,1,Decoración,52-90
1290,1050,322,Plancha de vapor,R2,72.33,1,2024-05-27,2,Electrodomésticos,55-88
1291,1226,352,Secadora,R2,89.37,10,2024-05-27,2,Electrodomésticos,50-93
1292,1380,322,Plancha de vapor,R2,61.63,2,2024-05-27,2,Electrodomésticos,55-88
1293,1446,353,Secadora,R3,124.12,10,2024-05-27,2,Electrodomésticos,93-125
1294,1543,303,Microondas,R3,118.71,9,2024-05-27,2,Electrodomésticos,94-126
1295,1608,153,Cafetera,R3,122.82,4,2024-05-27,2,Electrodomésticos,98-126
1296,1702,242,Heladera,R2,77.89,2,2024-05-27,2,Electrodomésticos,57-91
1297,1940,321,Plancha de vapor,R1,45.19,1,2024-05-27,2,Electrodomésticos,26-55
1298,2011,311,Parlantes Bluetooth,R1,27.45,7,2024-05-27,3,Electrónica,25-61
1299,2876,271,Laptop,R1,37.65,3,2024-05-27,3,Electrónica,27-58
1300,224,262,Jarrón decorativo,R2,75.72,1,2024-05-28,1,Decoración,57-92
1301,510,102,Adorno de pared,R2,79.02,5,2024-05-28,1,Decoración,66-91
1302,897,211,Elementos de cerámica,R1,27.43,7,2024-05-28,1,Decoración,26-52
1303,1080,321,Plancha de vapor,R1,53.1,6,2024-05-28,2,Electrodomésticos,26-55
1304,1368,152,Cafetera,R2,67.26,7,2024-05-28,2,Electrodomésticos,61-98
1305,1613,303,Microondas,R3,101.99,5,2024-05-28,2,Electrodomésticos,94-126
1306,1732,243,Heladera,R3,109.53,11,2024-05-28,2,Electrodomésticos,91-123
1307,2067,203,Cámara digital,R3,102.63,7,2024-05-28,3,Electrónica,87-123
1308,13,221,Espejo decorativo,R1,29.73,1,2024-05-29,1,Decoración,25-57
1309,110,101,Adorno de pared,R1,33.01,1,2024-05-29,1,Decoración,25-66
1310,784,263,Jarrón decorativo,R3,109.83,6,2024-05-29,1,Decoración,92-126
1311,902,193,Cuadro decorativo,R3,111.22,9,2024-05-29,1,Decoración,86-126
1312,1275,282,Lavadora,R2,82.49,11,2024-05-29,2,Electrodomésticos,55-92
1313,1478,153,Cafetera,R3,121.9,2,2024-05-29,2,Electrodomésticos,98-126
1314,1719,143,Batidora,R3,106.81,10,2024-05-29,2,Electrodomésticos,91-126
1315,2125,131,Auriculares,R1,33.47,2,2024-05-29,3,Electrónica,26-58
1316,2251,311,Parlantes Bluetooth,R1,51.27,8,2024-05-29,3,Electrónica,25-61
1317,2847,203,Cámara digital,R3,122.31,4,2024-05-29,3,Electrónica,87-123
1318,82,191,Cuadro decorativo,R1,47.42,5,2024-05-30,1,Decoración,25-61
1319,111,291,Lámpara de mesa,R1,38.65,12,2024-05-30,1,Decoración,25-57
1320,432,192,Cuadro decorativo,R2,77.42,12,2024-05-30,1,Decoración,61-86
1321,1632,243,Heladera,R3,120.78,8,2024-05-30,2,Electrodomésticos,91-123
1322,166,183,Cortinas,R3,105.06,8,2024-05-31,1,Decoración,91-126
1323,482,191,Cuadro decorativo,R1,54.21,7,2024-05-31,1,Decoración,25-61
1324,995,113,Alfombra,R3,109.03,10,2024-05-31,1,Decoración,89-125
1325,1343,303,Microondas,R3,106.86,12,2024-05-31,2,Electrodomésticos,94-126
1326,1418,152,Cafetera,R2,91.72,12,2024-05-31,2,Electrodomésticos,61-98
1327,2659,332,Proyector,R2,75.9,3,2024-05-31,3,Electrónica,63-86
1328,2745,132,Auriculares,R2,70.62,7,2024-05-31,3,Electrónica,58-93
1329,2842,391,Televisor,R1,38.35,5,2024-05-31,3,Electrónica,26-57
1330,2995,273,Laptop,R3,119.04,6,2024-05-31,3,Electrónica,89-126
1331,376,183,Cortinas,R3,106.27,2,2024-06-01,1,Decoración,91-126
1332,530,102,Adorno de pared,R2,82.65,5,2024-06-01,1,Decoración,66-91
1333,1040,321,Plancha de vapor,R1,49.22,2,2024-06-01,2,Electrodomésticos,26-55
1334,1929,143,Batidora,R3,92.87,10,2024-06-01,2,Electrodomésticos,91-126
1335,2481,312,Parlantes Bluetooth,R2,79.7,8,2024-06-01,3,Electrónica,61-89
1336,2929,333,Proyector,R3,115.45,7,2024-06-01,3,Electrónica,86-125
1337,160,101,Adorno de pared,R1,33.27,12,2024-06-02,1,Decoración,25-66
1338,253,222,Espejo decorativo,R2,92.77,5,2024-06-02,1,Decoración,57-93
1339,334,262,Jarrón decorativo,R2,84.95,12,2024-06-02,1,Decoración,57-92
1340,378,341,Rincón de plantas,R1,37.9,10,2024-06-02,1,Decoración,25-63
1341,459,293,Lámpara de mesa,R3,101.54,4,2024-06-02,1,Decoración,83-126
1342,524,261,Jarrón decorativo,R1,40.32,4,2024-06-02,1,Decoración,26-57
1343,1003,302,Microondas,R2,84.24,9,2024-06-02,2,Electrodomésticos,67-94
1344,1051,232,Freidora eléctrica,R2,82.08,8,2024-06-02,2,Electrodomésticos,61-90
1345,1076,352,Secadora,R2,77.29,4,2024-06-02,2,Electrodomésticos,50-93
1346,1476,352,Secadora,R2,73.14,6,2024-06-02,2,Electrodomésticos,50-93
1347,1552,241,Heladera,R1,54.63,5,2024-06-02,2,Electrodomésticos,27-57
1348,1602,241,Heladera,R1,48.35,9,2024-06-02,2,Electrodomésticos,27-57
1349,1664,122,Aspiradora,R2,69.63,12,2024-06-02,2,Electrodomésticos,64-93
1350,1822,241,Heladera,R1,56.36,12,2024-06-02,2,Electrodomésticos,27-57
1351,2046,271,Laptop,R1,34.09,6,2024-06-02,3,Electrónica,27-58
1352,2126,273,Laptop,R3,107.26,4,2024-06-02,3,Electrónica,89-126
1353,1082,243,Heladera,R3,107.48,12,2024-06-03,2,Electrodomésticos,91-123
1354,1327,252,Horno eléctrico,R2,75.85,2,2024-06-03,2,Electrodomésticos,58-93
1355,1370,323,Plancha de vapor,R3,115.6,10,2024-06-03,2,Electrodomésticos,88-125
1356,1923,303,Microondas,R3,97.54,4,2024-06-03,2,Electrodomésticos,94-126
1357,2055,133,Auriculares,R3,104.83,9,2024-06-03,3,Electrónica,93-125
1358,2207,203,Cámara digital,R3,110.08,4,2024-06-03,3,Electrónica,87-123
1359,992,191,Cuadro decorativo,R1,52.42,3,2024-06-04,1,Decoración,25-61
1360,1063,303,Microondas,R3,108.39,12,2024-06-04,2,Electrodomésticos,94-126
1361,1518,151,Cafetera,R1,46.7,2,2024-06-04,2,Electrodomésticos,25-61
1362,1563,303,Microondas,R3,111.61,2,2024-06-04,2,Electrodomésticos,94-126
1363,2017,201,Cámara digital,R1,54.04,8,2024-06-04,3,Electrónica,25-56
1364,2468,361,SmartWatch,R1,54.55,11,2024-06-04,3,Electrónica,25-55
1365,2807,201,Cámara digital,R1,44.43,6,2024-06-04,3,Electrónica,25-56
1366,433,222,Espejo decorativo,R2,86.28,10,2024-06-05,1,Decoración,57-93
1367,1199,141,Batidora,R1,58.03,10,2024-06-05,2,Electrodomésticos,27-65
1368,1227,251,Horno eléctrico,R1,49.61,2,2024-06-05,2,Electrodomésticos,27-58
1369,1334,121,Aspiradora,R1,43.21,7,2024-06-05,2,Electrodomésticos,26-64
1370,1347,253,Horno eléctrico,R3,94.85,7,2024-06-05,2,Electrodomésticos,93-124
1371,1382,303,Microondas,R3,94.28,9,2024-06-05,2,Electrodomésticos,94-126
1372,740,103,Adorno de pared,R3,103.19,9,2024-06-06,1,Decoración,91-120
1373,766,182,Cortinas,R2,90.1,8,2024-06-06,1,Decoración,57-91
1374,890,103,Adorno de pared,R3,91.85,6,2024-06-06,1,Decoración,91-120
1375,1030,322,Plancha de vapor,R2,66.69,1,2024-06-06,2,Electrodomésticos,55-88
1376,1127,252,Horno eléctrico,R2,66.32,6,2024-06-06,2,Electrodomésticos,58-93
1377,1297,251,Horno eléctrico,R1,35.93,12,2024-06-06,2,Electrodomésticos,27-58
1378,1888,151,Cafetera,R1,44.54,4,2024-06-06,2,Electrodomésticos,25-61
1379,2040,171,Consola de videojuegos,R1,43.95,11,2024-06-06,3,Electrónica,29-55
1380,2674,383,Tablet,R3,116.52,3,2024-06-06,3,Electrónica,81-124
1381,66,181,Cortinas,R1,46.14,2,2024-06-07,1,Decoración,25-57
1382,257,213,Elementos de cerámica,R3,108.4,7,2024-06-07,1,Decoración,90-125
1383,296,182,Cortinas,R2,90.57,2,2024-06-07,1,Decoración,57-91
1384,333,222,Espejo decorativo,R2,73.58,5,2024-06-07,1,Decoración,57-93
1385,2624,383,Tablet,R3,122.97,2,2024-06-07,3,Electrónica,81-124
1386,2750,171,Consola de videojuegos,R1,38.97,9,2024-06-07,3,Electrónica,29-55
1387,2854,381,Tablet,R1,56.11,7,2024-06-07,3,Electrónica,26-62
1388,648,342,Rincón de plantas,R2,78.47,6,2024-06-08,1,Decoración,63-86
1389,686,183,Cortinas,R3,115.02,12,2024-06-08,1,Decoración,91-126
1390,910,101,Adorno de pared,R1,47.55,3,2024-06-08,1,Decoración,25-66
1391,1075,281,Lavadora,R1,31.9,5,2024-06-08,2,Electrodomésticos,26-55
1392,1474,122,Aspiradora,R2,91.09,11,2024-06-08,2,Electrodomésticos,64-93
1393,1729,142,Batidora,R2,72.01,9,2024-06-08,2,Electrodomésticos,65-91
1394,1735,283,Lavadora,R3,111.42,7,2024-06-08,2,Electrodomésticos,92-124
1395,1870,321,Plancha de vapor,R1,29.65,11,2024-06-08,2,Electrodomésticos,26-55
1396,2138,361,SmartWatch,R1,27.36,4,2024-06-08,3,Electrónica,25-55
1397,2308,363,SmartWatch,R3,105.89,9,2024-06-08,3,Electrónica,91-126
1398,2321,311,Parlantes Bluetooth,R1,47.14,5,2024-06-08,3,Electrónica,25-61
1399,2957,201,Cámara digital,R1,37.59,6,2024-06-08,3,Electrónica,25-56
1400,28,341,Rincón de plantas,R1,54.26,10,2024-06-09,1,Decoración,25-63
1401,1179,143,Batidora,R3,123.86,3,2024-06-09,2,Electrodomésticos,91-126
1402,1276,352,Secadora,R2,65.45,12,2024-06-09,2,Electrodomésticos,50-93
1403,2105,131,Auriculares,R1,46.74,12,2024-06-09,3,Electrónica,26-58
1404,1120,321,Plancha de vapor,R1,30.67,7,2024-06-10,2,Electrodomésticos,26-55
1405,2292,391,Televisor,R1,39.53,12,2024-06-10,3,Electrónica,26-57
1406,2418,361,SmartWatch,R1,46.8,3,2024-06-10,3,Electrónica,25-55
1407,2601,313,Parlantes Bluetooth,R3,121.98,7,2024-06-10,3,Electrónica,89-125
1408,637,211,Elementos de cerámica,R1,44.23,4,2024-06-11,1,Decoración,26-52
1409,810,103,Adorno de pared,R3,105.57,7,2024-06-11,1,Decoración,91-120
1410,1437,252,Horno eléctrico,R2,80.12,8,2024-06-11,2,Electrodomésticos,58-93
1411,1720,322,Plancha de vapor,R2,81.86,12,2024-06-11,2,Electrodomésticos,55-88
1412,2065,133,Auriculares,R3,108.07,10,2024-06-11,3,Electrónica,93-125
1413,2235,132,Auriculares,R2,74.81,12,2024-06-11,3,Electrónica,58-93
1414,2458,362,SmartWatch,R2,58.95,9,2024-06-11,3,Electrónica,55-91
1415,2552,393,Televisor,R3,122.59,7,2024-06-11,3,Electrónica,85-124
1416,2819,332,Proyector,R2,80.92,8,2024-06-11,3,Electrónica,63-86
1417,2859,331,Proyector,R1,62.35,3,2024-06-11,3,Electrónica,26-63
1418,2955,133,Auriculares,R3,106.03,7,2024-06-11,3,Electrónica,93-125
1419,297,212,Elementos de cerámica,R2,73.17,10,2024-06-12,1,Decoración,52-90
1420,771,291,Lámpara de mesa,R1,51.51,2,2024-06-12,1,Decoración,25-57
1421,1154,123,Aspiradora,R3,95.11,4,2024-06-12,2,Electrodomésticos,93-125
1422,1662,301,Microondas,R1,33.73,1,2024-06-12,2,Electrodomésticos,26-67
1423,2084,381,Tablet,R1,26.85,9,2024-06-12,3,Electrónica,26-62
1424,2164,382,Tablet,R2,66.02,8,2024-06-12,3,Electrónica,62-81
1425,2256,271,Laptop,R1,37.57,4,2024-06-12,3,Electrónica,27-58
1426,2746,272,Laptop,R2,58.49,7,2024-06-12,3,Electrónica,58-89
1427,191,292,Lámpara de mesa,R2,60.73,1,2024-06-13,1,Decoración,57-83
1428,350,102,Adorno de pared,R2,79.48,12,2024-06-13,1,Decoración,66-91
1429,824,262,Jarrón decorativo,R2,91.89,8,2024-06-13,1,Decoración,57-92
1430,982,191,Cuadro decorativo,R1,34.89,10,2024-06-13,1,Decoración,25-61
1431,1246,352,Secadora,R2,60.94,6,2024-06-13,2,Electrodomésticos,50-93
1432,2344,382,Tablet,R2,71.59,5,2024-06-13,3,Electrónica,62-81
1433,2740,172,Consola de videojuegos,R2,88.36,5,2024-06-13,3,Electrónica,55-90
1434,2754,381,Tablet,R1,61.6,3,2024-06-13,3,Electrónica,26-62
1435,90,103,Adorno de pared,R3,119.3,2,2024-06-14,1,Decoración,91-120
1436,764,261,Jarrón decorativo,R1,45.94,10,2024-06-14,1,Decoración,26-57
1437,1992,303,Microondas,R3,120.02,12,2024-06-14,2,Electrodomésticos,94-126
1438,2123,371,Smartphone,R1,32.32,6,2024-06-14,3,Electrónica,26-64
1439,2377,203,Cámara digital,R3,107.92,9,2024-06-14,3,Electrónica,87-123
1440,2568,362,SmartWatch,R2,85.17,5,2024-06-14,3,Electrónica,55-91
1441,2728,362,SmartWatch,R2,87.88,2,2024-06-14,3,Electrónica,55-91
1442,2811,313,Parlantes Bluetooth,R3,116.91,7,2024-06-14,3,Electrónica,89-125
1443,208,343,Rincón de plantas,R3,107.88,10,2024-06-15,1,Decoración,86-124
1444,1091,232,Freidora eléctrica,R2,70.6,7,2024-06-15,2,Electrodomésticos,61-90
1445,1535,283,Lavadora,R3,113.28,10,2024-06-15,2,Electrodomésticos,92-124
1446,2014,382,Tablet,R2,76.9,8,2024-06-15,3,Electrónica,62-81
1447,2026,272,Laptop,R2,59.48,6,2024-06-15,3,Electrónica,58-89
1448,143,223,Espejo decorativo,R3,101.88,9,2024-06-16,1,Decoración,93-125
1449,187,212,Elementos de cerámica,R2,57.19,8,2024-06-16,1,Decoración,52-90
1450,712,193,Cuadro decorativo,R3,103.02,2,2024-06-16,1,Decoración,86-126
1451,1990,323,Plancha de vapor,R3,113.42,3,2024-06-16,2,Electrodomésticos,88-125
1452,2349,332,Proyector,R2,68.09,8,2024-06-16,3,Electrónica,63-86
1453,2896,272,Laptop,R2,79.86,4,2024-06-16,3,Electrónica,58-89
1454,485,113,Alfombra,R3,113.9,2,2024-06-17,1,Decoración,89-125
1455,534,261,Jarrón decorativo,R1,32.38,5,2024-06-17,1,Decoración,26-57
1456,767,211,Elementos de cerámica,R1,40.69,11,2024-06-17,1,Decoración,26-52
1457,1560,322,Plancha de vapor,R2,63.13,9,2024-06-17,2,Electrodomésticos,55-88
1458,261,293,Lámpara de mesa,R3,124.14,7,2024-06-18,1,Decoración,83-126
1459,344,262,Jarrón decorativo,R2,67.71,1,2024-06-18,1,Decoración,57-92
1460,358,342,Rincón de plantas,R2,63.41,7,2024-06-18,1,Decoración,63-86
1461,625,113,Alfombra,R3,124.91,3,2024-06-18,1,Decoración,89-125
1462,1288,153,Cafetera,R3,124.44,2,2024-06-18,2,Electrodomésticos,98-126
1463,2765,132,Auriculares,R2,63.93,8,2024-06-18,3,Electrónica,58-93
1464,777,212,Elementos de cerámica,R2,62.21,1,2024-06-19,1,Decoración,52-90
1465,1069,142,Batidora,R2,87.99,1,2024-06-19,2,Electrodomésticos,65-91
1466,1244,123,Aspiradora,R3,103.91,4,2024-06-19,2,Electrodomésticos,93-125
1467,1428,152,Cafetera,R2,63.53,11,2024-06-19,2,Electrodomésticos,61-98
1468,1722,301,Microondas,R1,31.78,3,2024-06-19,2,Electrodomésticos,26-67
1469,2120,173,Consola de videojuegos,R3,99.63,6,2024-06-19,3,Electrónica,90-126
1470,2455,132,Auriculares,R2,91.06,3,2024-06-19,3,Electrónica,58-93
1471,388,342,Rincón de plantas,R2,80.35,12,2024-06-20,1,Decoración,63-86
1472,1018,153,Cafetera,R3,121.43,1,2024-06-20,2,Electrodomésticos,98-126
1473,1628,151,Cafetera,R1,30.58,2,2024-06-20,2,Electrodomésticos,25-61
1474,2127,202,Cámara digital,R2,70.38,12,2024-06-20,3,Electrónica,56-87
1475,2516,273,Laptop,R3,91.36,7,2024-06-20,3,Electrónica,89-126
1476,410,103,Adorno de pared,R3,109.64,3,2024-06-21,1,Decoración,91-120
1477,1350,323,Plancha de vapor,R3,105.68,5,2024-06-21,2,Electrodomésticos,88-125
1478,1547,253,Horno eléctrico,R3,95.83,2,2024-06-21,2,Electrodomésticos,93-124
1479,1843,302,Microondas,R2,72.0,11,2024-06-21,2,Electrodomésticos,67-94
1480,2290,173,Consola de videojuegos,R3,115.96,7,2024-06-21,3,Electrónica,90-126
1481,267,212,Elementos de cerámica,R2,58.78,11,2024-06-22,1,Decoración,52-90
1482,330,101,Adorno de pared,R1,60.02,6,2024-06-22,1,Decoración,25-66
1483,966,181,Cortinas,R1,51.43,10,2024-06-22,1,Decoración,25-57
1484,1196,351,Secadora,R1,32.4,3,2024-06-22,2,Electrodomésticos,26-50
1485,2324,381,Tablet,R1,45.82,9,2024-06-22,3,Electrónica,26-62
1486,416,182,Cortinas,R2,83.58,3,2024-06-23,1,Decoración,57-91
1487,756,183,Cortinas,R3,107.29,4,2024-06-23,1,Decoración,91-126
1488,834,262,Jarrón decorativo,R2,78.01,4,2024-06-23,1,Decoración,57-92
1489,1084,123,Aspiradora,R3,119.83,7,2024-06-23,2,Electrodomésticos,93-125
1490,1442,302,Microondas,R2,81.76,5,2024-06-23,2,Electrodomésticos,67-94
1491,2192,393,Televisor,R3,104.46,12,2024-06-23,3,Electrónica,85-124
1492,2461,312,Parlantes Bluetooth,R2,73.92,11,2024-06-23,3,Electrónica,61-89
1493,383,223,Espejo decorativo,R3,119.48,7,2024-06-24,1,Decoración,93-125
1494,578,341,Rincón de plantas,R1,36.07,9,2024-06-24,1,Decoración,25-63
1495,603,223,Espejo decorativo,R3,104.42,11,2024-06-24,1,Decoración,93-125
1496,1172,302,Microondas,R2,73.91,12,2024-06-24,2,Electrodomésticos,67-94
1497,1291,231,Freidora eléctrica,R1,56.86,1,2024-06-24,2,Electrodomésticos,25-61
1498,1833,301,Microondas,R1,42.14,2,2024-06-24,2,Electrodomésticos,26-67
1499,1858,151,Cafetera,R1,30.27,4,2024-06-24,2,Electrodomésticos,25-61
1500,2091,312,Parlantes Bluetooth,R2,83.6,10,2024-06-24,3,Electrónica,61-89
1501,2158,362,SmartWatch,R2,89.15,1,2024-06-24,3,Electrónica,55-91
1502,287,211,Elementos de cerámica,R1,47.43,2,2024-06-25,1,Decoración,26-52
1503,1192,301,Microondas,R1,66.39,12,2024-06-25,2,Electrodomésticos,26-67
1504,1541,231,Freidora eléctrica,R1,37.62,5,2024-06-25,2,Electrodomésticos,25-61
1505,1825,283,Lavadora,R3,93.71,1,2024-06-25,2,Electrodomésticos,92-124
1506,2057,203,Cámara digital,R3,109.29,10,2024-06-25,3,Electrónica,87-123
1507,2254,383,Tablet,R3,110.94,6,2024-06-25,3,Electrónica,81-124
1508,2328,361,SmartWatch,R1,27.13,3,2024-06-25,3,Electrónica,25-55
1509,2512,391,Televisor,R1,52.92,9,2024-06-25,3,Electrónica,26-57
1510,179,293,Lámpara de mesa,R3,120.58,1,2024-06-26,1,Decoración,83-126
1511,489,293,Lámpara de mesa,R3,111.2,10,2024-06-26,1,Decoración,83-126
1512,677,213,Elementos de cerámica,R3,93.29,9,2024-06-26,1,Decoración,90-125
1513,815,113,Alfombra,R3,124.88,7,2024-06-26,1,Decoración,89-125
1514,1335,281,Lavadora,R1,36.86,6,2024-06-26,2,Electrodomésticos,26-55
1515,1712,301,Microondas,R1,55.83,2,2024-06-26,2,Electrodomésticos,26-67
1516,1931,232,Freidora eléctrica,R2,82.9,5,2024-06-26,2,Electrodomésticos,61-90
1517,2499,332,Proyector,R2,66.51,1,2024-06-26,3,Electrónica,63-86
1518,2700,171,Consola de videojuegos,R1,39.68,12,2024-06-26,3,Electrónica,29-55
1519,146,182,Cortinas,R2,68.55,9,2024-06-27,1,Decoración,57-91
1520,283,222,Espejo decorativo,R2,89.21,2,2024-06-27,1,Decoración,57-93
1521,711,292,Lámpara de mesa,R2,66.24,1,2024-06-27,1,Decoración,57-83
1522,831,292,Lámpara de mesa,R2,70.23,12,2024-06-27,1,Decoración,57-83
1523,1083,301,Microondas,R1,26.82,3,2024-06-27,2,Electrodomésticos,26-67
1524,1549,143,Batidora,R3,106.44,6,2024-06-27,2,Electrodomésticos,91-126
1525,2884,383,Tablet,R3,94.72,4,2024-06-27,3,Electrónica,81-124
1526,71,293,Lámpara de mesa,R3,97.07,2,2024-06-28,1,Decoración,83-126
1527,916,181,Cortinas,R1,50.83,1,2024-06-28,1,Decoración,25-57
1528,1448,151,Cafetera,R1,44.0,4,2024-06-28,2,Electrodomésticos,25-61
1529,1668,153,Cafetera,R3,111.39,12,2024-06-28,2,Electrodomésticos,98-126
1530,2730,172,Consola de videojuegos,R2,87.79,2,2024-06-28,3,Electrónica,55-90
1531,2743,372,Smartphone,R2,91.42,9,2024-06-28,3,Electrónica,64-101
1532,2836,272,Laptop,R2,64.0,10,2024-06-28,3,Electrónica,58-89
1533,2919,331,Proyector,R1,46.95,6,2024-06-28,3,Electrónica,26-63
1534,10,101,Adorno de pared,R1,44.65,10,2024-06-29,1,Decoración,25-66
1535,125,113,Alfombra,R3,92.8,2,2024-06-29,1,Decoración,89-125
1536,502,193,Cuadro decorativo,R3,120.85,10,2024-06-29,1,Decoración,86-126
1537,1390,321,Plancha de vapor,R1,45.61,8,2024-06-29,2,Electrodomésticos,26-55
1538,1826,353,Secadora,R3,109.43,9,2024-06-29,2,Electrodomésticos,93-125
1539,2008,361,SmartWatch,R1,34.81,9,2024-06-29,3,Electrónica,25-55
1540,2024,381,Tablet,R1,61.79,6,2024-06-29,3,Electrónica,26-62
1541,2259,331,Proyector,R1,35.94,2,2024-06-29,3,Electrónica,26-63
1542,2747,203,Cámara digital,R3,106.28,7,2024-06-29,3,Electrónica,87-123
1543,2932,392,Televisor,R2,66.39,5,2024-06-29,3,Electrónica,57-85
1544,411,291,Lámpara de mesa,R1,52.72,4,2024-06-30,1,Decoración,25-57
1545,846,183,Cortinas,R3,123.89,8,2024-06-30,1,Decoración,91-126
1546,994,263,Jarrón decorativo,R3,93.88,4,2024-06-30,1,Decoración,92-126
1547,1107,252,Horno eléctrico,R2,62.25,3,2024-06-30,2,Electrodomésticos,58-93
1548,1927,252,Horno eléctrico,R2,70.29,12,2024-06-30,2,Electrodomésticos,58-93
1549,2006,272,Laptop,R2,86.67,3,2024-06-30,3,Electrónica,58-89
1550,2741,313,Parlantes Bluetooth,R3,112.71,6,2024-06-30,3,Electrónica,89-125
1551,2771,313,Parlantes Bluetooth,R3,117.61,2,2024-06-30,3,Electrónica,89-125
1552,363,223,Espejo decorativo,R3,119.02,1,2024-07-01,1,Decoración,93-125
1553,585,112,Alfombra,R2,72.74,3,2024-07-01,1,Decoración,54-89
1554,2394,382,Tablet,R2,74.88,11,2024-07-01,3,Electrónica,62-81
1555,2525,132,Auriculares,R2,78.62,11,2024-07-01,3,Electrónica,58-93
1556,2744,132,Auriculares,R2,70.61,1,2024-07-01,3,Electrónica,58-93
1557,2787,202,Cámara digital,R2,79.77,2,2024-07-01,3,Electrónica,56-87
1558,443,222,Espejo decorativo,R2,65.59,1,2024-07-02,1,Decoración,57-93
1559,735,111,Alfombra,R1,47.63,5,2024-07-02,1,Decoración,28-54
1560,795,113,Alfombra,R3,124.05,10,2024-07-02,1,Decoración,89-125
1561,1011,232,Freidora eléctrica,R2,79.07,7,2024-07-02,2,Electrodomésticos,61-90
1562,1296,352,Secadora,R2,65.21,10,2024-07-02,2,Electrodomésticos,50-93
1563,1799,141,Batidora,R1,29.22,2,2024-07-02,2,Electrodomésticos,27-65
1564,1998,153,Cafetera,R3,101.11,7,2024-07-02,2,Electrodomésticos,98-126
1565,2343,372,Smartphone,R2,68.49,11,2024-07-02,3,Electrónica,64-101
1566,2358,363,SmartWatch,R3,118.54,3,2024-07-02,3,Electrónica,91-126
1567,2906,273,Laptop,R3,99.78,12,2024-07-02,3,Electrónica,89-126
1568,2968,363,SmartWatch,R3,92.79,1,2024-07-02,3,Electrónica,91-126
1569,352,192,Cuadro decorativo,R2,85.72,5,2024-07-03,1,Decoración,61-86
1570,865,112,Alfombra,R2,80.74,6,2024-07-03,1,Decoración,54-89
1571,1058,151,Cafetera,R1,52.48,6,2024-07-03,2,Electrodomésticos,25-61
1572,1292,303,Microondas,R3,115.46,2,2024-07-03,2,Electrodomésticos,94-126
1573,1958,153,Cafetera,R3,115.8,12,2024-07-03,2,Electrodomésticos,98-126
1574,2756,272,Laptop,R2,86.43,12,2024-07-03,3,Electrónica,58-89
1575,2770,172,Consola de videojuegos,R2,60.92,8,2024-07-03,3,Electrónica,55-90
1576,165,113,Alfombra,R3,110.83,2,2024-07-04,1,Decoración,89-125
1577,360,102,Adorno de pared,R2,67.02,9,2024-07-04,1,Decoración,66-91
1578,516,181,Cortinas,R1,38.35,7,2024-07-04,1,Decoración,25-57
1579,1937,251,Horno eléctrico,R1,37.32,7,2024-07-04,2,Electrodomésticos,27-58
1580,1941,232,Freidora eléctrica,R2,72.66,2,2024-07-04,2,Electrodomésticos,61-90
1581,2237,201,Cámara digital,R1,29.68,11,2024-07-04,3,Electrónica,25-56
1582,335,111,Alfombra,R1,38.03,1,2024-07-05,1,Decoración,28-54
1583,931,291,Lámpara de mesa,R1,35.86,9,2024-07-05,1,Decoración,25-57
1584,979,292,Lámpara de mesa,R2,76.68,2,2024-07-05,1,Decoración,57-83
1585,1072,302,Microondas,R2,93.79,1,2024-07-05,2,Electrodomésticos,67-94
1586,1147,251,Horno eléctrico,R1,56.79,11,2024-07-05,2,Electrodomésticos,27-58
1587,1805,282,Lavadora,R2,72.8,2,2024-07-05,2,Electrodomésticos,55-92
1588,2265,132,Auriculares,R2,82.56,12,2024-07-05,3,Electrónica,58-93
1589,513,223,Espejo decorativo,R3,112.7,11,2024-07-06,1,Decoración,93-125
1590,716,182,Cortinas,R2,89.27,4,2024-07-06,1,Decoración,57-91
1591,838,341,Rincón de plantas,R1,32.18,4,2024-07-06,1,Decoración,25-63
1592,1770,322,Plancha de vapor,R2,80.83,9,2024-07-06,2,Electrodomésticos,55-88
1593,1792,302,Microondas,R2,70.37,6,2024-07-06,2,Electrodomésticos,67-94
1594,2861,312,Parlantes Bluetooth,R2,67.09,6,2024-07-06,3,Electrónica,61-89
1595,215,112,Alfombra,R2,73.11,3,2024-07-07,1,Decoración,54-89
1596,354,262,Jarrón decorativo,R2,63.61,3,2024-07-07,1,Decoración,57-92
1597,569,292,Lámpara de mesa,R2,78.36,12,2024-07-07,1,Decoración,57-83
1598,827,213,Elementos de cerámica,R3,97.35,5,2024-07-07,1,Decoración,90-125
1599,965,112,Alfombra,R2,75.3,4,2024-07-07,1,Decoración,54-89
1600,986,183,Cortinas,R3,111.39,10,2024-07-07,1,Decoración,91-126
1601,1112,301,Microondas,R1,41.19,5,2024-07-07,2,Electrodomésticos,26-67
1602,1355,283,Lavadora,R3,114.24,9,2024-07-07,2,Electrodomésticos,92-124
1603,1903,303,Microondas,R3,101.57,8,2024-07-07,2,Electrodomésticos,94-126
1604,1936,353,Secadora,R3,117.68,12,2024-07-07,2,Electrodomésticos,93-125
1605,2666,271,Laptop,R1,44.22,1,2024-07-07,3,Electrónica,27-58
1606,2910,173,Consola de videojuegos,R3,122.48,7,2024-07-07,3,Electrónica,90-126
1607,233,223,Espejo decorativo,R3,106.52,5,2024-07-08,1,Decoración,93-125
1608,796,182,Cortinas,R2,71.33,6,2024-07-08,1,Decoración,57-91
1609,2889,331,Proyector,R1,32.99,7,2024-07-08,3,Electrónica,26-63
1610,228,341,Rincón de plantas,R1,56.12,2,2024-07-09,1,Decoración,25-63
1611,268,342,Rincón de plantas,R2,82.16,10,2024-07-09,1,Decoración,63-86
1612,526,181,Cortinas,R1,38.63,12,2024-07-09,1,Decoración,25-57
1613,622,193,Cuadro decorativo,R3,108.93,4,2024-07-09,1,Decoración,86-126
1614,941,292,Lámpara de mesa,R2,58.97,12,2024-07-09,1,Decoración,57-83
1615,1180,321,Plancha de vapor,R1,42.61,2,2024-07-09,2,Electrodomésticos,26-55
1616,1675,282,Lavadora,R2,70.34,6,2024-07-09,2,Electrodomésticos,55-92
1617,2239,331,Proyector,R1,35.83,5,2024-07-09,3,Electrónica,26-63
1618,2293,373,Smartphone,R3,115.15,4,2024-07-09,3,Electrónica,101-126
1619,2466,273,Laptop,R3,97.07,1,2024-07-09,3,Electrónica,89-126
1620,2604,133,Auriculares,R3,106.41,3,2024-07-09,3,Electrónica,93-125
1621,2719,333,Proyector,R3,94.86,7,2024-07-09,3,Electrónica,86-125
1622,154,263,Jarrón decorativo,R3,121.5,11,2024-07-10,1,Decoración,92-126
1623,790,102,Adorno de pared,R2,89.14,5,2024-07-10,1,Decoración,66-91
1624,2579,333,Proyector,R3,115.5,6,2024-07-10,3,Electrónica,86-125
1625,96,182,Cortinas,R2,59.9,9,2024-07-11,1,Decoración,57-91
1626,307,213,Elementos de cerámica,R3,95.51,7,2024-07-11,1,Decoración,90-125
1627,769,163,Candelabro,R3,113.28,2,2024-07-11,1,Decoración,87-126
1628,858,342,Rincón de plantas,R2,84.64,11,2024-07-11,1,Decoración,63-86
1629,1746,352,Secadora,R2,52.03,5,2024-07-11,2,Electrodomésticos,50-93
1630,1884,123,Aspiradora,R3,94.69,4,2024-07-11,2,Electrodomésticos,93-125
1631,1899,142,Batidora,R2,83.64,1,2024-07-11,2,Electrodomésticos,65-91
1632,2053,373,Smartphone,R3,115.95,4,2024-07-11,3,Electrónica,101-126
1633,2143,372,Smartphone,R2,74.56,1,2024-07-11,3,Electrónica,64-101
1634,2997,361,SmartWatch,R1,47.71,3,2024-07-11,3,Electrónica,25-55
1635,61,293,Lámpara de mesa,R3,86.92,11,2024-07-12,1,Decoración,83-126
1636,291,291,Lámpara de mesa,R1,48.57,4,2024-07-12,1,Decoración,25-57
1637,463,221,Espejo decorativo,R1,27.65,11,2024-07-12,1,Decoración,25-57
1638,1306,352,Secadora,R2,69.81,6,2024-07-12,2,Electrodomésticos,50-93
1639,1427,251,Horno eléctrico,R1,33.55,11,2024-07-12,2,Electrodomésticos,27-58
1640,1525,281,Lavadora,R1,34.53,10,2024-07-12,2,Electrodomésticos,26-55
1641,1536,352,Secadora,R2,69.11,6,2024-07-12,2,Electrodomésticos,50-93
1642,55,111,Alfombra,R1,53.54,12,2024-07-13,1,Decoración,28-54
1643,241,292,Lámpara de mesa,R2,62.35,3,2024-07-13,1,Decoración,57-83
1644,691,293,Lámpara de mesa,R3,111.59,2,2024-07-13,1,Decoración,83-126
1645,1123,301,Microondas,R1,46.62,7,2024-07-13,2,Electrodomésticos,26-67
1646,1755,281,Lavadora,R1,36.52,9,2024-07-13,2,Electrodomésticos,26-55
1647,1985,283,Lavadora,R3,93.3,2,2024-07-13,2,Electrodomésticos,92-124
1648,1997,252,Horno eléctrico,R2,81.81,5,2024-07-13,2,Electrodomésticos,58-93
1649,2425,133,Auriculares,R3,99.13,7,2024-07-13,3,Electrónica,93-125
1650,2469,331,Proyector,R1,52.56,8,2024-07-13,3,Electrónica,26-63
1651,2927,203,Cámara digital,R3,103.18,9,2024-07-13,3,Electrónica,87-123
1652,964,261,Jarrón decorativo,R1,43.3,7,2024-07-14,1,Decoración,26-57
1653,1078,151,Cafetera,R1,38.47,1,2024-07-14,2,Electrodomésticos,25-61
1654,2247,201,Cámara digital,R1,28.06,7,2024-07-14,3,Electrónica,25-56
1655,2495,133,Auriculares,R3,107.82,4,2024-07-14,3,Electrónica,93-125
1656,2911,312,Parlantes Bluetooth,R2,63.27,2,2024-07-14,3,Electrónica,61-89
1657,105,111,Alfombra,R1,43.53,9,2024-07-15,1,Decoración,28-54
1658,149,161,Candelabro,R1,29.77,9,2024-07-15,1,Decoración,29-52
1659,173,223,Espejo decorativo,R3,96.39,6,2024-07-15,1,Decoración,93-125
1660,783,222,Espejo decorativo,R2,80.56,7,2024-07-15,1,Decoración,57-93
1661,1373,302,Microondas,R2,86.33,2,2024-07-15,2,Electrodomésticos,67-94
1662,1494,122,Aspiradora,R2,82.5,6,2024-07-15,2,Electrodomésticos,64-93
1663,1533,302,Microondas,R2,71.18,9,2024-07-15,2,Electrodomésticos,67-94
1664,1604,123,Aspiradora,R3,99.9,8,2024-07-15,2,Electrodomésticos,93-125
1665,2625,132,Auriculares,R2,77.33,6,2024-07-15,3,Electrónica,58-93
1666,2991,393,Televisor,R3,92.33,4,2024-07-15,3,Electrónica,85-124
1667,63,222,Espejo decorativo,R2,57.27,11,2024-07-16,1,Decoración,57-93
1668,200,103,Adorno de pared,R3,110.4,5,2024-07-16,1,Decoración,91-120
1669,201,292,Lámpara de mesa,R2,58.19,1,2024-07-16,1,Decoración,57-83
1670,298,341,Rincón de plantas,R1,29.59,12,2024-07-16,1,Decoración,25-63
1671,1037,253,Horno eléctrico,R3,120.58,8,2024-07-16,2,Electrodomésticos,93-124
1672,1795,282,Lavadora,R2,83.14,8,2024-07-16,2,Electrodomésticos,55-92
1673,1824,121,Aspiradora,R1,44.78,12,2024-07-16,2,Electrodomésticos,26-64
1674,1926,351,Secadora,R1,42.19,2,2024-07-16,2,Electrodomésticos,26-50
1675,2280,173,Consola de videojuegos,R3,108.67,3,2024-07-16,3,Electrónica,90-126
1676,129,162,Candelabro,R2,85.59,5,2024-07-17,1,Decoración,52-87
1677,1047,253,Horno eléctrico,R3,96.67,3,2024-07-17,2,Electrodomésticos,93-124
1678,1135,282,Lavadora,R2,55.01,12,2024-07-17,2,Electrodomésticos,55-92
1679,1653,303,Microondas,R3,124.64,9,2024-07-17,2,Electrodomésticos,94-126
1680,1862,301,Microondas,R1,51.41,6,2024-07-17,2,Electrodomésticos,26-67
1681,1910,322,Plancha de vapor,R2,75.65,5,2024-07-17,2,Electrodomésticos,55-88
1682,1947,251,Horno eléctrico,R1,54.93,7,2024-07-17,2,Electrodomésticos,27-58
1683,2570,173,Consola de videojuegos,R3,122.81,6,2024-07-17,3,Electrónica,90-126
1684,2643,372,Smartphone,R2,97.36,1,2024-07-17,3,Electrónica,64-101
1685,369,162,Candelabro,R2,72.98,11,2024-07-18,1,Decoración,52-87
1686,1170,321,Plancha de vapor,R1,30.39,11,2024-07-18,2,Electrodomésticos,26-55
1687,1237,251,Horno eléctrico,R1,35.48,8,2024-07-18,2,Electrodomésticos,27-58
1688,1614,121,Aspiradora,R1,56.92,7,2024-07-18,2,Electrodomésticos,26-64
1689,1663,301,Microondas,R1,60.51,10,2024-07-18,2,Electrodomésticos,26-67
1690,1714,122,Aspiradora,R2,75.51,12,2024-07-18,2,Electrodomésticos,64-93
1691,2834,132,Auriculares,R2,65.34,4,2024-07-18,3,Electrónica,58-93
1692,2855,131,Auriculares,R1,57.89,2,2024-07-18,3,Electrónica,26-58
1693,155,112,Alfombra,R2,79.26,10,2024-07-19,1,Decoración,54-89
1694,157,211,Elementos de cerámica,R1,48.72,12,2024-07-19,1,Decoración,26-52
1695,2350,173,Consola de videojuegos,R3,90.18,4,2024-07-19,3,Electrónica,90-126
1696,2555,131,Auriculares,R1,37.08,1,2024-07-19,3,Electrónica,26-58
1697,2567,201,Cámara digital,R1,47.38,6,2024-07-19,3,Electrónica,25-56
1698,2954,132,Auriculares,R2,86.93,7,2024-07-19,3,Electrónica,58-93
1699,37,211,Elementos de cerámica,R1,38.64,1,2024-07-20,1,Decoración,26-52
1700,87,211,Elementos de cerámica,R1,38.79,3,2024-07-20,1,Decoración,26-52
1701,391,291,Lámpara de mesa,R1,56.98,2,2024-07-20,1,Decoración,25-57
1702,488,343,Rincón de plantas,R3,114.92,1,2024-07-20,1,Decoración,86-124
1703,1157,251,Horno eléctrico,R1,56.94,4,2024-07-20,2,Electrodomésticos,27-58
1704,1333,303,Microondas,R3,95.29,8,2024-07-20,2,Electrodomésticos,94-126
1705,1364,122,Aspiradora,R2,68.72,11,2024-07-20,2,Electrodomésticos,64-93
1706,1909,143,Batidora,R3,124.45,5,2024-07-20,2,Electrodomésticos,91-126
1707,2184,131,Auriculares,R1,31.39,2,2024-07-20,3,Electrónica,26-58
1708,2326,271,Laptop,R1,52.68,11,2024-07-20,3,Electrónica,27-58
1709,2484,132,Auriculares,R2,76.32,10,2024-07-20,3,Electrónica,58-93
1710,2866,271,Laptop,R1,47.15,1,2024-07-20,3,Electrónica,27-58
1711,77,213,Elementos de cerámica,R3,121.49,8,2024-07-21,1,Decoración,90-125
1712,1195,282,Lavadora,R2,88.93,5,2024-07-21,2,Electrodomésticos,55-92
1713,1402,302,Microondas,R2,80.75,9,2024-07-21,2,Electrodomésticos,67-94
1714,1491,231,Freidora eléctrica,R1,48.86,1,2024-07-21,2,Electrodomésticos,25-61
1715,2314,132,Auriculares,R2,68.94,9,2024-07-21,3,Electrónica,58-93
1716,2362,392,Televisor,R2,58.05,11,2024-07-21,3,Electrónica,57-85
1717,2596,271,Laptop,R1,52.44,4,2024-07-21,3,Electrónica,27-58
1718,121,292,Lámpara de mesa,R2,60.27,9,2024-07-22,1,Decoración,57-83
1719,258,341,Rincón de plantas,R1,52.21,9,2024-07-22,1,Decoración,25-63
1720,870,102,Adorno de pared,R2,85.11,4,2024-07-22,1,Decoración,66-91
1721,1249,142,Batidora,R2,79.15,10,2024-07-22,2,Electrodomésticos,65-91
1722,2799,333,Proyector,R3,97.23,8,2024-07-22,3,Electrónica,86-125
1723,12,191,Cuadro decorativo,R1,59.33,1,2024-07-23,1,Decoración,25-61
1724,602,192,Cuadro decorativo,R2,76.58,11,2024-07-23,1,Decoración,61-86
1725,1444,123,Aspiradora,R3,118.58,2,2024-07-23,2,Electrodomésticos,93-125
1726,1847,253,Horno eléctrico,R3,113.06,6,2024-07-23,2,Electrodomésticos,93-124
1727,2221,312,Parlantes Bluetooth,R2,64.92,2,2024-07-23,3,Electrónica,61-89
1728,2397,202,Cámara digital,R2,56.77,4,2024-07-23,3,Electrónica,56-87
1729,2524,132,Auriculares,R2,74.77,7,2024-07-23,3,Electrónica,58-93
1730,554,263,Jarrón decorativo,R3,97.67,7,2024-07-24,1,Decoración,92-126
1731,1016,351,Secadora,R1,28.8,12,2024-07-24,2,Electrodomésticos,26-50
1732,1397,252,Horno eléctrico,R2,63.21,2,2024-07-24,2,Electrodomésticos,58-93
1733,1575,281,Lavadora,R1,47.7,9,2024-07-24,2,Electrodomésticos,26-55
1734,1745,283,Lavadora,R3,92.94,8,2024-07-24,2,Electrodomésticos,92-124
1735,1816,351,Secadora,R1,47.25,4,2024-07-24,2,Electrodomésticos,26-50
1736,2023,373,Smartphone,R3,105.76,12,2024-07-24,3,Electrónica,101-126
1737,2070,171,Consola de videojuegos,R1,39.85,6,2024-07-24,3,Electrónica,29-55
1738,2593,373,Smartphone,R3,123.47,7,2024-07-24,3,Electrónica,101-126
1739,32,191,Cuadro decorativo,R1,26.37,6,2024-07-25,1,Decoración,25-61
1740,309,162,Candelabro,R2,77.84,8,2024-07-25,1,Decoración,52-87
1741,321,291,Lámpara de mesa,R1,54.66,7,2024-07-25,1,Decoración,25-57
1742,473,222,Espejo decorativo,R2,83.21,1,2024-07-25,1,Decoración,57-93
1743,1220,322,Plancha de vapor,R2,74.88,1,2024-07-25,2,Electrodomésticos,55-88
1744,1231,233,Freidora eléctrica,R3,98.69,3,2024-07-25,2,Electrodomésticos,90-125
1745,1279,141,Batidora,R1,42.67,10,2024-07-25,2,Electrodomésticos,27-65
1746,2709,333,Proyector,R3,108.23,6,2024-07-25,3,Electrónica,86-125
1747,2891,311,Parlantes Bluetooth,R1,31.28,12,2024-07-25,3,Electrónica,25-61
1748,3000,312,Parlantes Bluetooth,R2,78.55,11,2024-07-25,3,Electrónica,61-89
1749,1242,302,Microondas,R2,70.09,9,2024-07-26,2,Electrodomésticos,67-94
1750,2301,312,Parlantes Bluetooth,R2,61.21,9,2024-07-26,3,Electrónica,61-89
1751,2390,173,Consola de videojuegos,R3,108.3,4,2024-07-26,3,Electrónica,90-126
1752,2561,311,Parlantes Bluetooth,R1,28.91,1,2024-07-26,3,Electrónica,25-61
1753,2712,392,Televisor,R2,57.13,8,2024-07-26,3,Electrónica,57-85
1754,2857,203,Cámara digital,R3,102.7,10,2024-07-26,3,Electrónica,87-123
1755,2901,313,Parlantes Bluetooth,R3,93.37,10,2024-07-26,3,Electrónica,89-125
1756,290,103,Adorno de pared,R3,100.5,12,2024-07-27,1,Decoración,91-120
1757,1827,253,Horno eléctrico,R3,97.56,9,2024-07-27,2,Electrodomésticos,93-124
1758,1829,143,Batidora,R3,96.16,1,2024-07-27,2,Electrodomésticos,91-126
1759,2045,133,Auriculares,R3,94.17,5,2024-07-27,3,Electrónica,93-125
1760,2518,363,SmartWatch,R3,114.56,3,2024-07-27,3,Electrónica,91-126
1761,2853,372,Smartphone,R2,69.68,1,2024-07-27,3,Electrónica,64-101
1762,631,293,Lámpara de mesa,R3,111.73,5,2024-07-28,1,Decoración,83-126
1763,1213,301,Microondas,R1,57.17,5,2024-07-28,2,Electrodomésticos,26-67
1764,1506,353,Secadora,R3,98.85,11,2024-07-28,2,Electrodomésticos,93-125
1765,1561,232,Freidora eléctrica,R2,88.22,12,2024-07-28,2,Electrodomésticos,61-90
1766,1811,231,Freidora eléctrica,R1,50.06,3,2024-07-28,2,Electrodomésticos,25-61
1767,2159,331,Proyector,R1,38.48,6,2024-07-28,3,Electrónica,26-63
1768,2491,313,Parlantes Bluetooth,R3,123.5,9,2024-07-28,3,Electrónica,89-125
1769,2786,273,Laptop,R3,123.95,11,2024-07-28,3,Electrónica,89-126
1770,571,292,Lámpara de mesa,R2,82.77,9,2024-07-29,1,Decoración,57-83
1771,845,111,Alfombra,R1,46.7,3,2024-07-29,1,Decoración,28-54
1772,1375,282,Lavadora,R2,78.13,5,2024-07-29,2,Electrodomésticos,55-92
1773,1413,301,Microondas,R1,39.87,11,2024-07-29,2,Electrodomésticos,26-67
1774,1505,282,Lavadora,R2,78.11,12,2024-07-29,2,Electrodomésticos,55-92
1775,1915,283,Lavadora,R3,106.83,12,2024-07-29,2,Electrodomésticos,92-124
1776,791,291,Lámpara de mesa,R1,32.02,6,2024-07-30,1,Decoración,25-57
1777,826,182,Cortinas,R2,61.22,1,2024-07-30,1,Decoración,57-91
1778,1317,252,Horno eléctrico,R2,62.18,1,2024-07-30,2,Electrodomésticos,58-93
1779,1723,303,Microondas,R3,103.6,9,2024-07-30,2,Electrodomésticos,94-126
1780,2054,383,Tablet,R3,96.64,9,2024-07-30,3,Electrónica,81-124
1781,2318,363,SmartWatch,R3,122.04,9,2024-07-30,3,Electrónica,91-126
1782,2372,391,Televisor,R1,36.05,7,2024-07-30,3,Electrónica,26-57
1783,2475,132,Auriculares,R2,78.96,1,2024-07-30,3,Electrónica,58-93
1784,2628,363,SmartWatch,R3,97.44,7,2024-07-30,3,Electrónica,91-126
1785,2722,392,Televisor,R2,61.6,11,2024-07-30,3,Electrónica,57-85
1786,2762,393,Televisor,R3,107.05,11,2024-07-30,3,Electrónica,85-124
1787,1068,151,Cafetera,R1,26.3,1,2024-07-31,2,Electrodomésticos,25-61
1788,1458,152,Cafetera,R2,86.92,3,2024-07-31,2,Electrodomésticos,61-98
1789,1475,283,Lavadora,R3,103.8,10,2024-07-31,2,Electrodomésticos,92-124
1790,1944,121,Aspiradora,R1,55.59,1,2024-07-31,2,Electrodomésticos,26-64
1791,2130,171,Consola de videojuegos,R1,41.12,6,2024-07-31,3,Electrónica,29-55
1792,2225,132,Auriculares,R2,66.16,7,2024-07-31,3,Electrónica,58-93
1793,2408,363,SmartWatch,R3,101.54,5,2024-07-31,3,Electrónica,91-126
1794,2488,362,SmartWatch,R2,71.56,5,2024-07-31,3,Electrónica,55-91
1795,139,163,Candelabro,R3,114.3,2,2024-08-01,1,Decoración,87-126
1796,423,223,Espejo decorativo,R3,115.45,4,2024-08-01,1,Decoración,93-125
1797,533,223,Espejo decorativo,R3,94.06,6,2024-08-01,1,Decoración,93-125
1798,860,101,Adorno de pared,R1,49.28,9,2024-08-01,1,Decoración,25-66
1799,1155,283,Lavadora,R3,109.09,3,2024-08-01,2,Electrodomésticos,92-124
1800,1331,233,Freidora eléctrica,R3,116.97,2,2024-08-01,2,Electrodomésticos,90-125
1801,1854,123,Aspiradora,R3,103.99,8,2024-08-01,2,Electrodomésticos,93-125
1802,2050,172,Consola de videojuegos,R2,88.73,12,2024-08-01,3,Electrónica,55-90
1803,2439,331,Proyector,R1,59.08,3,2024-08-01,3,Electrónica,26-63
1804,2452,392,Televisor,R2,83.17,8,2024-08-01,3,Electrónica,57-85
1805,2592,393,Televisor,R3,106.91,2,2024-08-01,3,Electrónica,85-124
1806,2641,311,Parlantes Bluetooth,R1,47.01,11,2024-08-01,3,Electrónica,25-61
1807,535,113,Alfombra,R3,115.82,1,2024-08-02,1,Decoración,89-125
1808,692,192,Cuadro decorativo,R2,76.69,2,2024-08-02,1,Decoración,61-86
1809,1002,301,Microondas,R1,62.61,8,2024-08-02,2,Electrodomésticos,26-67
1810,1208,151,Cafetera,R1,54.34,4,2024-08-02,2,Electrodomésticos,25-61
1811,1278,152,Cafetera,R2,67.33,8,2024-08-02,2,Electrodomésticos,61-98
1812,1483,302,Microondas,R2,69.18,7,2024-08-02,2,Electrodomésticos,67-94
1813,1902,302,Microondas,R2,75.91,3,2024-08-02,2,Electrodomésticos,67-94
1814,2216,273,Laptop,R3,116.31,11,2024-08-02,3,Electrónica,89-126
1815,2880,172,Consola de videojuegos,R2,79.76,12,2024-08-02,3,Electrónica,55-90
1816,2937,203,Cámara digital,R3,96.88,6,2024-08-02,3,Electrónica,87-123
1817,174,261,Jarrón decorativo,R1,52.5,3,2024-08-03,1,Decoración,26-57
1818,525,111,Alfombra,R1,29.53,12,2024-08-03,1,Decoración,28-54
1819,528,342,Rincón de plantas,R2,83.39,6,2024-08-03,1,Decoración,63-86
1820,1398,151,Cafetera,R1,26.98,10,2024-08-03,2,Electrodomésticos,25-61
1821,1531,231,Freidora eléctrica,R1,43.88,9,2024-08-03,2,Electrodomésticos,25-61
1822,1717,252,Horno eléctrico,R2,88.26,8,2024-08-03,2,Electrodomésticos,58-93
1823,2093,372,Smartphone,R2,70.7,7,2024-08-03,3,Electrónica,64-101
1824,2514,382,Tablet,R2,79.99,10,2024-08-03,3,Electrónica,62-81
1825,2563,372,Smartphone,R2,90.19,1,2024-08-03,3,Electrónica,64-101
1826,2737,202,Cámara digital,R2,60.78,8,2024-08-03,3,Electrónica,56-87
1827,264,261,Jarrón decorativo,R1,53.14,5,2024-08-04,1,Decoración,26-57
1828,372,193,Cuadro decorativo,R3,124.83,6,2024-08-04,1,Decoración,86-126
1829,748,343,Rincón de plantas,R3,115.76,3,2024-08-04,1,Decoración,86-124
1830,1013,302,Microondas,R2,67.16,1,2024-08-04,2,Electrodomésticos,67-94
1831,1019,142,Batidora,R2,73.65,10,2024-08-04,2,Electrodomésticos,65-91
1832,1438,153,Cafetera,R3,111.47,8,2024-08-04,2,Electrodomésticos,98-126
1833,1661,232,Freidora eléctrica,R2,88.82,2,2024-08-04,2,Electrodomésticos,61-90
1834,1775,283,Lavadora,R3,114.48,6,2024-08-04,2,Electrodomésticos,92-124
1835,2114,382,Tablet,R2,64.99,3,2024-08-04,3,Electrónica,62-81
1836,2336,271,Laptop,R1,42.58,9,2024-08-04,3,Electrónica,27-58
1837,2578,361,SmartWatch,R1,26.11,7,2024-08-04,3,Electrónica,25-55
1838,2620,171,Consola de videojuegos,R1,51.74,7,2024-08-04,3,Electrónica,29-55
1839,2717,202,Cámara digital,R2,70.28,6,2024-08-04,3,Electrónica,56-87
1840,2800,173,Consola de videojuegos,R3,121.62,2,2024-08-04,3,Electrónica,90-126
1841,1174,122,Aspiradora,R2,69.14,8,2024-08-05,2,Electrodomésticos,64-93
1842,1405,282,Lavadora,R2,68.06,10,2024-08-05,2,Electrodomésticos,55-92
1843,2042,391,Televisor,R1,44.97,4,2024-08-05,3,Electrónica,26-57
1844,2549,332,Proyector,R2,69.11,11,2024-08-05,3,Electrónica,63-86
1845,2729,331,Proyector,R1,56.29,11,2024-08-05,3,Electrónica,26-63
1846,2790,172,Consola de videojuegos,R2,83.7,1,2024-08-05,3,Electrónica,55-90
1847,1312,303,Microondas,R3,118.1,10,2024-08-06,2,Electrodomésticos,94-126
1848,1419,141,Batidora,R1,60.56,1,2024-08-06,2,Electrodomésticos,27-65
1849,1500,321,Plancha de vapor,R1,29.66,12,2024-08-06,2,Electrodomésticos,26-55
1850,1683,303,Microondas,R3,120.94,2,2024-08-06,2,Electrodomésticos,94-126
1851,1757,251,Horno eléctrico,R1,34.07,8,2024-08-06,2,Electrodomésticos,27-58
1852,2299,332,Proyector,R2,78.69,2,2024-08-06,3,Electrónica,63-86
1853,843,221,Espejo decorativo,R1,32.8,12,2024-08-07,1,Decoración,25-57
1854,1017,253,Horno eléctrico,R3,114.97,8,2024-08-07,2,Electrodomésticos,93-124
1855,1284,121,Aspiradora,R1,31.94,7,2024-08-07,2,Electrodomésticos,26-64
1856,2249,332,Proyector,R2,78.26,9,2024-08-07,3,Electrónica,63-86
1857,2922,393,Televisor,R3,115.66,12,2024-08-07,3,Electrónica,85-124
1858,1406,353,Secadora,R3,113.35,8,2024-08-08,2,Electrodomésticos,93-125
1859,1580,323,Plancha de vapor,R3,103.76,7,2024-08-08,2,Electrodomésticos,88-125
1860,1725,281,Lavadora,R1,38.16,6,2024-08-08,2,Electrodomésticos,26-55
1861,1922,301,Microondas,R1,58.19,6,2024-08-08,2,Electrodomésticos,26-67
1862,2815,133,Auriculares,R3,117.07,12,2024-08-08,3,Electrónica,93-125
1863,2839,331,Proyector,R1,41.28,12,2024-08-08,3,Electrónica,26-63
1864,586,181,Cortinas,R1,31.36,7,2024-08-09,1,Decoración,25-57
1865,739,161,Candelabro,R1,36.73,11,2024-08-09,1,Decoración,29-52
1866,1202,303,Microondas,R3,119.25,11,2024-08-09,2,Electrodomésticos,94-126
1867,1654,122,Aspiradora,R2,83.9,1,2024-08-09,2,Electrodomésticos,64-93
1868,1809,141,Batidora,R1,42.42,4,2024-08-09,2,Electrodomésticos,27-65
1869,2798,362,SmartWatch,R2,56.58,12,2024-08-09,3,Electrónica,55-91
1870,2989,392,Televisor,R2,79.99,4,2024-08-09,3,Electrónica,57-85
1871,295,111,Alfombra,R1,38.83,10,2024-08-10,1,Decoración,28-54
1872,1259,142,Batidora,R2,71.83,12,2024-08-10,2,Electrodomésticos,65-91
1873,2076,273,Laptop,R3,111.86,2,2024-08-10,3,Electrónica,89-126
1874,2078,363,SmartWatch,R3,107.98,8,2024-08-10,3,Electrónica,91-126
1875,2186,271,Laptop,R1,55.27,5,2024-08-10,3,Electrónica,27-58
1876,289,162,Candelabro,R2,52.41,1,2024-08-11,1,Decoración,52-87
1877,1289,142,Batidora,R2,76.71,7,2024-08-11,2,Electrodomésticos,65-91
1878,1695,281,Lavadora,R1,50.81,2,2024-08-11,2,Electrodomésticos,26-55
1879,2153,371,Smartphone,R1,31.39,4,2024-08-11,3,Electrónica,26-64
1880,2622,393,Televisor,R3,109.28,8,2024-08-11,3,Electrónica,85-124
1881,2665,133,Auriculares,R3,120.36,2,2024-08-11,3,Electrónica,93-125
1882,126,183,Cortinas,R3,113.78,1,2024-08-12,1,Decoración,91-126
1883,148,343,Rincón de plantas,R3,105.27,6,2024-08-12,1,Decoración,86-124
1884,246,182,Cortinas,R2,57.72,7,2024-08-12,1,Decoración,57-91
1885,700,101,Adorno de pared,R1,41.59,1,2024-08-12,1,Decoración,25-66
1886,938,342,Rincón de plantas,R2,83.79,4,2024-08-12,1,Decoración,63-86
1887,1678,152,Cafetera,R2,66.74,11,2024-08-12,2,Electrodomésticos,61-98
1888,1801,231,Freidora eléctrica,R1,60.25,3,2024-08-12,2,Electrodomésticos,25-61
1889,2139,333,Proyector,R3,119.08,3,2024-08-12,3,Electrónica,86-125
1890,2257,201,Cámara digital,R1,55.52,2,2024-08-12,3,Electrónica,25-56
1891,101,291,Lámpara de mesa,R1,40.25,12,2024-08-13,1,Decoración,25-57
1892,1299,143,Batidora,R3,93.1,3,2024-08-13,2,Electrodomésticos,91-126
1893,1514,122,Aspiradora,R2,82.69,3,2024-08-13,2,Electrodomésticos,64-93
1894,1589,141,Batidora,R1,36.18,7,2024-08-13,2,Electrodomésticos,27-65
1895,2016,271,Laptop,R1,44.12,10,2024-08-13,3,Electrónica,27-58
1896,2224,382,Tablet,R2,68.29,3,2024-08-13,3,Electrónica,62-81
1897,2894,381,Tablet,R1,28.58,7,2024-08-13,3,Electrónica,26-62
1898,207,212,Elementos de cerámica,R2,84.02,3,2024-08-14,1,Decoración,52-90
1899,1054,122,Aspiradora,R2,86.59,2,2024-08-14,2,Electrodomésticos,64-93
1900,1256,351,Secadora,R1,29.77,7,2024-08-14,2,Electrodomésticos,26-50
1901,1625,283,Lavadora,R3,121.45,3,2024-08-14,2,Electrodomésticos,92-124
1902,1957,252,Horno eléctrico,R2,81.89,3,2024-08-14,2,Electrodomésticos,58-93
1903,2072,393,Televisor,R3,101.44,11,2024-08-14,3,Electrónica,85-124
1904,2260,172,Consola de videojuegos,R2,88.37,4,2024-08-14,3,Electrónica,55-90
1905,2407,201,Cámara digital,R1,38.69,1,2024-08-14,3,Electrónica,25-56
1906,2637,202,Cámara digital,R2,64.62,10,2024-08-14,3,Electrónica,56-87
1907,168,343,Rincón de plantas,R3,115.04,9,2024-08-15,1,Decoración,86-124
1908,392,192,Cuadro decorativo,R2,81.56,2,2024-08-15,1,Decoración,61-86
1909,651,292,Lámpara de mesa,R2,76.58,11,2024-08-15,1,Decoración,57-83
1910,1421,232,Freidora eléctrica,R2,78.39,6,2024-08-15,2,Electrodomésticos,61-90
1911,1591,232,Freidora eléctrica,R2,87.9,12,2024-08-15,2,Electrodomésticos,61-90
1912,1894,121,Aspiradora,R1,55.65,5,2024-08-15,2,Electrodomésticos,26-64
1913,2307,201,Cámara digital,R1,50.6,6,2024-08-15,3,Electrónica,25-56
1914,2967,202,Cámara digital,R2,75.37,3,2024-08-15,3,Electrónica,56-87
1915,170,101,Adorno de pared,R1,36.04,11,2024-08-16,1,Decoración,25-66
1916,469,163,Candelabro,R3,105.2,10,2024-08-16,1,Decoración,87-126
1917,1105,283,Lavadora,R3,116.72,4,2024-08-16,2,Electrodomésticos,92-124
1918,2639,331,Proyector,R1,27.45,4,2024-08-16,3,Electrónica,26-63
1919,245,111,Alfombra,R1,44.82,11,2024-08-17,1,Decoración,28-54
1920,1950,323,Plancha de vapor,R3,99.29,1,2024-08-17,2,Electrodomésticos,88-125
1921,2395,132,Auriculares,R2,74.82,11,2024-08-17,3,Electrónica,58-93
1922,2564,381,Tablet,R1,39.66,6,2024-08-17,3,Electrónica,26-62
1923,2791,313,Parlantes Bluetooth,R3,90.88,10,2024-08-17,3,Electrónica,89-125
1924,2963,371,Smartphone,R1,62.46,6,2024-08-17,3,Electrónica,26-64
1925,744,263,Jarrón decorativo,R3,95.38,7,2024-08-18,1,Decoración,92-126
1926,1153,303,Microondas,R3,111.78,5,2024-08-18,2,Electrodomésticos,94-126
1927,1339,143,Batidora,R3,105.41,1,2024-08-18,2,Electrodomésticos,91-126
1928,2199,332,Proyector,R2,67.25,3,2024-08-18,3,Electrónica,63-86
1929,2229,332,Proyector,R2,66.77,6,2024-08-18,3,Electrónica,63-86
1930,2540,172,Consola de videojuegos,R2,77.43,6,2024-08-18,3,Electrónica,55-90
1931,271,293,Lámpara de mesa,R3,107.31,2,2024-08-19,1,Decoración,83-126
1932,429,163,Candelabro,R3,104.11,5,2024-08-19,1,Decoración,87-126
1933,647,211,Elementos de cerámica,R1,49.52,3,2024-08-19,1,Decoración,26-52
1934,689,163,Candelabro,R3,116.57,3,2024-08-19,1,Decoración,87-126
1935,115,112,Alfombra,R2,54.17,6,2024-08-20,1,Decoración,54-89
1936,133,222,Espejo decorativo,R2,76.22,11,2024-08-20,1,Decoración,57-93
1937,180,103,Adorno de pared,R3,118.38,11,2024-08-20,1,Decoración,91-120
1938,274,262,Jarrón decorativo,R2,72.43,3,2024-08-20,1,Decoración,57-92
1939,540,103,Adorno de pared,R3,110.5,3,2024-08-20,1,Decoración,91-120
1940,611,291,Lámpara de mesa,R1,44.94,7,2024-08-20,1,Decoración,25-57
1941,638,343,Rincón de plantas,R3,88.0,5,2024-08-20,1,Decoración,86-124
1942,710,102,Adorno de pared,R2,78.73,11,2024-08-20,1,Decoración,66-91
1943,1609,142,Batidora,R2,79.45,8,2024-08-20,2,Electrodomésticos,65-91
1944,1688,153,Cafetera,R3,112.14,3,2024-08-20,2,Electrodomésticos,98-126
1945,2494,383,Tablet,R3,94.1,1,2024-08-20,3,Electrónica,81-124
1946,2537,202,Cámara digital,R2,74.1,9,2024-08-20,3,Electrónica,56-87
1947,2575,131,Auriculares,R1,39.02,9,2024-08-20,3,Electrónica,26-58
1948,2862,392,Televisor,R2,62.63,8,2024-08-20,3,Electrónica,57-85
1949,35,112,Alfombra,R2,65.8,11,2024-08-21,1,Decoración,54-89
1950,508,341,Rincón de plantas,R1,36.76,2,2024-08-21,1,Decoración,25-63
1951,940,102,Adorno de pared,R2,67.34,4,2024-08-21,1,Decoración,66-91
1952,1022,301,Microondas,R1,56.15,5,2024-08-21,2,Electrodomésticos,26-67
1953,1124,122,Aspiradora,R2,92.55,4,2024-08-21,2,Electrodomésticos,64-93
1954,1143,301,Microondas,R1,52.36,7,2024-08-21,2,Electrodomésticos,26-67
1955,1665,283,Lavadora,R3,102.79,9,2024-08-21,2,Electrodomésticos,92-124
1956,1693,302,Microondas,R2,91.88,5,2024-08-21,2,Electrodomésticos,67-94
1957,2021,312,Parlantes Bluetooth,R2,82.26,2,2024-08-21,3,Electrónica,61-89
1958,2160,173,Consola de videojuegos,R3,92.56,3,2024-08-21,3,Electrónica,90-126
1959,2338,361,SmartWatch,R1,36.21,1,2024-08-21,3,Electrónica,25-55
1960,203,221,Espejo decorativo,R1,28.98,6,2024-08-22,1,Decoración,25-57
1961,404,261,Jarrón decorativo,R1,45.82,8,2024-08-22,1,Decoración,26-57
1962,490,103,Adorno de pared,R3,108.27,8,2024-08-22,1,Decoración,91-120
1963,504,261,Jarrón decorativo,R1,54.62,3,2024-08-22,1,Decoración,26-57
1964,747,211,Elementos de cerámica,R1,32.85,10,2024-08-22,1,Decoración,26-52
1965,1060,322,Plancha de vapor,R2,59.64,12,2024-08-22,2,Electrodomésticos,55-88
1966,1467,252,Horno eléctrico,R2,74.55,10,2024-08-22,2,Electrodomésticos,58-93
1967,2156,272,Laptop,R2,62.54,7,2024-08-22,3,Electrónica,58-89
1968,2215,133,Auriculares,R3,124.96,8,2024-08-22,3,Electrónica,93-125
1969,2508,362,SmartWatch,R2,63.29,3,2024-08-22,3,Electrónica,55-91
1970,2517,202,Cámara digital,R2,68.19,6,2024-08-22,3,Electrónica,56-87
1971,2892,392,Televisor,R2,76.02,9,2024-08-22,3,Electrónica,57-85
1972,230,102,Adorno de pared,R2,88.01,1,2024-08-23,1,Decoración,66-91
1973,869,163,Candelabro,R3,124.78,4,2024-08-23,1,Decoración,87-126
1974,955,113,Alfombra,R3,93.23,7,2024-08-23,1,Decoración,89-125
1975,1039,141,Batidora,R1,55.47,1,2024-08-23,2,Electrodomésticos,27-65
1976,1635,283,Lavadora,R3,99.24,7,2024-08-23,2,Electrodomésticos,92-124
1977,1939,142,Batidora,R2,74.11,10,2024-08-23,2,Electrodomésticos,65-91
1978,2048,361,SmartWatch,R1,53.91,2,2024-08-23,3,Electrónica,25-55
1979,2241,311,Parlantes Bluetooth,R1,48.93,8,2024-08-23,3,Electrónica,25-61
1980,2535,133,Auriculares,R3,95.54,11,2024-08-23,3,Electrónica,93-125
1981,412,192,Cuadro decorativo,R2,67.79,9,2024-08-24,1,Decoración,61-86
1982,450,102,Adorno de pared,R2,79.85,6,2024-08-24,1,Decoración,66-91
1983,604,263,Jarrón decorativo,R3,124.57,11,2024-08-24,1,Decoración,92-126
1984,823,223,Espejo decorativo,R3,99.07,6,2024-08-24,1,Decoración,93-125
1985,1074,121,Aspiradora,R1,31.76,8,2024-08-24,2,Electrodomésticos,26-64
1986,1114,122,Aspiradora,R2,86.38,10,2024-08-24,2,Electrodomésticos,64-93
1987,2161,312,Parlantes Bluetooth,R2,63.4,8,2024-08-24,3,Electrónica,61-89
1988,2382,393,Televisor,R3,94.9,4,2024-08-24,3,Electrónica,85-124
1989,2648,362,SmartWatch,R2,77.68,2,2024-08-24,3,Electrónica,55-91
1990,2966,272,Laptop,R2,69.21,2,2024-08-24,3,Electrónica,58-89
1991,803,222,Espejo decorativo,R2,91.66,1,2024-08-25,1,Decoración,57-93
1992,1162,301,Microondas,R1,63.69,11,2024-08-25,2,Electrodomésticos,26-67
1993,1338,151,Cafetera,R1,37.1,7,2024-08-25,2,Electrodomésticos,25-61
1994,1935,283,Lavadora,R3,109.94,2,2024-08-25,2,Electrodomésticos,92-124
1995,1962,302,Microondas,R2,93.59,6,2024-08-25,2,Electrodomésticos,67-94
1996,2527,202,Cámara digital,R2,60.1,7,2024-08-25,3,Electrónica,56-87
1997,2681,313,Parlantes Bluetooth,R3,91.54,12,2024-08-25,3,Electrónica,89-125
1998,675,112,Alfombra,R2,64.25,10,2024-08-26,1,Decoración,54-89
1999,807,212,Elementos de cerámica,R2,52.14,9,2024-08-26,1,Decoración,52-90
2000,866,183,Cortinas,R3,100.33,8,2024-08-26,1,Decoración,91-126
2001,1130,322,Plancha de vapor,R2,81.76,11,2024-08-26,2,Electrodomésticos,55-88
2002,1612,301,Microondas,R1,54.26,5,2024-08-26,2,Electrodomésticos,26-67
2003,2300,171,Consola de videojuegos,R1,51.18,8,2024-08-26,3,Electrónica,29-55
2004,2423,373,Smartphone,R3,110.79,1,2024-08-26,3,Electrónica,101-126
2005,2804,383,Tablet,R3,90.14,11,2024-08-26,3,Electrónica,81-124
2006,248,342,Rincón de plantas,R2,81.89,4,2024-08-27,1,Decoración,63-86
2007,789,161,Candelabro,R1,44.07,5,2024-08-27,1,Decoración,29-52
2008,1869,141,Batidora,R1,46.9,7,2024-08-27,2,Electrodomésticos,27-65
2009,2243,372,Smartphone,R2,101.0,1,2024-08-27,3,Electrónica,101-126
2010,2298,361,SmartWatch,R1,51.84,1,2024-08-27,3,Electrónica,25-55
2011,2539,331,Proyector,R1,33.87,7,2024-08-27,3,Electrónica,26-63
2012,2806,273,Laptop,R3,124.86,5,2024-08-27,3,Electrónica,89-126
2013,2928,361,SmartWatch,R1,50.23,8,2024-08-27,3,Electrónica,25-55
2014,11,292,Lámpara de mesa,R2,82.36,12,2024-08-28,1,Decoración,57-83
2015,397,211,Elementos de cerámica,R1,40.29,2,2024-08-28,1,Decoración,26-52
2016,480,103,Adorno de pared,R3,117.68,10,2024-08-28,1,Decoración,91-120
2017,579,293,Lámpara de mesa,R3,92.26,7,2024-08-28,1,Decoración,83-126
2018,1342,303,Microondas,R3,113.71,12,2024-08-28,2,Electrodomésticos,94-126
2019,1507,252,Horno eléctrico,R2,68.25,5,2024-08-28,2,Electrodomésticos,58-93
2020,1994,123,Aspiradora,R3,109.08,7,2024-08-28,2,Electrodomésticos,93-125
2021,2460,171,Consola de videojuegos,R1,31.43,12,2024-08-28,3,Electrónica,29-55
2022,2531,311,Parlantes Bluetooth,R1,34.04,4,2024-08-28,3,Electrónica,25-61
2023,302,192,Cuadro decorativo,R2,80.71,11,2024-08-29,1,Decoración,61-86
2024,551,292,Lámpara de mesa,R2,67.16,6,2024-08-29,1,Decoración,57-83
2025,1737,252,Horno eléctrico,R2,67.71,7,2024-08-29,2,Electrodomésticos,58-93
2026,2032,391,Televisor,R1,50.36,12,2024-08-29,3,Electrónica,26-57
2027,2142,393,Televisor,R3,85.48,10,2024-08-29,3,Electrónica,85-124
2028,2261,313,Parlantes Bluetooth,R3,95.41,3,2024-08-29,3,Electrónica,89-125
2029,279,291,Lámpara de mesa,R1,28.85,4,2024-08-30,1,Decoración,25-57
2030,484,262,Jarrón decorativo,R2,80.57,6,2024-08-30,1,Decoración,57-92
2031,723,222,Espejo decorativo,R2,77.38,1,2024-08-30,1,Decoración,57-93
2032,726,183,Cortinas,R3,119.16,6,2024-08-30,1,Decoración,91-126
2033,1035,282,Lavadora,R2,75.44,2,2024-08-30,2,Electrodomésticos,55-92
2034,1341,231,Freidora eléctrica,R1,38.42,1,2024-08-30,2,Electrodomésticos,25-61
2035,1472,302,Microondas,R2,74.36,10,2024-08-30,2,Electrodomésticos,67-94
2036,1863,302,Microondas,R2,88.86,9,2024-08-30,2,Electrodomésticos,67-94
2037,1960,323,Plancha de vapor,R3,109.54,12,2024-08-30,2,Electrodomésticos,88-125
2038,2655,131,Auriculares,R1,56.28,9,2024-08-30,3,Electrónica,26-58
2039,193,223,Espejo decorativo,R3,121.37,6,2024-08-31,1,Decoración,93-125
2040,325,112,Alfombra,R2,84.56,3,2024-08-31,1,Decoración,54-89
2041,444,261,Jarrón decorativo,R1,36.35,5,2024-08-31,1,Decoración,26-57
2042,847,212,Elementos de cerámica,R2,69.36,1,2024-08-31,1,Decoración,52-90
2043,922,191,Cuadro decorativo,R1,45.81,7,2024-08-31,1,Decoración,25-61
2044,1026,353,Secadora,R3,121.19,10,2024-08-31,2,Electrodomésticos,93-125
2045,1282,301,Microondas,R1,39.87,10,2024-08-31,2,Electrodomésticos,26-67
2046,1523,302,Microondas,R2,91.78,10,2024-08-31,2,Electrodomésticos,67-94
2047,2361,313,Parlantes Bluetooth,R3,112.56,8,2024-08-31,3,Electrónica,89-125
2048,2642,393,Televisor,R3,98.01,5,2024-08-31,3,Electrónica,85-124
2049,280,101,Adorno de pared,R1,29.81,9,2024-09-01,1,Decoración,25-66
2050,487,211,Elementos de cerámica,R1,30.94,5,2024-09-01,1,Decoración,26-52
2051,732,192,Cuadro decorativo,R2,84.51,9,2024-09-01,1,Decoración,61-86
2052,921,292,Lámpara de mesa,R2,82.78,4,2024-09-01,1,Decoración,57-83
2053,1218,151,Cafetera,R1,38.45,9,2024-09-01,2,Electrodomésticos,25-61
2054,1684,121,Aspiradora,R1,58.65,2,2024-09-01,2,Electrodomésticos,26-64
2055,2015,132,Auriculares,R2,87.91,5,2024-09-01,3,Electrónica,58-93
2056,2313,373,Smartphone,R3,103.95,1,2024-09-01,3,Electrónica,101-126
2057,2464,382,Tablet,R2,69.17,9,2024-09-01,3,Electrónica,62-81
2058,78,343,Rincón de plantas,R3,92.57,5,2024-09-02,1,Decoración,86-124
2059,2534,381,Tablet,R1,38.12,5,2024-09-02,3,Electrónica,26-62
2060,2599,332,Proyector,R2,78.72,6,2024-09-02,3,Electrónica,63-86
2061,2630,172,Consola de videojuegos,R2,79.88,1,2024-09-02,3,Electrónica,55-90
2062,2654,381,Tablet,R1,47.46,12,2024-09-02,3,Electrónica,26-62
2063,2751,312,Parlantes Bluetooth,R2,70.38,8,2024-09-02,3,Electrónica,61-89
2064,2779,333,Proyector,R3,121.82,8,2024-09-02,3,Electrónica,86-125
2065,447,212,Elementos de cerámica,R2,88.98,1,2024-09-03,1,Decoración,52-90
2066,644,262,Jarrón decorativo,R2,72.73,2,2024-09-03,1,Decoración,57-92
2067,2049,332,Proyector,R2,80.4,7,2024-09-03,3,Electrónica,63-86
2068,2195,133,Auriculares,R3,122.51,11,2024-09-03,3,Electrónica,93-125
2069,2796,272,Laptop,R2,58.48,6,2024-09-03,3,Electrónica,58-89
2070,2969,331,Proyector,R1,26.99,2,2024-09-03,3,Electrónica,26-63
2071,2760,172,Consola de videojuegos,R2,78.13,7,2024-09-04,3,Electrónica,55-90
2072,664,263,Jarrón decorativo,R3,100.66,6,2024-09-05,1,Decoración,92-126
2073,1149,141,Batidora,R1,34.05,8,2024-09-05,2,Electrodomésticos,27-65
2074,1207,251,Horno eléctrico,R1,39.34,3,2024-09-05,2,Electrodomésticos,27-58
2075,1285,283,Lavadora,R3,103.55,5,2024-09-05,2,Electrodomésticos,92-124
2076,1861,233,Freidora eléctrica,R3,110.19,7,2024-09-05,2,Electrodomésticos,90-125
2077,2219,332,Proyector,R2,65.3,5,2024-09-05,3,Electrónica,63-86
2078,2434,381,Tablet,R1,28.32,9,2024-09-05,3,Electrónica,26-62
2079,2936,273,Laptop,R3,124.04,3,2024-09-05,3,Electrónica,89-126
2080,176,181,Cortinas,R1,56.9,6,2024-09-06,1,Decoración,25-57
2081,216,183,Cortinas,R3,124.97,6,2024-09-06,1,Decoración,91-126
2082,467,213,Elementos de cerámica,R3,120.79,12,2024-09-06,1,Decoración,90-125
2083,515,111,Alfombra,R1,34.54,10,2024-09-06,1,Decoración,28-54
2084,665,112,Alfombra,R2,60.18,7,2024-09-06,1,Decoración,54-89
2085,1255,281,Lavadora,R1,27.12,7,2024-09-06,2,Electrodomésticos,26-55
2086,1760,322,Plancha de vapor,R2,60.45,6,2024-09-06,2,Electrodomésticos,55-88
2087,1895,281,Lavadora,R1,30.3,9,2024-09-06,2,Electrodomésticos,26-55
2088,2405,133,Auriculares,R3,109.22,8,2024-09-06,3,Electrónica,93-125
2089,2453,373,Smartphone,R3,116.35,6,2024-09-06,3,Electrónica,101-126
2090,2616,272,Laptop,R2,79.05,4,2024-09-06,3,Electrónica,58-89
2091,2644,382,Tablet,R2,80.89,8,2024-09-06,3,Electrónica,62-81
2092,2702,391,Televisor,R1,32.05,6,2024-09-06,3,Electrónica,26-57
2093,99,291,Lámpara de mesa,R1,51.99,6,2024-09-07,1,Decoración,25-57
2094,519,292,Lámpara de mesa,R2,70.62,3,2024-09-07,1,Decoración,57-83
2095,593,221,Espejo decorativo,R1,54.7,6,2024-09-07,1,Decoración,25-57
2096,607,212,Elementos de cerámica,R2,52.8,4,2024-09-07,1,Decoración,52-90
2097,1171,231,Freidora eléctrica,R1,47.85,9,2024-09-07,2,Electrodomésticos,25-61
2098,1383,302,Microondas,R2,91.39,6,2024-09-07,2,Electrodomésticos,67-94
2099,2716,271,Laptop,R1,28.73,3,2024-09-07,3,Electrónica,27-58
2100,1184,122,Aspiradora,R2,69.85,3,2024-09-08,2,Electrodomésticos,64-93
2101,1399,143,Batidora,R3,110.91,8,2024-09-08,2,Electrodomésticos,91-126
2102,1440,323,Plancha de vapor,R3,118.21,7,2024-09-08,2,Electrodomésticos,88-125
2103,1486,352,Secadora,R2,90.49,5,2024-09-08,2,Electrodomésticos,50-93
2104,2181,311,Parlantes Bluetooth,R1,56.03,12,2024-09-08,3,Electrónica,25-61
2105,2193,371,Smartphone,R1,55.63,3,2024-09-08,3,Electrónica,26-64
2106,2205,132,Auriculares,R2,70.24,6,2024-09-08,3,Electrónica,58-93
2107,2360,171,Consola de videojuegos,R1,43.59,7,2024-09-08,3,Electrónica,29-55
2108,2723,373,Smartphone,R3,119.21,11,2024-09-08,3,Electrónica,101-126
2109,118,343,Rincón de plantas,R3,107.62,6,2024-09-09,1,Decoración,86-124
2110,399,291,Lámpara de mesa,R1,35.92,10,2024-09-09,1,Decoración,25-57
2111,402,192,Cuadro decorativo,R2,66.46,9,2024-09-09,1,Decoración,61-86
2112,958,343,Rincón de plantas,R3,118.75,1,2024-09-09,1,Decoración,86-124
2113,1053,303,Microondas,R3,112.78,10,2024-09-09,2,Electrodomésticos,94-126
2114,1954,122,Aspiradora,R2,79.88,3,2024-09-09,2,Electrodomésticos,64-93
2115,2066,273,Laptop,R3,113.84,2,2024-09-09,3,Electrónica,89-126
2116,2384,382,Tablet,R2,70.83,6,2024-09-09,3,Electrónica,62-81
2117,34,263,Jarrón decorativo,R3,124.77,1,2024-09-10,1,Decoración,92-126
2118,468,341,Rincón de plantas,R1,48.64,11,2024-09-10,1,Decoración,25-63
2119,574,262,Jarrón decorativo,R2,60.15,3,2024-09-10,1,Decoración,57-92
2120,818,341,Rincón de plantas,R1,51.02,6,2024-09-10,1,Decoración,25-63
2121,1391,231,Freidora eléctrica,R1,56.75,2,2024-09-10,2,Electrodomésticos,25-61
2122,1490,322,Plancha de vapor,R2,57.93,6,2024-09-10,2,Electrodomésticos,55-88
2123,1573,303,Microondas,R3,121.44,4,2024-09-10,2,Electrodomésticos,94-126
2124,41,292,Lámpara de mesa,R2,66.37,8,2024-09-11,1,Decoración,57-83
2125,572,191,Cuadro decorativo,R1,35.88,5,2024-09-11,1,Decoración,25-61
2126,814,262,Jarrón decorativo,R2,67.08,12,2024-09-11,1,Decoración,57-92
2127,1404,122,Aspiradora,R2,76.1,11,2024-09-11,2,Electrodomésticos,64-93
2128,1643,301,Microondas,R1,32.4,12,2024-09-11,2,Electrodomésticos,26-67
2129,2327,203,Cámara digital,R3,100.2,12,2024-09-11,3,Electrónica,87-123
2130,2346,273,Laptop,R3,104.85,3,2024-09-11,3,Electrónica,89-126
2131,377,212,Elementos de cerámica,R2,73.34,9,2024-09-12,1,Decoración,52-90
2132,724,262,Jarrón decorativo,R2,76.28,11,2024-09-12,1,Decoración,57-92
2133,856,182,Cortinas,R2,86.85,2,2024-09-12,1,Decoración,57-91
2134,935,113,Alfombra,R3,97.17,5,2024-09-12,1,Decoración,89-125
2135,1166,351,Secadora,R1,26.96,2,2024-09-12,2,Electrodomésticos,26-50
2136,1270,322,Plancha de vapor,R2,74.28,1,2024-09-12,2,Electrodomésticos,55-88
2137,1432,302,Microondas,R2,78.03,8,2024-09-12,2,Electrodomésticos,67-94
2138,2279,332,Proyector,R2,85.53,10,2024-09-12,3,Electrónica,63-86
2139,2471,313,Parlantes Bluetooth,R3,108.48,1,2024-09-12,3,Electrónica,89-125
2140,2497,201,Cámara digital,R1,49.95,5,2024-09-12,3,Electrónica,25-56
2141,2720,172,Consola de videojuegos,R2,73.08,7,2024-09-12,3,Electrónica,55-90
2142,2828,361,SmartWatch,R1,35.18,12,2024-09-12,3,Electrónica,25-55
2143,357,211,Elementos de cerámica,R1,45.05,7,2024-09-13,1,Decoración,26-52
2144,682,193,Cuadro decorativo,R3,111.41,11,2024-09-13,1,Decoración,86-126
2145,943,222,Espejo decorativo,R2,59.88,4,2024-09-13,1,Decoración,57-93
2146,1412,303,Microondas,R3,124.18,9,2024-09-13,2,Electrodomésticos,94-126
2147,1551,231,Freidora eléctrica,R1,49.4,9,2024-09-13,2,Electrodomésticos,25-61
2148,1706,352,Secadora,R2,66.86,5,2024-09-13,2,Electrodomésticos,50-93
2149,1851,231,Freidora eléctrica,R1,26.03,5,2024-09-13,2,Electrodomésticos,25-61
2150,2795,132,Auriculares,R2,71.49,5,2024-09-13,3,Electrónica,58-93
2151,2805,131,Auriculares,R1,32.81,7,2024-09-13,3,Electrónica,26-58
2152,2902,393,Televisor,R3,118.89,2,2024-09-13,3,Electrónica,85-124
2153,81,291,Lámpara de mesa,R1,47.34,9,2024-09-14,1,Decoración,25-57
2154,192,193,Cuadro decorativo,R3,86.21,5,2024-09-14,1,Decoración,86-126
2155,456,182,Cortinas,R2,70.41,10,2024-09-14,1,Decoración,57-91
2156,877,211,Elementos de cerámica,R1,40.82,12,2024-09-14,1,Decoración,26-52
2157,1539,142,Batidora,R2,77.73,4,2024-09-14,2,Electrodomésticos,65-91
2158,1673,303,Microondas,R3,118.55,12,2024-09-14,2,Electrodomésticos,94-126
2159,1689,143,Batidora,R3,96.25,7,2024-09-14,2,Electrodomésticos,91-126
2160,1838,151,Cafetera,R1,53.01,9,2024-09-14,2,Electrodomésticos,25-61
2161,1986,351,Secadora,R1,34.34,6,2024-09-14,2,Electrodomésticos,26-50
2162,2296,272,Laptop,R2,78.1,9,2024-09-14,3,Electrónica,58-89
2163,2521,312,Parlantes Bluetooth,R2,88.72,2,2024-09-14,3,Electrónica,61-89
2164,2755,133,Auriculares,R3,118.0,8,2024-09-14,3,Electrónica,93-125
2165,2986,272,Laptop,R2,75.78,8,2024-09-14,3,Electrónica,58-89
2166,247,212,Elementos de cerámica,R2,53.23,5,2024-09-15,1,Decoración,52-90
2167,927,212,Elementos de cerámica,R2,53.69,12,2024-09-15,1,Decoración,52-90
2168,1593,301,Microondas,R1,46.1,3,2024-09-15,2,Electrodomésticos,26-67
2169,2505,132,Auriculares,R2,71.47,7,2024-09-15,3,Electrónica,58-93
2170,2557,203,Cámara digital,R3,107.02,5,2024-09-15,3,Electrónica,87-123
2171,7,213,Elementos de cerámica,R3,123.38,1,2024-09-16,1,Decoración,90-125
2172,713,223,Espejo decorativo,R3,104.89,5,2024-09-16,1,Decoración,93-125
2173,1266,352,Secadora,R2,77.49,9,2024-09-16,2,Electrodomésticos,50-93
2174,1426,353,Secadora,R3,104.23,4,2024-09-16,2,Electrodomésticos,93-125
2175,1587,251,Horno eléctrico,R1,52.21,2,2024-09-16,2,Electrodomésticos,27-58
2176,1783,301,Microondas,R1,51.23,3,2024-09-16,2,Electrodomésticos,26-67
2177,2278,361,SmartWatch,R1,50.2,5,2024-09-16,3,Electrónica,25-55
2178,2366,273,Laptop,R3,91.93,4,2024-09-16,3,Electrónica,89-126
2179,2526,272,Laptop,R2,64.72,7,2024-09-16,3,Electrónica,58-89
2180,2848,361,SmartWatch,R1,33.56,5,2024-09-16,3,Electrónica,25-55
2181,2939,332,Proyector,R2,83.38,9,2024-09-16,3,Electrónica,63-86
2182,254,262,Jarrón decorativo,R2,80.33,9,2024-09-17,1,Decoración,57-92
2183,1038,153,Cafetera,R3,117.28,10,2024-09-17,2,Electrodomésticos,98-126
2184,1044,121,Aspiradora,R1,47.53,1,2024-09-17,2,Electrodomésticos,26-64
2185,1191,232,Freidora eléctrica,R2,69.8,6,2024-09-17,2,Electrodomésticos,61-90
2186,1363,303,Microondas,R3,104.9,6,2024-09-17,2,Electrodomésticos,94-126
2187,2148,362,SmartWatch,R2,84.06,9,2024-09-17,3,Electrónica,55-91
2188,2234,383,Tablet,R3,83.61,5,2024-09-17,3,Electrónica,81-124
2189,2236,271,Laptop,R1,34.56,1,2024-09-17,3,Electrónica,27-58
2190,2485,133,Auriculares,R3,95.27,8,2024-09-17,3,Electrónica,93-125
2191,2711,312,Parlantes Bluetooth,R2,75.11,9,2024-09-17,3,Electrónica,61-89
2192,1232,301,Microondas,R1,65.14,6,2024-09-18,2,Electrodomésticos,26-67
2193,242,191,Cuadro decorativo,R1,30.31,11,2024-09-19,1,Decoración,25-61
2194,512,192,Cuadro decorativo,R2,66.98,7,2024-09-19,1,Decoración,61-86
2195,900,102,Adorno de pared,R2,78.06,9,2024-09-19,1,Decoración,66-91
2196,1129,142,Batidora,R2,71.39,3,2024-09-19,2,Electrodomésticos,65-91
2197,1389,142,Batidora,R2,71.36,9,2024-09-19,2,Electrodomésticos,65-91
2198,1585,282,Lavadora,R2,64.23,8,2024-09-19,2,Electrodomésticos,55-92
2199,1699,141,Batidora,R1,48.45,5,2024-09-19,2,Electrodomésticos,27-65
2200,2152,392,Televisor,R2,84.19,3,2024-09-19,3,Electrónica,57-85
2201,2330,173,Consola de videojuegos,R3,122.43,4,2024-09-19,3,Electrónica,90-126
2202,2606,272,Laptop,R2,87.31,2,2024-09-19,3,Electrónica,58-89
2203,2753,371,Smartphone,R1,60.87,12,2024-09-19,3,Electrónica,26-64
2204,1258,152,Cafetera,R2,77.56,6,2024-09-20,2,Electrodomésticos,61-98
2205,441,293,Lámpara de mesa,R3,120.13,11,2024-09-21,1,Decoración,83-126
2206,1538,153,Cafetera,R3,120.8,7,2024-09-21,2,Electrodomésticos,98-126
2207,1763,302,Microondas,R2,67.94,12,2024-09-21,2,Electrodomésticos,67-94
2208,1945,282,Lavadora,R2,62.12,10,2024-09-21,2,Electrodomésticos,55-92
2209,2430,172,Consola de videojuegos,R2,62.77,7,2024-09-21,3,Electrónica,55-90
2210,3,221,Espejo decorativo,R1,51.32,1,2024-09-22,1,Decoración,25-57
2211,250,103,Adorno de pared,R3,104.58,7,2024-09-22,1,Decoración,91-120
2212,573,223,Espejo decorativo,R3,115.17,4,2024-09-22,1,Decoración,93-125
2213,1681,232,Freidora eléctrica,R2,82.95,4,2024-09-22,2,Electrodomésticos,61-90
2214,1949,141,Batidora,R1,33.51,5,2024-09-22,2,Electrodomésticos,27-65
2215,68,343,Rincón de plantas,R3,109.6,4,2024-09-23,1,Decoración,86-124
2216,194,261,Jarrón decorativo,R1,31.14,11,2024-09-23,1,Decoración,26-57
2217,461,293,Lámpara de mesa,R3,121.83,3,2024-09-23,1,Decoración,83-126
2218,717,211,Elementos de cerámica,R1,35.39,11,2024-09-23,1,Decoración,26-52
2219,932,192,Cuadro decorativo,R2,78.45,4,2024-09-23,1,Decoración,61-86
2220,1782,243,Heladera,R3,99.66,12,2024-09-23,2,Electrodomésticos,91-123
2221,2331,311,Parlantes Bluetooth,R1,26.24,6,2024-09-23,3,Electrónica,25-61
2222,2632,391,Televisor,R1,40.39,2,2024-09-23,3,Electrónica,26-57
2223,478,341,Rincón de plantas,R1,44.03,10,2024-09-24,1,Decoración,25-63
2224,531,292,Lámpara de mesa,R2,66.98,4,2024-09-24,1,Decoración,57-83
2225,580,101,Adorno de pared,R1,41.81,12,2024-09-24,1,Decoración,25-66
2226,960,101,Adorno de pared,R1,56.56,8,2024-09-24,1,Decoración,25-66
2227,1298,151,Cafetera,R1,60.68,6,2024-09-24,2,Electrodomésticos,25-61
2228,1461,233,Freidora eléctrica,R3,108.58,12,2024-09-24,2,Electrodomésticos,90-125
2229,2446,273,Laptop,R3,114.74,2,2024-09-24,3,Electrónica,89-126
2230,93,221,Espejo decorativo,R1,44.57,9,2024-09-25,1,Decoración,25-57
2231,437,211,Elementos de cerámica,R1,35.83,9,2024-09-25,1,Decoración,26-52
2232,750,103,Adorno de pared,R3,108.77,2,2024-09-25,1,Decoración,91-120
2233,956,181,Cortinas,R1,37.35,2,2024-09-25,1,Decoración,25-57
2234,1359,143,Batidora,R3,121.44,11,2024-09-25,2,Electrodomésticos,91-126
2235,1482,242,Heladera,R2,86.99,12,2024-09-25,2,Electrodomésticos,57-91
2236,2202,391,Televisor,R1,31.84,7,2024-09-25,3,Electrónica,26-57
2237,2248,362,SmartWatch,R2,88.46,8,2024-09-25,3,Electrónica,55-91
2238,2317,202,Cámara digital,R2,56.34,7,2024-09-25,3,Electrónica,56-87
2239,2500,171,Consola de videojuegos,R1,53.64,8,2024-09-25,3,Electrónica,29-55
2240,103,221,Espejo decorativo,R1,43.78,11,2024-09-26,1,Decoración,25-57
2241,666,181,Cortinas,R1,29.89,4,2024-09-26,1,Decoración,25-57
2242,698,343,Rincón de plantas,R3,93.59,10,2024-09-26,1,Decoración,86-124
2243,1228,153,Cafetera,R3,115.89,4,2024-09-26,2,Electrodomésticos,98-126
2244,2400,172,Consola de videojuegos,R2,84.09,12,2024-09-26,3,Electrónica,55-90
2245,2793,372,Smartphone,R2,91.37,8,2024-09-26,3,Electrónica,64-101
2246,2994,133,Auriculares,R3,94.36,9,2024-09-26,3,Electrónica,93-125
2247,379,291,Lámpara de mesa,R1,49.43,7,2024-09-27,1,Decoración,25-57
2248,409,291,Lámpara de mesa,R1,53.65,5,2024-09-27,1,Decoración,25-57
2249,445,112,Alfombra,R2,70.36,12,2024-09-27,1,Decoración,54-89
2250,842,192,Cuadro decorativo,R2,71.4,2,2024-09-27,1,Decoración,61-86
2251,1674,121,Aspiradora,R1,40.59,8,2024-09-27,2,Electrodomésticos,26-64
2252,2000,323,Plancha de vapor,R3,105.5,3,2024-09-27,2,Electrodomésticos,88-125
2253,2190,171,Consola de videojuegos,R1,48.86,3,2024-09-27,3,Electrónica,29-55
2254,2686,272,Laptop,R2,64.56,11,2024-09-27,3,Electrónica,58-89
2255,304,262,Jarrón decorativo,R2,67.72,4,2024-09-28,1,Decoración,57-92
2256,562,191,Cuadro decorativo,R1,29.72,3,2024-09-28,1,Decoración,25-61
2257,1247,251,Horno eléctrico,R1,55.0,4,2024-09-28,2,Electrodomésticos,27-58
2258,2117,202,Cámara digital,R2,73.65,11,2024-09-28,3,Electrónica,56-87
2259,2341,312,Parlantes Bluetooth,R2,81.98,2,2024-09-28,3,Electrónica,61-89
2260,2820,171,Consola de videojuegos,R1,32.49,6,2024-09-28,3,Electrónica,29-55
2261,26,181,Cortinas,R1,38.87,11,2024-09-29,1,Decoración,25-57
2262,614,263,Jarrón decorativo,R3,107.04,7,2024-09-29,1,Decoración,92-126
2263,1268,152,Cafetera,R2,94.35,12,2024-09-29,2,Electrodomésticos,61-98
2264,1408,151,Cafetera,R1,56.98,11,2024-09-29,2,Electrodomésticos,25-61
2265,1522,242,Heladera,R2,90.32,12,2024-09-29,2,Electrodomésticos,57-91
2266,1528,153,Cafetera,R3,99.75,12,2024-09-29,2,Electrodomésticos,98-126
2267,1679,141,Batidora,R1,49.23,12,2024-09-29,2,Electrodomésticos,27-65
2268,1704,123,Aspiradora,R3,111.82,9,2024-09-29,2,Electrodomésticos,93-125
2269,2168,362,SmartWatch,R2,89.68,8,2024-09-29,3,Electrónica,55-91
2270,2450,172,Consola de videojuegos,R2,87.91,4,2024-09-29,3,Electrónica,55-90
2271,2467,202,Cámara digital,R2,70.53,7,2024-09-29,3,Electrónica,56-87
2272,2600,173,Consola de videojuegos,R3,94.57,3,2024-09-29,3,Electrónica,90-126
2273,2864,383,Tablet,R3,105.06,6,2024-09-29,3,Electrónica,81-124
2274,2925,131,Auriculares,R1,26.21,4,2024-09-29,3,Electrónica,26-58
2275,232,193,Cuadro decorativo,R3,118.49,6,2024-09-30,1,Decoración,86-126
2276,385,112,Alfombra,R2,86.29,3,2024-09-30,1,Decoración,54-89
2277,415,112,Alfombra,R2,63.4,5,2024-09-30,1,Decoración,54-89
2278,500,103,Adorno de pared,R3,110.88,4,2024-09-30,1,Decoración,91-120
2279,565,112,Alfombra,R2,55.34,2,2024-09-30,1,Decoración,54-89
2280,683,223,Espejo decorativo,R3,123.55,5,2024-09-30,1,Decoración,93-125
2281,705,111,Alfombra,R1,49.89,3,2024-09-30,1,Decoración,28-54
2282,899,161,Candelabro,R1,51.01,6,2024-09-30,1,Decoración,29-52
2283,996,181,Cortinas,R1,33.07,3,2024-09-30,1,Decoración,25-57
2284,1187,253,Horno eléctrico,R3,99.57,8,2024-09-30,2,Electrodomésticos,93-124
2285,1411,233,Freidora eléctrica,R3,102.2,5,2024-09-30,2,Electrodomésticos,90-125
2286,1511,233,Freidora eléctrica,R3,116.49,2,2024-09-30,2,Electrodomésticos,90-125
2287,1644,123,Aspiradora,R3,123.36,11,2024-09-30,2,Electrodomésticos,93-125
2288,2031,311,Parlantes Bluetooth,R1,31.44,4,2024-09-30,3,Electrónica,25-61
2289,2141,313,Parlantes Bluetooth,R3,116.34,12,2024-09-30,3,Electrónica,89-125
2290,521,291,Lámpara de mesa,R1,48.44,6,2024-10-01,1,Decoración,25-57
2291,590,101,Adorno de pared,R1,30.18,8,2024-10-01,1,Decoración,25-66
2292,892,192,Cuadro decorativo,R2,61.57,3,2024-10-01,1,Decoración,61-86
2293,968,341,Rincón de plantas,R1,60.2,3,2024-10-01,1,Decoración,25-63
2294,1062,243,Heladera,R3,121.59,4,2024-10-01,2,Electrodomésticos,91-123
2295,1423,303,Microondas,R3,108.25,12,2024-10-01,2,Electrodomésticos,94-126
2296,2271,312,Parlantes Bluetooth,R2,61.01,1,2024-10-01,3,Electrónica,61-89
2297,2295,131,Auriculares,R1,56.21,2,2024-10-01,3,Electrónica,26-58
2298,1345,281,Lavadora,R1,51.32,4,2024-10-02,2,Electrodomésticos,26-55
2299,2012,391,Televisor,R1,48.02,7,2024-10-02,3,Electrónica,26-57
2300,2226,273,Laptop,R3,99.45,5,2024-10-02,3,Electrónica,89-126
2301,2442,392,Televisor,R2,71.48,4,2024-10-02,3,Electrónica,57-85
2302,2576,273,Laptop,R3,123.53,10,2024-10-02,3,Electrónica,89-126
2303,2656,271,Laptop,R1,31.99,9,2024-10-02,3,Electrónica,27-58
2304,2915,131,Auriculares,R1,33.81,11,2024-10-02,3,Electrónica,26-58
2305,38,341,Rincón de plantas,R1,26.44,4,2024-10-03,1,Decoración,25-63
2306,681,293,Lámpara de mesa,R3,113.04,1,2024-10-03,1,Decoración,83-126
2307,1815,282,Lavadora,R2,65.29,5,2024-10-03,2,Electrodomésticos,55-92
2308,2703,373,Smartphone,R3,123.4,12,2024-10-03,3,Electrónica,101-126
2309,2725,133,Auriculares,R3,107.61,1,2024-10-03,3,Electrónica,93-125
2310,786,181,Cortinas,R1,27.17,8,2024-10-04,1,Decoración,25-57
2311,1358,152,Cafetera,R2,95.67,12,2024-10-04,2,Electrodomésticos,61-98
2312,1709,142,Batidora,R2,89.72,10,2024-10-04,2,Electrodomésticos,65-91
2313,1857,252,Horno eléctrico,R2,74.8,5,2024-10-04,2,Electrodomésticos,58-93
2314,2406,273,Laptop,R3,121.0,10,2024-10-04,3,Electrónica,89-126
2315,2538,361,SmartWatch,R1,29.14,12,2024-10-04,3,Electrónica,25-55
2316,753,223,Espejo decorativo,R3,119.86,4,2024-10-05,1,Decoración,93-125
2317,898,342,Rincón de plantas,R2,67.87,11,2024-10-05,1,Decoración,63-86
2318,924,262,Jarrón decorativo,R2,64.39,11,2024-10-05,1,Decoración,57-92
2319,1650,323,Plancha de vapor,R3,117.52,2,2024-10-05,2,Electrodomésticos,88-125
2320,1779,143,Batidora,R3,122.12,4,2024-10-05,2,Electrodomésticos,91-126
2321,1796,352,Secadora,R2,63.51,11,2024-10-05,2,Electrodomésticos,50-93
2322,2841,311,Parlantes Bluetooth,R1,48.99,10,2024-10-05,3,Electrónica,25-61
2323,1280,321,Plancha de vapor,R1,31.01,7,2024-10-06,2,Electrodomésticos,26-55
2324,1595,282,Lavadora,R2,80.48,4,2024-10-06,2,Electrodomésticos,55-92
2325,1711,231,Freidora eléctrica,R1,34.28,2,2024-10-06,2,Electrodomésticos,25-61
2326,2417,203,Cámara digital,R3,109.02,2,2024-10-06,3,Electrónica,87-123
2327,2443,373,Smartphone,R3,111.34,5,2024-10-06,3,Electrónica,101-126
2328,158,343,Rincón de plantas,R3,117.14,8,2024-10-07,1,Decoración,86-124
2329,223,222,Espejo decorativo,R2,70.04,3,2024-10-07,1,Decoración,57-93
2330,474,261,Jarrón decorativo,R1,38.87,10,2024-10-07,1,Decoración,26-57
2331,1032,241,Heladera,R1,31.35,11,2024-10-07,2,Electrodomésticos,27-57
2332,1141,232,Freidora eléctrica,R2,71.45,12,2024-10-07,2,Electrodomésticos,61-90
2333,1738,151,Cafetera,R1,40.25,3,2024-10-07,2,Electrodomésticos,25-61
2334,2188,361,SmartWatch,R1,41.24,4,2024-10-07,3,Electrónica,25-55
2335,2433,373,Smartphone,R3,117.66,5,2024-10-07,3,Electrónica,101-126
2336,2515,133,Auriculares,R3,99.53,1,2024-10-07,3,Electrónica,93-125
2337,2608,362,SmartWatch,R2,60.98,5,2024-10-07,3,Electrónica,55-91
2338,2831,312,Parlantes Bluetooth,R2,86.32,10,2024-10-07,3,Electrónica,61-89
2339,6,182,Cortinas,R2,58.87,11,2024-10-08,1,Decoración,57-91
2340,670,101,Adorno de pared,R1,55.21,7,2024-10-08,1,Decoración,25-66
2341,816,182,Cortinas,R2,74.32,11,2024-10-08,1,Decoración,57-91
2342,991,292,Lámpara de mesa,R2,79.63,12,2024-10-08,1,Decoración,57-83
2343,1204,122,Aspiradora,R2,87.88,2,2024-10-08,2,Electrodomésticos,64-93
2344,2533,372,Smartphone,R2,64.37,1,2024-10-08,3,Electrónica,64-101
2345,2598,363,SmartWatch,R3,113.97,7,2024-10-08,3,Electrónica,91-126
2346,2724,381,Tablet,R1,42.93,5,2024-10-08,3,Electrónica,26-62
2347,2738,362,SmartWatch,R2,65.16,3,2024-10-08,3,Electrónica,55-91
2348,134,263,Jarrón decorativo,R3,103.16,11,2024-10-09,1,Decoración,92-126
2349,2353,371,Smartphone,R1,33.52,8,2024-10-09,3,Electrónica,26-64
2350,2376,273,Laptop,R3,106.01,5,2024-10-09,3,Electrónica,89-126
2351,60,101,Adorno de pared,R1,32.58,9,2024-10-10,1,Decoración,25-66
2352,117,211,Elementos de cerámica,R1,29.63,4,2024-10-10,1,Decoración,26-52
2353,364,262,Jarrón decorativo,R2,73.49,12,2024-10-10,1,Decoración,57-92
2354,498,341,Rincón de plantas,R1,42.62,4,2024-10-10,1,Decoración,25-63
2355,668,341,Rincón de plantas,R1,61.18,8,2024-10-10,1,Decoración,25-63
2356,1133,303,Microondas,R3,121.17,3,2024-10-10,2,Electrodomésticos,94-126
2357,1221,233,Freidora eléctrica,R3,112.79,11,2024-10-10,2,Electrodomésticos,90-125
2358,1233,303,Microondas,R3,110.22,12,2024-10-10,2,Electrodomésticos,94-126
2359,1239,143,Batidora,R3,94.29,2,2024-10-10,2,Electrodomésticos,91-126
2360,1724,123,Aspiradora,R3,95.89,1,2024-10-10,2,Electrodomésticos,93-125
2361,2389,332,Proyector,R2,73.93,5,2024-10-10,3,Electrónica,63-86
2362,2671,311,Parlantes Bluetooth,R1,30.22,6,2024-10-10,3,Electrónica,25-61
2363,2692,391,Televisor,R1,52.35,2,2024-10-10,3,Electrónica,26-57
2364,2998,333,Proyector,R3,115.84,10,2024-10-10,3,Electrónica,86-125
2365,382,193,Cuadro decorativo,R3,115.19,3,2024-10-11,1,Decoración,86-126
2366,438,343,Rincón de plantas,R3,104.88,10,2024-10-11,1,Decoración,86-124
2367,584,262,Jarrón decorativo,R2,77.31,8,2024-10-11,1,Decoración,57-92
2368,778,341,Rincón de plantas,R1,32.69,5,2024-10-11,1,Decoración,25-63
2369,867,212,Elementos de cerámica,R2,65.85,5,2024-10-11,1,Decoración,52-90
2370,1113,302,Microondas,R2,79.45,3,2024-10-11,2,Electrodomésticos,67-94
2371,1567,253,Horno eléctrico,R3,101.95,4,2024-10-11,2,Electrodomésticos,93-124
2372,1610,323,Plancha de vapor,R3,91.96,1,2024-10-11,2,Electrodomésticos,88-125
2373,2258,362,SmartWatch,R2,68.66,5,2024-10-11,3,Electrónica,55-91
2374,2732,392,Televisor,R2,73.89,5,2024-10-11,3,Electrónica,57-85
2375,97,213,Elementos de cerámica,R3,116.32,9,2024-10-12,1,Decoración,90-125
2376,317,213,Elementos de cerámica,R3,94.69,11,2024-10-12,1,Decoración,90-125
2377,472,192,Cuadro decorativo,R2,78.9,2,2024-10-12,1,Decoración,61-86
2378,725,113,Alfombra,R3,111.36,11,2024-10-12,1,Decoración,89-125
2379,1890,323,Plancha de vapor,R3,102.24,9,2024-10-12,2,Electrodomésticos,88-125
2380,2137,203,Cámara digital,R3,108.68,1,2024-10-12,3,Electrónica,87-123
2381,2242,392,Televisor,R2,72.27,7,2024-10-12,3,Electrónica,57-85
2382,2352,392,Televisor,R2,82.27,2,2024-10-12,3,Electrónica,57-85
2383,2359,331,Proyector,R1,52.24,10,2024-10-12,3,Electrónica,26-63
2384,2470,173,Consola de videojuegos,R3,111.81,9,2024-10-12,3,Electrónica,90-126
2385,2821,313,Parlantes Bluetooth,R3,117.62,9,2024-10-12,3,Electrónica,89-125
2386,646,181,Cortinas,R1,44.98,6,2024-10-13,1,Decoración,25-57
2387,1034,121,Aspiradora,R1,44.82,2,2024-10-13,2,Electrodomésticos,26-64
2388,2075,132,Auriculares,R2,75.39,7,2024-10-13,3,Electrónica,58-93
2389,2710,171,Consola de videojuegos,R1,41.81,7,2024-10-13,3,Electrónica,29-55
2390,182,192,Cuadro decorativo,R2,78.36,11,2024-10-14,1,Decoración,61-86
2391,1178,152,Cafetera,R2,61.69,8,2024-10-14,2,Electrodomésticos,61-98
2392,1687,253,Horno eléctrico,R3,117.85,5,2024-10-14,2,Electrodomésticos,93-124
2393,1850,321,Plancha de vapor,R1,28.6,5,2024-10-14,2,Electrodomésticos,26-55
2394,2291,313,Parlantes Bluetooth,R3,111.95,5,2024-10-14,3,Electrónica,89-125
2395,520,102,Adorno de pared,R2,85.98,5,2024-10-15,1,Decoración,66-91
2396,564,261,Jarrón decorativo,R1,51.28,7,2024-10-15,1,Decoración,26-57
2397,990,102,Adorno de pared,R2,76.72,3,2024-10-15,1,Decoración,66-91
2398,999,161,Candelabro,R1,47.09,5,2024-10-15,1,Decoración,29-52
2399,1308,152,Cafetera,R2,96.89,7,2024-10-15,2,Electrodomésticos,61-98
2400,2667,201,Cámara digital,R1,26.32,4,2024-10-15,3,Electrónica,25-56
2401,2960,172,Consola de videojuegos,R2,87.02,11,2024-10-15,3,Electrónica,55-90
2402,1321,231,Freidora eléctrica,R1,28.16,4,2024-10-16,2,Electrodomésticos,25-61
2403,1637,253,Horno eléctrico,R3,93.24,11,2024-10-16,2,Electrodomésticos,93-124
2404,2427,203,Cámara digital,R3,96.56,1,2024-10-16,3,Electrónica,87-123
2405,2448,363,SmartWatch,R3,109.91,12,2024-10-16,3,Electrónica,91-126
2406,266,183,Cortinas,R3,91.78,5,2024-10-17,1,Decoración,91-126
2407,278,343,Rincón de plantas,R3,122.76,10,2024-10-17,1,Decoración,86-124
2408,329,162,Candelabro,R2,72.5,11,2024-10-17,1,Decoración,52-87
2409,355,113,Alfombra,R3,124.48,4,2024-10-17,1,Decoración,89-125
2410,440,103,Adorno de pared,R3,113.49,2,2024-10-17,1,Decoración,91-120
2411,1326,353,Secadora,R3,109.4,7,2024-10-18,2,Electrodomésticos,93-125
2412,1512,241,Heladera,R1,37.72,10,2024-10-18,2,Electrodomésticos,27-57
2413,1534,123,Aspiradora,R3,96.98,8,2024-10-18,2,Electrodomésticos,93-125
2414,2614,131,Auriculares,R1,47.88,4,2024-10-18,3,Electrónica,26-58
2415,9,161,Candelabro,R1,51.38,5,2024-10-19,1,Decoración,29-52
2416,1574,122,Aspiradora,R2,92.59,10,2024-10-19,2,Electrodomésticos,64-93
2417,1615,283,Lavadora,R3,114.4,1,2024-10-19,2,Electrodomésticos,92-124
2418,1713,301,Microondas,R1,65.46,5,2024-10-19,2,Electrodomésticos,26-67
2419,1859,142,Batidora,R2,81.35,8,2024-10-19,2,Electrodomésticos,65-91
2420,2886,271,Laptop,R1,49.03,12,2024-10-19,3,Electrónica,27-58
2421,33,223,Espejo decorativo,R3,113.71,7,2024-10-20,1,Decoración,93-125
2422,72,193,Cuadro decorativo,R3,111.56,1,2024-10-20,1,Decoración,86-126
2423,2923,371,Smartphone,R1,33.63,5,2024-10-20,3,Electrónica,26-64
2424,2933,372,Smartphone,R2,74.88,5,2024-10-20,3,Electrónica,64-101
2425,591,292,Lámpara de mesa,R2,74.62,1,2024-10-21,1,Decoración,57-83
2426,620,103,Adorno de pared,R3,92.16,4,2024-10-21,1,Decoración,91-120
2427,680,102,Adorno de pared,R2,76.66,3,2024-10-21,1,Decoración,66-91
2428,864,261,Jarrón decorativo,R1,55.89,2,2024-10-21,1,Decoración,26-57
2429,1215,282,Lavadora,R2,91.79,10,2024-10-21,2,Electrodomésticos,55-92
2430,1385,283,Lavadora,R3,111.51,3,2024-10-21,2,Electrodomésticos,92-124
2431,18,341,Rincón de plantas,R1,37.09,3,2024-10-22,1,Decoración,25-63
2432,776,181,Cortinas,R1,56.8,1,2024-10-22,1,Decoración,25-57
2433,942,193,Cuadro decorativo,R3,99.04,8,2024-10-22,1,Decoración,86-126
2434,1766,352,Secadora,R2,65.13,9,2024-10-22,2,Electrodomésticos,50-93
2435,1891,233,Freidora eléctrica,R3,112.96,6,2024-10-22,2,Electrodomésticos,90-125
2436,2043,371,Smartphone,R1,30.55,4,2024-10-22,3,Electrónica,26-64
2437,2128,363,SmartWatch,R3,123.02,6,2024-10-22,3,Electrónica,91-126
2438,2472,392,Televisor,R2,67.41,1,2024-10-22,3,Electrónica,57-85
2439,2940,171,Consola de videojuegos,R1,34.04,6,2024-10-22,3,Electrónica,29-55
2440,596,182,Cortinas,R2,75.96,7,2024-10-23,1,Decoración,57-91
2441,1206,351,Secadora,R1,44.22,1,2024-10-23,2,Electrodomésticos,26-50
2442,1214,123,Aspiradora,R3,121.66,3,2024-10-23,2,Electrodomésticos,93-125
2443,2051,311,Parlantes Bluetooth,R1,49.4,9,2024-10-23,3,Electrónica,25-61
2444,2071,312,Parlantes Bluetooth,R2,87.97,12,2024-10-23,3,Electrónica,61-89
2445,2094,133,Auriculares,R3,118.97,5,2024-10-23,3,Electrónica,93-125
2446,2562,392,Televisor,R2,78.28,9,2024-10-23,3,Electrónica,57-85
2447,2914,131,Auriculares,R1,26.34,5,2024-10-23,3,Electrónica,26-58
2448,2965,132,Auriculares,R2,70.7,11,2024-10-23,3,Electrónica,58-93
2449,1716,352,Secadora,R2,62.92,10,2024-10-24,2,Electrodomésticos,50-93
2450,1925,282,Lavadora,R2,91.29,4,2024-10-24,2,Electrodomésticos,55-92
2451,2183,373,Smartphone,R3,110.92,7,2024-10-24,3,Electrónica,101-126
2452,2783,372,Smartphone,R2,95.67,8,2024-10-24,3,Electrónica,64-101
2453,1014,123,Aspiradora,R3,106.17,12,2024-10-25,2,Electrodomésticos,93-125
2454,1357,252,Horno eléctrico,R2,76.9,11,2024-10-25,2,Electrodomésticos,58-93
2455,1388,152,Cafetera,R2,88.66,1,2024-10-25,2,Electrodomésticos,61-98
2456,2103,371,Smartphone,R1,44.04,10,2024-10-25,3,Electrónica,26-64
2457,2132,393,Televisor,R3,117.96,7,2024-10-25,3,Electrónica,85-124
2458,2311,312,Parlantes Bluetooth,R2,79.72,6,2024-10-25,3,Electrónica,61-89
2459,2607,201,Cámara digital,R1,54.75,10,2024-10-25,3,Electrónica,25-56
2460,2781,312,Parlantes Bluetooth,R2,69.0,12,2024-10-25,3,Electrónica,61-89
2461,114,263,Jarrón decorativo,R3,104.03,6,2024-10-26,1,Decoración,92-126
2462,690,103,Adorno de pared,R3,103.95,8,2024-10-26,1,Decoración,91-120
2463,853,222,Espejo decorativo,R2,87.21,7,2024-10-26,1,Decoración,57-93
2464,1354,121,Aspiradora,R1,55.17,4,2024-10-26,2,Electrodomésticos,26-64
2465,1449,142,Batidora,R2,73.18,12,2024-10-26,2,Electrodomésticos,65-91
2466,1577,252,Horno eléctrico,R2,63.35,1,2024-10-26,2,Electrodomésticos,58-93
2467,1676,352,Secadora,R2,88.46,9,2024-10-26,2,Electrodomésticos,50-93
2468,1733,301,Microondas,R1,33.38,11,2024-10-26,2,Electrodomésticos,26-67
2469,1987,253,Horno eléctrico,R3,113.12,6,2024-10-26,2,Electrodomésticos,93-124
2470,2198,362,SmartWatch,R2,78.65,7,2024-10-26,3,Electrónica,55-91
2471,2285,131,Auriculares,R1,57.38,1,2024-10-26,3,Electrónica,26-58
2472,2878,363,SmartWatch,R3,122.44,5,2024-10-26,3,Electrónica,91-126
2473,25,111,Alfombra,R1,38.69,1,2024-10-27,1,Decoración,28-54
2474,674,263,Jarrón decorativo,R3,108.63,9,2024-10-27,1,Decoración,92-126
2475,755,111,Alfombra,R1,27.68,3,2024-10-27,1,Decoración,28-54
2476,835,112,Alfombra,R2,85.65,6,2024-10-27,1,Decoración,54-89
2477,1005,281,Lavadora,R1,44.34,3,2024-10-27,2,Electrodomésticos,26-55
2478,1033,303,Microondas,R3,113.6,3,2024-10-27,2,Electrodomésticos,94-126
2479,1092,243,Heladera,R3,99.93,6,2024-10-27,2,Electrodomésticos,91-123
2480,1094,123,Aspiradora,R3,115.5,8,2024-10-27,2,Electrodomésticos,93-125
2481,1349,143,Batidora,R3,100.89,5,2024-10-27,2,Electrodomésticos,91-126
2482,1519,143,Batidora,R3,101.17,11,2024-10-27,2,Electrodomésticos,91-126
2483,1601,231,Freidora eléctrica,R1,32.54,11,2024-10-27,2,Electrodomésticos,25-61
2484,2808,361,SmartWatch,R1,54.79,9,2024-10-27,3,Electrónica,25-55
2485,343,221,Espejo decorativo,R1,50.49,4,2024-10-28,1,Decoración,25-57
2486,499,163,Candelabro,R3,108.91,2,2024-10-28,1,Decoración,87-126
2487,857,213,Elementos de cerámica,R3,91.06,8,2024-10-28,1,Decoración,90-125
2488,1144,123,Aspiradora,R3,98.46,7,2024-10-28,2,Electrodomésticos,93-125
2489,1487,253,Horno eléctrico,R3,102.75,9,2024-10-28,2,Electrodomésticos,93-124
2490,1659,143,Batidora,R3,101.49,6,2024-10-28,2,Electrodomésticos,91-126
2491,1911,231,Freidora eléctrica,R1,46.16,1,2024-10-28,2,Electrodomésticos,25-61
2492,2217,201,Cámara digital,R1,49.71,11,2024-10-28,3,Electrónica,25-56
2493,657,212,Elementos de cerámica,R2,69.67,3,2024-10-29,1,Decoración,52-90
2494,1556,353,Secadora,R3,117.97,3,2024-10-29,2,Electrodomésticos,93-125
2495,1930,322,Plancha de vapor,R2,64.2,5,2024-10-29,2,Electrodomésticos,55-88
2496,2033,371,Smartphone,R1,29.94,11,2024-10-29,3,Electrónica,26-64
2497,2107,202,Cámara digital,R2,64.14,3,2024-10-29,3,Electrónica,56-87
2498,2529,333,Proyector,R3,92.21,4,2024-10-29,3,Electrónica,86-125
2499,2553,372,Smartphone,R2,78.89,3,2024-10-29,3,Electrónica,64-101
2500,2660,173,Consola de videojuegos,R3,124.46,4,2024-10-29,3,Electrónica,90-126
2501,2774,131,Auriculares,R1,37.77,7,2024-10-29,3,Electrónica,26-58
2502,190,101,Adorno de pared,R1,36.08,10,2024-10-30,1,Decoración,25-66
2503,1395,281,Lavadora,R1,39.64,12,2024-10-30,2,Electrodomésticos,26-55
2504,1403,302,Microondas,R2,91.18,1,2024-10-30,2,Electrodomésticos,67-94
2505,1872,242,Heladera,R2,60.32,2,2024-10-30,2,Electrodomésticos,57-91
2506,2081,313,Parlantes Bluetooth,R3,94.89,10,2024-10-30,3,Electrónica,89-125
2507,2449,333,Proyector,R3,104.25,4,2024-10-30,3,Electrónica,86-125
2508,2536,273,Laptop,R3,120.96,1,2024-10-30,3,Electrónica,89-126
2509,47,212,Elementos de cerámica,R2,66.54,11,2024-10-31,1,Decoración,52-90
2510,58,341,Rincón de plantas,R1,58.7,12,2024-10-31,1,Decoración,25-63
2511,346,181,Cortinas,R1,52.57,3,2024-10-31,1,Decoración,25-57
2512,523,221,Espejo decorativo,R1,45.46,12,2024-10-31,1,Decoración,25-57
2513,539,162,Candelabro,R2,85.86,12,2024-10-31,1,Decoración,52-87
2514,2166,273,Laptop,R3,115.57,5,2024-10-31,3,Electrónica,89-126
2515,2178,363,SmartWatch,R3,104.12,8,2024-10-31,3,Electrónica,91-126
2516,2238,362,SmartWatch,R2,68.47,6,2024-10-31,3,Electrónica,55-91
2517,2483,372,Smartphone,R2,93.11,4,2024-10-31,3,Electrónica,64-101
2518,2817,201,Cámara digital,R1,29.73,9,2024-10-31,3,Electrónica,25-56
2519,2890,173,Consola de videojuegos,R3,105.99,5,2024-10-31,3,Electrónica,90-126
2520,4,262,Jarrón decorativo,R2,64.12,12,2024-11-01,1,Decoración,57-92
2521,284,261,Jarrón decorativo,R1,43.09,7,2024-11-01,1,Decoración,26-57
2522,582,192,Cuadro decorativo,R2,61.67,10,2024-11-01,1,Decoración,61-86
2523,2657,201,Cámara digital,R1,30.79,8,2024-11-01,3,Electrónica,25-56
2524,2736,273,Laptop,R3,113.88,1,2024-11-01,3,Electrónica,89-126
2525,5,112,Alfombra,R2,70.1,4,2024-11-02,1,Decoración,54-89
2526,102,193,Cuadro decorativo,R3,119.97,3,2024-11-02,1,Decoración,86-126
2527,605,113,Alfombra,R3,120.49,6,2024-11-02,1,Decoración,89-125
2528,773,222,Espejo decorativo,R2,64.35,8,2024-11-02,1,Decoración,57-93
2529,808,342,Rincón de plantas,R2,67.82,11,2024-11-02,1,Decoración,63-86
2530,1293,303,Microondas,R3,100.74,11,2024-11-02,2,Electrodomésticos,94-126
2531,1415,281,Lavadora,R1,29.44,10,2024-11-02,2,Electrodomésticos,26-55
2532,1559,141,Batidora,R1,59.48,4,2024-11-02,2,Electrodomésticos,27-65
2533,1780,323,Plancha de vapor,R3,119.0,1,2024-11-02,2,Electrodomésticos,88-125
2534,1049,141,Batidora,R1,64.32,8,2024-11-03,2,Electrodomésticos,27-65
2535,1420,323,Plancha de vapor,R3,100.54,6,2024-11-03,2,Electrodomésticos,88-125
2536,610,101,Adorno de pared,R1,27.89,8,2024-11-04,1,Decoración,25-66
2537,1262,241,Heladera,R1,43.72,1,2024-11-04,2,Electrodomésticos,27-57
2538,27,213,Elementos de cerámica,R3,112.53,11,2024-11-05,1,Decoración,90-125
2539,552,193,Cuadro decorativo,R3,88.67,11,2024-11-05,1,Decoración,86-126
2540,587,211,Elementos de cerámica,R1,33.98,9,2024-11-05,1,Decoración,26-52
2541,642,192,Cuadro decorativo,R2,73.67,7,2024-11-05,1,Decoración,61-86
2542,1071,232,Freidora eléctrica,R2,71.74,2,2024-11-05,2,Electrodomésticos,61-90
2543,1283,303,Microondas,R3,94.63,9,2024-11-05,2,Electrodomésticos,94-126
2544,1466,352,Secadora,R2,85.31,5,2024-11-05,2,Electrodomésticos,50-93
2545,1810,322,Plancha de vapor,R2,70.67,11,2024-11-05,2,Electrodomésticos,55-88
2546,142,193,Cuadro decorativo,R3,114.44,10,2024-11-06,1,Decoración,86-126
2547,464,261,Jarrón decorativo,R1,49.06,11,2024-11-06,1,Decoración,26-57
2548,597,213,Elementos de cerámica,R3,96.57,8,2024-11-06,1,Decoración,90-125
2549,634,261,Jarrón decorativo,R1,45.62,4,2024-11-06,1,Decoración,26-57
2550,719,291,Lámpara de mesa,R1,56.43,2,2024-11-06,1,Decoración,25-57
2551,758,341,Rincón de plantas,R1,29.0,10,2024-11-06,1,Decoración,25-63
2552,875,111,Alfombra,R1,36.34,5,2024-11-06,1,Decoración,28-54
2553,2412,393,Televisor,R3,108.45,8,2024-11-06,3,Electrónica,85-124
2554,263,223,Espejo decorativo,R3,103.07,6,2024-11-07,1,Decoración,93-125
2555,273,221,Espejo decorativo,R1,49.11,10,2024-11-07,1,Decoración,25-57
2556,825,111,Alfombra,R1,34.7,1,2024-11-07,1,Decoración,28-54
2557,862,191,Cuadro decorativo,R1,48.36,8,2024-11-07,1,Decoración,25-61
2558,1493,302,Microondas,R2,73.63,12,2024-11-07,2,Electrodomésticos,67-94
2559,1790,322,Plancha de vapor,R2,80.84,5,2024-11-07,2,Electrodomésticos,55-88
2560,1875,282,Lavadora,R2,58.04,6,2024-11-07,2,Electrodomésticos,55-92
2561,2113,373,Smartphone,R3,119.26,2,2024-11-07,3,Electrónica,101-126
2562,2250,172,Consola de videojuegos,R2,78.68,11,2024-11-07,3,Electrónica,55-90
2563,2335,133,Auriculares,R3,108.76,8,2024-11-07,3,Electrónica,93-125
2564,2357,201,Cámara digital,R1,49.9,1,2024-11-07,3,Electrónica,25-56
2565,2401,312,Parlantes Bluetooth,R2,65.49,11,2024-11-07,3,Electrónica,61-89
2566,2909,333,Proyector,R3,108.21,12,2024-11-07,3,Electrónica,86-125
2567,636,181,Cortinas,R1,46.09,1,2024-11-08,1,Decoración,25-57
2568,761,292,Lámpara de mesa,R2,80.48,10,2024-11-08,1,Decoración,57-83
2569,951,292,Lámpara de mesa,R2,58.55,9,2024-11-08,1,Decoración,57-83
2570,1098,151,Cafetera,R1,45.95,7,2024-11-08,2,Electrodomésticos,25-61
2571,1348,153,Cafetera,R3,111.7,10,2024-11-08,2,Electrodomésticos,98-126
2572,2351,313,Parlantes Bluetooth,R3,115.66,3,2024-11-08,3,Electrónica,89-125
2573,2411,312,Parlantes Bluetooth,R2,61.45,8,2024-11-08,3,Electrónica,61-89
2574,481,291,Lámpara de mesa,R1,55.87,3,2024-11-09,1,Decoración,25-57
2575,576,183,Cortinas,R3,122.36,8,2024-11-09,1,Decoración,91-126
2576,861,292,Lámpara de mesa,R2,66.88,4,2024-11-09,1,Decoración,57-83
2577,889,293,Lámpara de mesa,R3,95.87,7,2024-11-09,1,Decoración,83-126
2578,1527,251,Horno eléctrico,R1,36.02,3,2024-11-09,2,Electrodomésticos,27-58
2579,2507,201,Cámara digital,R1,27.72,8,2024-11-09,3,Electrónica,25-56
2580,2589,332,Proyector,R2,82.9,8,2024-11-09,3,Electrónica,63-86
2581,2850,172,Consola de videojuegos,R2,84.81,4,2024-11-09,3,Electrónica,55-90
2582,2908,362,SmartWatch,R2,78.63,4,2024-11-09,3,Electrónica,55-91
2583,327,213,Elementos de cerámica,R3,105.59,9,2024-11-10,1,Decoración,90-125
2584,1021,231,Freidora eléctrica,R1,49.62,6,2024-11-10,2,Electrodomésticos,25-61
2585,1200,322,Plancha de vapor,R2,83.34,10,2024-11-10,2,Electrodomésticos,55-88
2586,1243,301,Microondas,R1,64.56,12,2024-11-10,2,Electrodomésticos,26-67
2587,1619,143,Batidora,R3,96.56,3,2024-11-10,2,Electrodomésticos,91-126
2588,2010,171,Consola de videojuegos,R1,51.13,2,2024-11-10,3,Electrónica,29-55
2589,2087,201,Cámara digital,R1,35.44,3,2024-11-10,3,Electrónica,25-56
2590,2573,372,Smartphone,R2,91.52,7,2024-11-10,3,Electrónica,64-101
2591,217,211,Elementos de cerámica,R1,47.48,2,2024-11-11,1,Decoración,26-52
2592,272,193,Cuadro decorativo,R3,93.84,10,2024-11-11,1,Decoración,86-126
2593,545,111,Alfombra,R1,43.63,1,2024-11-11,1,Decoración,28-54
2594,688,342,Rincón de plantas,R2,81.27,11,2024-11-11,1,Decoración,63-86
2595,1430,321,Plancha de vapor,R1,34.93,9,2024-11-11,2,Electrodomésticos,26-55
2596,1497,252,Horno eléctrico,R2,83.3,10,2024-11-11,2,Electrodomésticos,58-93
2597,1509,141,Batidora,R1,55.25,10,2024-11-11,2,Electrodomésticos,27-65
2598,2060,172,Consola de videojuegos,R2,73.4,5,2024-11-11,3,Electrónica,55-90
2599,2263,371,Smartphone,R1,47.67,6,2024-11-11,3,Electrónica,26-64
2600,2558,362,SmartWatch,R2,63.94,7,2024-11-11,3,Electrónica,55-91
2601,2814,132,Auriculares,R2,89.91,9,2024-11-11,3,Electrónica,58-93
2602,420,101,Adorno de pared,R1,65.0,4,2024-11-12,1,Decoración,25-66
2603,514,262,Jarrón decorativo,R2,59.63,10,2024-11-12,1,Decoración,57-92
2604,544,261,Jarrón decorativo,R1,29.63,5,2024-11-12,1,Decoración,26-57
2605,880,103,Adorno de pared,R3,105.74,10,2024-11-12,1,Decoración,91-120
2606,1908,151,Cafetera,R1,55.91,3,2024-11-12,2,Electrodomésticos,25-61
2607,655,113,Alfombra,R3,124.49,11,2024-11-13,1,Decoración,89-125
2608,1111,233,Freidora eléctrica,R3,100.12,12,2024-11-13,2,Electrodomésticos,90-125
2609,2118,363,SmartWatch,R3,99.5,5,2024-11-13,3,Electrónica,91-126
2610,2208,361,SmartWatch,R1,33.12,10,2024-11-13,3,Electrónica,25-55
2611,36,181,Cortinas,R1,28.63,5,2024-11-14,1,Decoración,25-57
2612,316,182,Cortinas,R2,90.56,2,2024-11-14,1,Decoración,57-91
2613,885,113,Alfombra,R3,97.56,1,2024-11-14,1,Decoración,89-125
2614,1566,352,Secadora,R2,78.4,8,2024-11-14,2,Electrodomésticos,50-93
2615,1753,301,Microondas,R1,38.63,9,2024-11-14,2,Electrodomésticos,26-67
2616,2316,272,Laptop,R2,78.67,3,2024-11-14,3,Electrónica,58-89
2617,2374,131,Auriculares,R1,55.05,12,2024-11-14,3,Electrónica,26-58
2618,2958,362,SmartWatch,R2,64.59,10,2024-11-14,3,Electrónica,55-91
2619,671,292,Lámpara de mesa,R2,66.33,7,2024-11-15,1,Decoración,57-83
2620,1462,243,Heladera,R3,121.56,12,2024-11-15,2,Electrodomésticos,91-123
2621,1463,302,Microondas,R2,70.42,10,2024-11-15,2,Electrodomésticos,67-94
2622,1517,251,Horno eléctrico,R1,41.23,8,2024-11-15,2,Electrodomésticos,27-58
2623,1564,121,Aspiradora,R1,60.8,1,2024-11-15,2,Electrodomésticos,26-64
2624,1621,231,Freidora eléctrica,R1,56.74,9,2024-11-15,2,Electrodomésticos,25-61
2625,1749,143,Batidora,R3,107.07,9,2024-11-15,2,Electrodomésticos,91-126
2626,1912,242,Heladera,R2,82.42,8,2024-11-15,2,Electrodomésticos,57-91
2627,2727,203,Cámara digital,R3,114.98,12,2024-11-15,3,Electrónica,87-123
2628,618,341,Rincón de plantas,R1,36.15,8,2024-11-16,1,Decoración,25-63
2629,944,263,Jarrón decorativo,R3,98.76,1,2024-11-16,1,Decoración,92-126
2630,1015,282,Lavadora,R2,91.96,12,2024-11-16,2,Electrodomésticos,55-92
2631,1671,233,Freidora eléctrica,R3,106.34,8,2024-11-16,2,Electrodomésticos,90-125
2632,2025,131,Auriculares,R1,42.93,2,2024-11-16,3,Electrónica,26-58
2633,2602,393,Televisor,R3,118.04,4,2024-11-16,3,Electrónica,85-124
2634,21,291,Lámpara de mesa,R1,41.84,12,2024-11-17,1,Decoración,25-57
2635,227,211,Elementos de cerámica,R1,32.11,11,2024-11-17,1,Decoración,26-52
2636,361,293,Lámpara de mesa,R3,120.89,2,2024-11-17,1,Decoración,83-126
2637,757,211,Elementos de cerámica,R1,36.44,10,2024-11-17,1,Decoración,26-52
2638,779,292,Lámpara de mesa,R2,72.68,9,2024-11-17,1,Decoración,57-83
2639,1137,251,Horno eléctrico,R1,51.17,7,2024-11-17,2,Electrodomésticos,27-58
2640,1165,282,Lavadora,R2,73.58,9,2024-11-17,2,Electrodomésticos,55-92
2641,1651,232,Freidora eléctrica,R2,78.73,10,2024-11-17,2,Electrodomésticos,61-90
2642,2074,132,Auriculares,R2,70.55,1,2024-11-17,3,Electrónica,58-93
2643,2631,312,Parlantes Bluetooth,R2,66.84,11,2024-11-17,3,Electrónica,61-89
2644,2881,311,Parlantes Bluetooth,R1,39.46,11,2024-11-17,3,Electrónica,25-61
2645,70,103,Adorno de pared,R3,105.42,12,2024-11-18,1,Decoración,91-120
2646,371,293,Lámpara de mesa,R3,110.45,12,2024-11-18,1,Decoración,83-126
2647,389,291,Lámpara de mesa,R1,40.06,4,2024-11-18,1,Decoración,25-57
2648,431,293,Lámpara de mesa,R3,98.3,6,2024-11-18,1,Decoración,83-126
2649,883,221,Espejo decorativo,R1,32.09,8,2024-11-18,1,Decoración,25-57
2650,1142,242,Heladera,R2,62.61,3,2024-11-18,2,Electrodomésticos,57-91
2651,1314,122,Aspiradora,R2,86.12,6,2024-11-18,2,Electrodomésticos,64-93
2652,1365,282,Lavadora,R2,74.74,1,2024-11-18,2,Electrodomésticos,55-92
2653,1605,282,Lavadora,R2,57.74,1,2024-11-18,2,Electrodomésticos,55-92
2654,1691,231,Freidora eléctrica,R1,49.47,12,2024-11-18,2,Electrodomésticos,25-61
2655,1818,153,Cafetera,R3,116.81,1,2024-11-18,2,Electrodomésticos,98-126
2656,1942,242,Heladera,R2,85.36,12,2024-11-18,2,Electrodomésticos,57-91
2657,1991,232,Freidora eléctrica,R2,64.55,5,2024-11-18,2,Electrodomésticos,61-90
2658,2274,133,Auriculares,R3,114.43,1,2024-11-18,3,Electrónica,93-125
2659,2441,311,Parlantes Bluetooth,R1,55.81,4,2024-11-18,3,Electrónica,25-61
2660,2638,363,SmartWatch,R3,124.0,5,2024-11-18,3,Electrónica,91-126
2661,136,181,Cortinas,R1,31.5,7,2024-11-19,1,Decoración,25-57
2662,589,293,Lámpara de mesa,R3,111.78,2,2024-11-19,1,Decoración,83-126
2663,801,292,Lámpara de mesa,R2,72.15,9,2024-11-19,1,Decoración,57-83
2664,1159,143,Batidora,R3,111.36,7,2024-11-19,2,Electrodomésticos,91-126
2665,1836,352,Secadora,R2,68.69,4,2024-11-19,2,Electrodomésticos,50-93
2666,1913,302,Microondas,R2,75.41,12,2024-11-19,2,Electrodomésticos,67-94
2667,2872,393,Televisor,R3,105.88,3,2024-11-19,3,Electrónica,85-124
2668,119,291,Lámpara de mesa,R1,50.6,11,2024-11-20,1,Decoración,25-57
2669,152,193,Cuadro decorativo,R3,86.46,4,2024-11-20,1,Decoración,86-126
2670,592,191,Cuadro decorativo,R1,34.61,9,2024-11-20,1,Decoración,25-61
2671,676,181,Cortinas,R1,40.01,5,2024-11-20,1,Decoración,25-57
2672,1079,141,Batidora,R1,53.18,2,2024-11-20,2,Electrodomésticos,27-65
2673,1302,241,Heladera,R1,29.85,2,2024-11-20,2,Electrodomésticos,27-57
2674,1498,152,Cafetera,R2,61.91,7,2024-11-20,2,Electrodomésticos,61-98
2675,1774,123,Aspiradora,R3,120.8,3,2024-11-20,2,Electrodomésticos,93-125
2676,1881,233,Freidora eléctrica,R3,107.86,9,2024-11-20,2,Electrodomésticos,90-125
2677,1993,301,Microondas,R1,60.07,5,2024-11-20,2,Electrodomésticos,26-67
2678,2009,332,Proyector,R2,73.42,10,2024-11-20,3,Electrónica,63-86
2679,2591,311,Parlantes Bluetooth,R1,28.1,8,2024-11-20,3,Electrónica,25-61
2680,1542,303,Microondas,R3,98.15,3,2024-11-21,2,Electrodomésticos,94-126
2681,1951,233,Freidora eléctrica,R3,112.16,5,2024-11-21,2,Electrodomésticos,90-125
2682,2179,333,Proyector,R3,111.31,11,2024-11-21,3,Electrónica,86-125
2683,2977,203,Cámara digital,R3,116.01,12,2024-11-21,3,Electrónica,87-123
2684,384,263,Jarrón decorativo,R3,105.16,6,2024-11-22,1,Decoración,92-126
2685,837,212,Elementos de cerámica,R2,56.1,12,2024-11-22,1,Decoración,52-90
2686,907,211,Elementos de cerámica,R1,49.85,8,2024-11-22,1,Decoración,26-52
2687,1309,142,Batidora,R2,68.82,5,2024-11-22,2,Electrodomésticos,65-91
2688,1759,142,Batidora,R2,82.06,2,2024-11-22,2,Electrodomésticos,65-91
2689,2391,311,Parlantes Bluetooth,R1,41.39,10,2024-11-22,3,Electrónica,25-61
2690,338,343,Rincón de plantas,R3,114.46,12,2024-11-23,1,Decoración,86-124
2691,394,263,Jarrón decorativo,R3,114.83,10,2024-11-23,1,Decoración,92-126
2692,785,113,Alfombra,R3,97.3,5,2024-11-23,1,Decoración,89-125
2693,2194,133,Auriculares,R3,102.22,11,2024-11-23,3,Electrónica,93-125
2694,2410,172,Consola de videojuegos,R2,55.53,10,2024-11-23,3,Electrónica,55-90
2695,2479,331,Proyector,R1,51.72,3,2024-11-23,3,Electrónica,26-63
2696,2670,171,Consola de videojuegos,R1,42.62,3,2024-11-23,3,Electrónica,29-55
2697,238,343,Rincón de plantas,R3,103.51,12,2024-11-24,1,Decoración,86-124
2698,923,222,Espejo decorativo,R2,59.64,2,2024-11-24,1,Decoración,57-93
2699,1692,301,Microondas,R1,52.7,9,2024-11-24,2,Electrodomésticos,26-67
2700,2149,333,Proyector,R3,91.89,5,2024-11-24,3,Electrónica,86-125
2701,2303,371,Smartphone,R1,63.94,12,2024-11-24,3,Electrónica,26-64
2702,2387,202,Cámara digital,R2,58.22,5,2024-11-24,3,Electrónica,56-87
2703,2651,311,Parlantes Bluetooth,R1,38.31,6,2024-11-24,3,Electrónica,25-61
2704,2970,171,Consola de videojuegos,R1,49.88,5,2024-11-24,3,Electrónica,29-55
2705,1328,153,Cafetera,R3,99.07,3,2024-11-25,2,Electrodomésticos,98-126
2706,1396,353,Secadora,R3,113.64,4,2024-11-25,2,Electrodomésticos,93-125
2707,1828,152,Cafetera,R2,76.71,12,2024-11-25,2,Electrodomésticos,61-98
2708,2172,393,Televisor,R3,115.93,8,2024-11-25,3,Electrónica,85-124
2709,2371,313,Parlantes Bluetooth,R3,93.33,4,2024-11-25,3,Electrónica,89-125
2710,153,221,Espejo decorativo,R1,49.47,10,2024-11-26,1,Decoración,25-57
2711,225,111,Alfombra,R1,28.53,6,2024-11-26,1,Decoración,28-54
2712,326,182,Cortinas,R2,65.02,2,2024-11-26,1,Decoración,57-91
2713,331,291,Lámpara de mesa,R1,36.82,3,2024-11-26,1,Decoración,25-57
2714,1043,301,Microondas,R1,28.96,3,2024-11-26,2,Electrodomésticos,26-67
2715,1158,151,Cafetera,R1,55.58,7,2024-11-26,2,Electrodomésticos,25-61
2716,1301,233,Freidora eléctrica,R3,114.68,5,2024-11-26,2,Electrodomésticos,90-125
2717,1544,122,Aspiradora,R2,87.56,8,2024-11-26,2,Electrodomésticos,64-93
2718,1771,231,Freidora eléctrica,R1,47.41,2,2024-11-26,2,Electrodomésticos,25-61
2719,1781,231,Freidora eléctrica,R1,34.88,7,2024-11-26,2,Electrodomésticos,25-61
2720,1928,151,Cafetera,R1,49.58,2,2024-11-26,2,Electrodomésticos,25-61
2721,1980,323,Plancha de vapor,R3,115.37,2,2024-11-26,2,Electrodomésticos,88-125
2722,2086,271,Laptop,R1,41.18,7,2024-11-26,3,Electrónica,27-58
2723,2569,333,Proyector,R3,104.95,5,2024-11-26,3,Electrónica,86-125
2724,2707,203,Cámara digital,R3,104.82,6,2024-11-26,3,Electrónica,87-123
2725,451,292,Lámpara de mesa,R2,81.2,7,2024-11-27,1,Decoración,57-83
2726,715,111,Alfombra,R1,32.65,3,2024-11-27,1,Decoración,28-54
2727,1100,323,Plancha de vapor,R3,108.29,5,2024-11-27,2,Electrodomésticos,88-125
2728,1211,233,Freidora eléctrica,R3,112.72,7,2024-11-27,2,Electrodomésticos,90-125
2729,1352,301,Microondas,R1,39.86,3,2024-11-27,2,Electrodomésticos,26-67
2730,1576,351,Secadora,R1,35.14,4,2024-11-27,2,Electrodomésticos,26-50
2731,2111,311,Parlantes Bluetooth,R1,28.52,2,2024-11-27,3,Electrónica,25-61
2732,2253,371,Smartphone,R1,59.1,12,2024-11-27,3,Electrónica,26-64
2733,2421,313,Parlantes Bluetooth,R3,97.6,11,2024-11-27,3,Electrónica,89-125
2734,703,221,Espejo decorativo,R1,30.41,8,2024-11-28,1,Decoración,25-57
2735,1055,281,Lavadora,R1,34.77,11,2024-11-28,2,Electrodomésticos,26-55
2736,1718,151,Cafetera,R1,59.62,10,2024-11-28,2,Electrodomésticos,25-61
2737,1976,353,Secadora,R3,97.56,7,2024-11-28,2,Electrodomésticos,93-125
2738,2392,393,Televisor,R3,90.14,9,2024-11-28,3,Electrónica,85-124
2739,2586,273,Laptop,R3,94.55,2,2024-11-28,3,Electrónica,89-126
2740,2675,132,Auriculares,R2,75.36,6,2024-11-28,3,Electrónica,58-93
2741,184,262,Jarrón decorativo,R2,74.37,10,2024-11-29,1,Decoración,57-92
2742,798,341,Rincón de plantas,R1,52.11,3,2024-11-29,1,Decoración,25-63
2743,813,221,Espejo decorativo,R1,37.25,3,2024-11-29,1,Decoración,25-57
2744,974,262,Jarrón decorativo,R2,84.28,7,2024-11-29,1,Decoración,57-92
2745,1252,303,Microondas,R3,96.06,4,2024-11-29,2,Electrodomésticos,94-126
2746,1634,123,Aspiradora,R3,94.2,12,2024-11-29,2,Electrodomésticos,93-125
2747,1867,253,Horno eléctrico,R3,114.08,9,2024-11-29,2,Electrodomésticos,93-124
2748,2447,201,Cámara digital,R1,33.69,5,2024-11-29,3,Electrónica,25-56
2749,2976,272,Laptop,R2,80.65,9,2024-11-29,3,Electrónica,58-89
2750,413,222,Espejo decorativo,R2,60.81,7,2024-11-30,1,Decoración,57-93
2751,566,183,Cortinas,R3,98.17,8,2024-11-30,1,Decoración,91-126
2752,775,113,Alfombra,R3,111.87,7,2024-11-30,1,Decoración,89-125
2753,1727,252,Horno eléctrico,R2,67.95,2,2024-11-30,2,Electrodomésticos,58-93
2754,1769,143,Batidora,R3,95.64,2,2024-11-30,2,Electrodomésticos,91-126
2755,2109,331,Proyector,R1,45.09,8,2024-11-30,3,Electrónica,26-63
2756,2385,132,Auriculares,R2,92.15,4,2024-11-30,3,Electrónica,58-93
2757,2459,333,Proyector,R3,118.81,2,2024-11-30,3,Electrónica,86-125
2758,2556,272,Laptop,R2,86.62,10,2024-11-30,3,Electrónica,58-89
2759,2640,171,Consola de videojuegos,R1,40.84,9,2024-11-30,3,Electrónica,29-55
2760,2757,202,Cámara digital,R2,56.44,7,2024-11-30,3,Electrónica,56-87
2761,293,221,Espejo decorativo,R1,40.97,9,2024-12-01,1,Decoración,25-57
2762,511,292,Lámpara de mesa,R2,63.09,1,2024-12-01,1,Decoración,57-83
2763,881,292,Lámpara de mesa,R2,58.49,3,2024-12-01,1,Decoración,57-83
2764,936,183,Cortinas,R3,110.96,2,2024-12-01,1,Decoración,91-126
2765,1160,323,Plancha de vapor,R3,124.24,2,2024-12-01,2,Electrodomésticos,88-125
2766,1460,322,Plancha de vapor,R2,79.78,9,2024-12-01,2,Electrodomésticos,55-88
2767,1598,153,Cafetera,R3,103.75,5,2024-12-01,2,Electrodomésticos,98-126
2768,1849,141,Batidora,R1,30.17,9,2024-12-01,2,Electrodomésticos,27-65
2769,2386,272,Laptop,R2,69.56,7,2024-12-01,3,Electrónica,58-89
2770,57,213,Elementos de cerámica,R3,104.56,12,2024-12-02,1,Decoración,90-125
2771,144,263,Jarrón decorativo,R3,100.04,3,2024-12-02,1,Decoración,92-126
2772,640,103,Adorno de pared,R3,110.44,7,2024-12-02,1,Decoración,91-120
2773,863,222,Espejo decorativo,R2,81.72,9,2024-12-02,1,Decoración,57-93
2774,1101,231,Freidora eléctrica,R1,35.84,11,2024-12-02,2,Electrodomésticos,25-61
2775,1163,303,Microondas,R3,97.07,7,2024-12-02,2,Electrodomésticos,94-126
2776,1235,283,Lavadora,R3,102.43,7,2024-12-02,2,Electrodomésticos,92-124
2777,1367,253,Horno eléctrico,R3,95.2,8,2024-12-02,2,Electrodomésticos,93-124
2778,1797,252,Horno eléctrico,R2,74.53,9,2024-12-02,2,Electrodomésticos,58-93
2779,1880,321,Plancha de vapor,R1,40.57,5,2024-12-02,2,Electrodomésticos,26-55
2780,2036,273,Laptop,R3,112.29,4,2024-12-02,3,Electrónica,89-126
2781,2140,173,Consola de videojuegos,R3,91.09,7,2024-12-02,3,Electrónica,90-126
2782,2658,363,SmartWatch,R3,115.11,3,2024-12-02,3,Electrónica,91-126
2783,322,193,Cuadro decorativo,R3,101.15,6,2024-12-03,1,Decoración,86-126
2784,532,191,Cuadro decorativo,R1,27.76,4,2024-12-03,1,Decoración,25-61
2785,1379,143,Batidora,R3,103.94,5,2024-12-03,2,Electrodomésticos,91-126
2786,1865,282,Lavadora,R2,83.62,5,2024-12-03,2,Electrodomésticos,55-92
2787,2662,392,Televisor,R2,66.96,10,2024-12-03,3,Electrónica,57-85
2788,2846,273,Laptop,R3,91.66,10,2024-12-03,3,Electrónica,89-126
2789,555,113,Alfombra,R3,97.75,9,2024-12-04,1,Decoración,89-125
2790,1110,323,Plancha de vapor,R3,123.18,10,2024-12-04,2,Electrodomésticos,88-125
2791,1131,233,Freidora eléctrica,R3,113.18,5,2024-12-04,2,Electrodomésticos,90-125
2792,1324,123,Aspiradora,R3,106.89,5,2024-12-04,2,Electrodomésticos,93-125
2793,1636,351,Secadora,R1,44.47,6,2024-12-04,2,Electrodomésticos,26-50
2794,1656,351,Secadora,R1,42.59,7,2024-12-04,2,Electrodomésticos,26-50
2795,2197,202,Cámara digital,R2,77.54,6,2024-12-04,3,Electrónica,56-87
2796,2867,203,Cámara digital,R3,113.61,9,2024-12-04,3,Electrónica,87-123
2797,31,293,Lámpara de mesa,R3,100.82,8,2024-12-05,1,Decoración,83-126
2798,175,113,Alfombra,R3,108.47,2,2024-12-05,1,Decoración,89-125
2799,455,112,Alfombra,R2,82.6,11,2024-12-05,1,Decoración,54-89
2800,1469,143,Batidora,R3,100.43,8,2024-12-05,2,Electrodomésticos,91-126
2801,2090,171,Consola de videojuegos,R1,45.15,9,2024-12-05,3,Electrónica,29-55
2802,2206,273,Laptop,R3,105.49,7,2024-12-05,3,Electrónica,89-126
2803,2682,391,Televisor,R1,39.35,7,2024-12-05,3,Electrónica,26-57
2804,2689,331,Proyector,R1,62.73,9,2024-12-05,3,Electrónica,26-63
2805,1086,352,Secadora,R2,50.66,9,2024-12-06,2,Electrodomésticos,50-93
2806,1194,121,Aspiradora,R1,56.97,1,2024-12-06,2,Electrodomésticos,26-64
2807,1555,281,Lavadora,R1,36.34,3,2024-12-06,2,Electrodomésticos,26-55
2808,2332,391,Televisor,R1,54.34,11,2024-12-06,3,Electrónica,26-57
2809,2849,331,Proyector,R1,38.67,11,2024-12-06,3,Electrónica,26-63
2810,303,221,Espejo decorativo,R1,33.85,11,2024-12-07,1,Decoración,25-57
2811,561,292,Lámpara de mesa,R2,76.9,11,2024-12-07,1,Decoración,57-83
2812,876,182,Cortinas,R2,80.86,6,2024-12-07,1,Decoración,57-91
2813,1596,351,Secadora,R1,29.1,6,2024-12-07,2,Electrodomésticos,26-50
2814,1906,353,Secadora,R3,96.7,8,2024-12-07,2,Electrodomésticos,93-125
2815,2210,171,Consola de videojuegos,R1,39.67,11,2024-12-07,3,Electrónica,29-55
2816,130,102,Adorno de pared,R2,68.7,3,2024-12-08,1,Decoración,66-91
2817,542,193,Cuadro decorativo,R3,104.02,9,2024-12-08,1,Decoración,86-126
2818,1020,322,Plancha de vapor,R2,55.26,2,2024-12-08,2,Electrodomésticos,55-88
2819,1264,123,Aspiradora,R3,114.28,6,2024-12-08,2,Electrodomésticos,93-125
2820,1392,301,Microondas,R1,35.57,8,2024-12-08,2,Electrodomésticos,26-67
2821,2687,201,Cámara digital,R1,28.98,11,2024-12-08,3,Electrónica,25-56
2822,2949,332,Proyector,R2,67.97,10,2024-12-08,3,Electrónica,63-86
2823,1023,301,Microondas,R1,55.57,1,2024-12-09,2,Electrodomésticos,26-67
2824,1197,252,Horno eléctrico,R2,92.87,10,2024-12-09,2,Electrodomésticos,58-93
2825,1641,231,Freidora eléctrica,R1,28.6,5,2024-12-09,2,Electrodomésticos,25-61
2826,2597,201,Cámara digital,R1,55.5,1,2024-12-09,3,Electrónica,25-56
2827,67,213,Elementos de cerámica,R3,109.07,12,2024-12-10,1,Decoración,90-125
2828,265,112,Alfombra,R2,66.72,12,2024-12-10,1,Decoración,54-89
2829,313,221,Espejo decorativo,R1,50.48,1,2024-12-10,1,Decoración,25-57
2830,1267,252,Horno eléctrico,R2,81.0,7,2024-12-10,2,Electrodomésticos,58-93
2831,1447,251,Horno eléctrico,R1,46.02,9,2024-12-10,2,Electrodomésticos,27-58
2832,2020,171,Consola de videojuegos,R1,30.73,6,2024-12-10,3,Electrónica,29-55
2833,2337,202,Cámara digital,R2,77.7,9,2024-12-10,3,Electrónica,56-87
2834,2348,361,SmartWatch,R1,49.9,11,2024-12-10,3,Electrónica,25-55
2835,42,192,Cuadro decorativo,R2,72.51,11,2024-12-11,1,Decoración,61-86
2836,62,191,Cuadro decorativo,R1,34.65,11,2024-12-11,1,Decoración,25-61
2837,989,292,Lámpara de mesa,R2,70.77,7,2024-12-11,1,Decoración,57-83
2838,1553,302,Microondas,R2,83.88,10,2024-12-11,2,Electrodomésticos,67-94
2839,1640,321,Plancha de vapor,R1,34.87,4,2024-12-11,2,Electrodomésticos,26-55
2840,1975,283,Lavadora,R3,116.55,6,2024-12-11,2,Electrodomésticos,92-124
2841,2144,133,Auriculares,R3,100.7,11,2024-12-11,3,Electrónica,93-125
2842,2277,202,Cámara digital,R2,58.12,7,2024-12-11,3,Electrónica,56-87
2843,2818,361,SmartWatch,R1,27.83,1,2024-12-11,3,Electrónica,25-55
2844,128,343,Rincón de plantas,R3,96.21,6,2024-12-12,1,Decoración,86-124
2845,1029,141,Batidora,R1,36.33,5,2024-12-12,2,Electrodomésticos,27-65
2846,1414,122,Aspiradora,R2,85.23,10,2024-12-12,2,Electrodomésticos,64-93
2847,1471,232,Freidora eléctrica,R2,83.48,8,2024-12-12,2,Electrodomésticos,61-90
2848,1959,142,Batidora,R2,83.12,2,2024-12-12,2,Electrodomésticos,65-91
2849,2106,273,Laptop,R3,108.85,1,2024-12-12,3,Electrónica,89-126
2850,2734,133,Auriculares,R3,95.05,5,2024-12-12,3,Electrónica,93-125
2851,2893,371,Smartphone,R1,42.97,3,2024-12-12,3,Electrónica,26-64
2852,458,343,Rincón de plantas,R3,117.55,7,2024-12-13,1,Decoración,86-124
2853,663,223,Espejo decorativo,R3,102.68,4,2024-12-13,1,Decoración,93-125
2854,1647,251,Horno eléctrico,R1,43.05,10,2024-12-13,2,Electrodomésticos,27-58
2855,427,212,Elementos de cerámica,R2,60.13,6,2024-12-14,1,Decoración,52-90
2856,759,292,Lámpara de mesa,R2,82.4,11,2024-12-14,1,Decoración,57-83
2857,1077,253,Horno eléctrico,R3,114.24,5,2024-12-14,2,Electrodomésticos,93-124
2858,1223,302,Microondas,R2,84.83,3,2024-12-14,2,Electrodomésticos,67-94
2859,1465,282,Lavadora,R2,61.87,8,2024-12-14,2,Electrodomésticos,55-92
2860,1579,142,Batidora,R2,68.09,5,2024-12-14,2,Electrodomésticos,65-91
2861,2145,132,Auriculares,R2,79.28,9,2024-12-14,3,Electrónica,58-93
2862,2380,172,Consola de videojuegos,R2,68.2,2,2024-12-14,3,Electrónica,55-90
2863,2879,331,Proyector,R1,48.11,12,2024-12-14,3,Electrónica,26-63
2864,181,293,Lámpara de mesa,R3,107.82,8,2024-12-15,1,Decoración,83-126
2865,529,292,Lámpara de mesa,R2,64.12,6,2024-12-15,1,Decoración,57-83
2866,546,182,Cortinas,R2,82.12,10,2024-12-15,1,Decoración,57-91
2867,567,213,Elementos de cerámica,R3,97.22,8,2024-12-15,1,Decoración,90-125
2868,948,342,Rincón de plantas,R2,72.96,6,2024-12-15,1,Decoración,63-86
2869,1001,341,Rincón de plantas,R1,42.14,9,2024-12-15,1,Decoración,25-63
2870,1126,352,Secadora,R2,88.77,1,2024-12-15,2,Electrodomésticos,50-93
2871,1325,282,Lavadora,R2,78.84,6,2024-12-15,2,Electrodomésticos,55-92
2872,1470,323,Plancha de vapor,R3,107.11,3,2024-12-15,2,Electrodomésticos,88-125
2873,1492,242,Heladera,R2,88.58,10,2024-12-15,2,Electrodomésticos,57-91
2874,1834,121,Aspiradora,R1,51.5,6,2024-12-15,2,Electrodomésticos,26-64
2875,1840,322,Plancha de vapor,R2,68.39,9,2024-12-15,2,Electrodomésticos,55-88
2876,1897,251,Horno eléctrico,R1,40.71,3,2024-12-15,2,Electrodomésticos,27-58
2877,2520,173,Consola de videojuegos,R3,99.63,10,2024-12-15,3,Electrónica,90-126
2878,2626,271,Laptop,R1,57.33,8,2024-12-15,3,Electrónica,27-58
2879,2759,332,Proyector,R2,83.88,7,2024-12-15,3,Electrónica,63-86
2880,69,293,Lámpara de mesa,R3,93.24,11,2024-12-16,1,Decoración,83-126
2881,370,103,Adorno de pared,R3,93.19,8,2024-12-16,1,Decoración,91-120
2882,628,341,Rincón de plantas,R1,29.36,11,2024-12-16,1,Decoración,25-63
2883,706,181,Cortinas,R1,42.73,7,2024-12-16,1,Decoración,25-57
2884,980,102,Adorno de pared,R2,75.85,6,2024-12-16,1,Decoración,66-91
2885,1586,351,Secadora,R1,44.98,5,2024-12-16,2,Electrodomésticos,26-50
2886,1989,143,Batidora,R3,124.17,7,2024-12-16,2,Electrodomésticos,91-126
2887,2135,131,Auriculares,R1,34.52,4,2024-12-16,3,Electrónica,26-58
2888,2342,391,Televisor,R1,50.79,2,2024-12-16,3,Electrónica,26-57
2889,2581,311,Parlantes Bluetooth,R1,32.01,9,2024-12-16,3,Electrónica,25-61
2890,2843,371,Smartphone,R1,63.78,8,2024-12-16,3,Electrónica,26-64
2891,2921,313,Parlantes Bluetooth,R3,97.14,8,2024-12-16,3,Electrónica,89-125
2892,471,291,Lámpara de mesa,R1,39.0,10,2024-12-17,1,Decoración,25-57
2893,626,181,Cortinas,R1,33.62,11,2024-12-17,1,Decoración,25-57
2894,653,223,Espejo decorativo,R3,107.93,8,2024-12-17,1,Decoración,93-125
2895,742,192,Cuadro decorativo,R2,66.69,6,2024-12-17,1,Decoración,61-86
2896,1393,303,Microondas,R3,96.48,11,2024-12-17,2,Electrodomésticos,94-126
2897,1504,121,Aspiradora,R1,42.52,2,2024-12-17,2,Electrodomésticos,26-64
2898,1639,142,Batidora,R2,89.35,11,2024-12-17,2,Electrodomésticos,65-91
2899,1832,242,Heladera,R2,85.62,12,2024-12-17,2,Electrodomésticos,57-91
2900,2064,383,Tablet,R3,90.59,7,2024-12-17,3,Electrónica,81-124
2901,75,112,Alfombra,R2,65.48,5,2024-12-18,1,Decoración,54-89
2902,729,292,Lámpara de mesa,R2,61.89,3,2024-12-18,1,Decoración,57-83
2903,1731,232,Freidora eléctrica,R2,88.92,3,2024-12-18,2,Electrodomésticos,61-90
2904,2339,332,Proyector,R2,75.0,7,2024-12-18,3,Electrónica,63-86
2905,2663,373,Smartphone,R3,118.95,10,2024-12-18,3,Electrónica,101-126
2906,2869,333,Proyector,R3,122.17,9,2024-12-18,3,Electrónica,86-125
2907,112,193,Cuadro decorativo,R3,96.66,9,2024-12-19,1,Decoración,86-126
2908,793,221,Espejo decorativo,R1,27.21,2,2024-12-19,1,Decoración,25-57
2909,1061,233,Freidora eléctrica,R3,112.38,11,2024-12-19,2,Electrodomésticos,90-125
2910,2167,203,Cámara digital,R3,119.75,3,2024-12-19,3,Electrónica,87-123
2911,2833,372,Smartphone,R2,97.07,9,2024-12-19,3,Electrónica,64-101
2912,15,111,Alfombra,R1,47.77,6,2024-12-20,1,Decoración,28-54
2913,1059,141,Batidora,R1,55.79,9,2024-12-20,2,Electrodomésticos,27-65
2914,1624,121,Aspiradora,R1,28.64,9,2024-12-20,2,Electrodomésticos,26-64
2915,1887,251,Horno eléctrico,R1,36.01,2,2024-12-20,2,Electrodomésticos,27-58
2916,2230,172,Consola de videojuegos,R2,74.41,10,2024-12-20,3,Electrónica,55-90
2917,2451,311,Parlantes Bluetooth,R1,42.08,2,2024-12-20,3,Electrónica,25-61
2918,222,192,Cuadro decorativo,R2,84.64,1,2024-12-21,1,Decoración,61-86
2919,800,103,Adorno de pared,R3,116.74,3,2024-12-21,1,Decoración,91-120
2920,1594,121,Aspiradora,R1,46.9,8,2024-12-21,2,Electrodomésticos,26-64
2921,1752,241,Heladera,R1,33.85,7,2024-12-21,2,Electrodomésticos,27-57
2922,2320,172,Consola de videojuegos,R2,83.94,8,2024-12-21,3,Electrónica,55-90
2923,108,341,Rincón de plantas,R1,47.84,1,2024-12-22,1,Decoración,25-63
2924,917,212,Elementos de cerámica,R2,52.65,8,2024-12-22,1,Decoración,52-90
2925,1088,153,Cafetera,R3,116.94,9,2024-12-22,2,Electrodomésticos,98-126
2926,1128,152,Cafetera,R2,90.54,2,2024-12-22,2,Electrodomésticos,61-98
2927,1216,351,Secadora,R1,38.24,2,2024-12-22,2,Electrodomésticos,26-50
2928,1386,351,Secadora,R1,41.84,7,2024-12-22,2,Electrodomésticos,26-50
2929,1597,253,Horno eléctrico,R3,115.11,3,2024-12-22,2,Electrodomésticos,93-124
2930,1652,243,Heladera,R3,101.22,11,2024-12-22,2,Electrodomésticos,91-123
2931,1767,252,Horno eléctrico,R2,65.28,1,2024-12-22,2,Electrodomésticos,58-93
2932,1968,152,Cafetera,R2,69.28,2,2024-12-22,2,Electrodomésticos,61-98
2933,2845,131,Auriculares,R1,34.64,10,2024-12-22,3,Electrónica,26-58
2934,301,292,Lámpara de mesa,R2,62.77,6,2024-12-23,1,Decoración,57-83
2935,497,213,Elementos de cerámica,R3,124.16,4,2024-12-23,1,Decoración,90-125
2936,559,291,Lámpara de mesa,R1,40.35,2,2024-12-23,1,Decoración,25-57
2937,894,261,Jarrón decorativo,R1,46.35,12,2024-12-23,1,Decoración,26-57
2938,1416,352,Secadora,R2,64.14,1,2024-12-23,2,Electrodomésticos,50-93
2939,1728,152,Cafetera,R2,75.14,11,2024-12-23,2,Electrodomésticos,61-98
2940,2355,133,Auriculares,R3,119.48,8,2024-12-23,3,Electrónica,93-125
2941,2429,333,Proyector,R3,91.85,6,2024-12-23,3,Electrónica,86-125
2942,2574,381,Tablet,R1,49.2,5,2024-12-23,3,Electrónica,26-62
2943,2764,383,Tablet,R3,92.81,11,2024-12-23,3,Electrónica,81-124
2944,2905,131,Auriculares,R1,40.58,2,2024-12-23,3,Electrónica,26-58
2945,1337,253,Horno eléctrico,R3,118.72,2,2024-12-24,2,Electrodomésticos,93-124
2946,1794,121,Aspiradora,R1,61.8,12,2024-12-24,2,Electrodomésticos,26-64
2947,2457,202,Cámara digital,R2,75.98,8,2024-12-24,3,Electrónica,56-87
2948,2513,373,Smartphone,R3,119.12,8,2024-12-24,3,Electrónica,101-126
2949,120,101,Adorno de pared,R1,64.26,6,2024-12-25,1,Decoración,25-66
2950,1273,302,Microondas,R2,78.3,8,2024-12-25,2,Electrodomésticos,67-94
2951,1318,153,Cafetera,R3,98.58,6,2024-12-25,2,Electrodomésticos,98-126
2952,1473,302,Microondas,R2,83.38,1,2024-12-25,2,Electrodomésticos,67-94
2953,1807,251,Horno eléctrico,R1,45.12,4,2024-12-25,2,Electrodomésticos,27-58
2954,1907,251,Horno eléctrico,R1,47.5,1,2024-12-25,2,Electrodomésticos,27-58
2955,1996,353,Secadora,R3,113.87,9,2024-12-25,2,Electrodomésticos,93-125
2956,2422,392,Televisor,R2,58.0,10,2024-12-25,3,Electrónica,57-85
2957,2511,311,Parlantes Bluetooth,R1,52.04,5,2024-12-25,3,Electrónica,25-61
2958,2863,372,Smartphone,R2,88.08,5,2024-12-25,3,Electrónica,64-101
2959,76,181,Cortinas,R1,49.77,10,2024-12-26,1,Decoración,25-57
2960,122,192,Cuadro decorativo,R2,63.48,12,2024-12-26,1,Decoración,61-86
2961,494,262,Jarrón decorativo,R2,79.23,5,2024-12-26,1,Decoración,57-92
2962,506,181,Cortinas,R1,30.9,6,2024-12-26,1,Decoración,25-57
2963,1520,322,Plancha de vapor,R2,74.47,8,2024-12-26,2,Electrodomésticos,55-88
2964,1876,351,Secadora,R1,41.79,4,2024-12-26,2,Electrodomésticos,26-50
2965,2605,131,Auriculares,R1,41.66,3,2024-12-26,3,Electrónica,26-58
2966,2899,331,Proyector,R1,29.76,1,2024-12-26,3,Electrónica,26-63
2967,2961,311,Parlantes Bluetooth,R1,29.97,3,2024-12-26,3,Electrónica,25-61
2968,1236,351,Secadora,R1,27.84,11,2024-12-27,2,Electrodomésticos,26-50
2969,1429,143,Batidora,R3,103.49,8,2024-12-27,2,Electrodomésticos,91-126
2970,1853,302,Microondas,R2,89.05,1,2024-12-27,2,Electrodomésticos,67-94
2971,2414,381,Tablet,R1,47.99,5,2024-12-27,3,Electrónica,26-62
2972,2951,313,Parlantes Bluetooth,R3,89.89,6,2024-12-27,3,Electrónica,89-125
2973,2990,371,Smartphone,R1,60.16,11,2024-12-27,3,Electrónica,26-64
2974,167,213,Elementos de cerámica,R3,104.96,6,2024-12-28,1,Decoración,90-125
2975,1274,123,Aspiradora,R3,124.15,9,2024-12-28,2,Electrodomésticos,93-125
2976,1530,321,Plancha de vapor,R1,47.14,2,2024-12-28,2,Electrodomésticos,26-55
2977,2038,363,SmartWatch,R3,100.58,5,2024-12-28,3,Electrónica,91-126
2978,2204,382,Tablet,R2,70.13,12,2024-12-28,3,Electrónica,62-81
2979,231,291,Lámpara de mesa,R1,36.84,9,2024-12-29,1,Decoración,25-57
2980,240,102,Adorno de pared,R2,81.02,7,2024-12-29,1,Decoración,66-91
2981,486,182,Cortinas,R2,57.65,11,2024-12-29,1,Decoración,57-91
2982,639,291,Lámpara de mesa,R1,51.77,7,2024-12-29,1,Decoración,25-57
2983,743,223,Espejo decorativo,R3,117.04,8,2024-12-29,1,Decoración,93-125
2984,1139,141,Batidora,R1,28.94,10,2024-12-29,2,Electrodomésticos,27-65
2985,1161,233,Freidora eléctrica,R3,99.68,2,2024-12-29,2,Electrodomésticos,90-125
2986,1893,302,Microondas,R2,89.88,3,2024-12-29,2,Electrodomésticos,67-94
2987,2309,333,Proyector,R3,118.01,3,2024-12-29,3,Electrónica,86-125
2988,2424,382,Tablet,R2,69.18,4,2024-12-29,3,Electrónica,62-81
2989,235,113,Alfombra,R3,112.51,6,2024-12-30,1,Decoración,89-125
2990,418,343,Rincón de plantas,R3,112.02,8,2024-12-30,1,Decoración,86-124
2991,909,291,Lámpara de mesa,R1,35.85,5,2024-12-30,1,Decoración,25-57
2992,1583,303,Microondas,R3,105.36,9,2024-12-30,2,Electrodomésticos,94-126
2993,1837,253,Horno eléctrico,R3,104.12,9,2024-12-30,2,Electrodomésticos,93-124
2994,2276,272,Laptop,R2,85.27,9,2024-12-30,3,Electrónica,58-89
2995,2696,273,Laptop,R3,107.81,4,2024-12-30,3,Electrónica,89-126
2996,2913,372,Smartphone,R2,99.85,7,2024-12-30,3,Electrónica,64-101
2997,2930,172,Consola de videojuegos,R2,55.47,6,2024-12-30,3,Electrónica,55-90
