,id_venta,id_prod,id_producto,producto,rango,precio_unit,cantidad,fecha_venta,id_cat,categoria,precio_rango,dentro_camp,id_camp,canal,costo_mrkt
1476,410,100,103,Adorno de pared,R3,109.64,3,2024-06-21,1,Decoración,91-120,0,0,,
2426,620,100,103,Adorno de pared,R3,92.16,4,2024-10-21,1,Decoración,91-120,0,0,,
697,780,100,102,Adorno de pared,R2,79.13,7,2024-03-21,1,Decoración,66-91,0,0,,
255,50,100,102,Adorno de pared,R2,83.1,5,2024-01-31,1,Decoración,66-91,0,0,,
112,260,100,103,Adorno de pared,R3,101.48,9,2024-01-15,1,Decoración,91-120,0,0,,
1149,460,100,103,Adorno de pared,R3,93.62,6,2024-05-11,1,Decoración,91-120,0,0,,
2410,440,100,103,Adorno de pared,R3,113.49,2,2024-10-17,1,Decoración,91-120,0,0,,
691,950,100,103,Adorno de pared,R3,116.42,6,2024-03-20,1,Decoración,91-120,0,0,,
2772,640,100,103,Adorno de pared,R3,110.44,7,2024-12-02,1,Decoración,91-120,0,0,,
1126,1000,100,102,Adorno de pared,R2,74.64,11,2024-05-08,1,Decoración,66-91,0,0,,
862,600,100,101,Adorno de pared,R2,66,4,2024-04-10,1,Decoración,25-66,0,0,,
101,20,100,102,Adorno de pared,R2,90.21,2,2024-01-14,1,Decoración,66-91,0,0,,
1534,10,100,101,Adorno de pared,R1,44.65,10,2024-06-29,1,Decoración,25-66,0,0,,
2397,990,100,102,Adorno de pared,R2,76.72,3,2024-10-15,1,Decoración,66-91,0,0,,
276,380,100,101,Adorno de pared,R1,45.84,10,2024-02-02,1,Decoración,25-66,0,0,,
2395,520,100,102,Adorno de pared,R2,85.98,5,2024-10-15,1,Decoración,66-91,0,0,,
1107,550,100,103,Adorno de pared,R3,98.99,8,2024-05-06,1,Decoración,91-120,0,0,,
2816,130,100,102,Adorno de pared,R2,68.7,3,2024-12-08,1,Decoración,66-91,0,0,,
2351,60,100,101,Adorno de pared,R1,32.58,9,2024-10-10,1,Decoración,25-66,0,0,,
2340,670,100,101,Adorno de pared,R1,55.21,7,2024-10-08,1,Decoración,25-66,0,0,,
1577,360,100,102,Adorno de pared,R2,67.02,9,2024-07-04,1,Decoración,66-91,0,0,,
1098,650,100,101,Adorno de pared,R1,43.11,4,2024-05-05,1,Decoración,25-66,0,0,,
2291,590,100,101,Adorno de pared,R1,30.18,8,2024-10-01,1,Decoración,25-66,0,0,,
2278,500,100,103,Adorno de pared,R3,110.88,4,2024-09-30,1,Decoración,91-120,0,0,,
72,830,100,102,Adorno de pared,R2,67.23,10,2024-01-10,1,Decoración,66-91,0,0,,
323,770,100,103,Adorno de pared,R3,103.74,5,2024-02-07,1,Decoración,91-120,0,0,,
1623,790,100,102,Adorno de pared,R2,89.14,5,2024-07-10,1,Decoración,66-91,0,0,,
332,850,100,103,Adorno de pared,R3,112.03,9,2024-02-08,1,Decoración,91-120,0,0,,
2427,680,100,102,Adorno de pared,R2,76.66,3,2024-10-21,1,Decoración,66-91,0,0,,
1079,220,100,101,Adorno de pared,R1,55.36,9,2024-05-03,1,Decoración,25-66,0,0,,
1482,330,100,101,Adorno de pared,R1,60.02,6,2024-06-22,1,Decoración,25-66,0,0,,
2462,690,100,103,Adorno de pared,R3,103.95,8,2024-10-26,1,Decoración,91-120,0,0,,
2605,880,100,103,Adorno de pared,R3,105.74,10,2024-11-12,1,Decoración,91-120,0,0,,
2602,420,100,101,Adorno de pared,R1,65,4,2024-11-12,1,Decoración,25-66,0,0,,
799,570,100,101,Adorno de pared,R1,64.18,7,2024-04-03,1,Decoración,25-66,0,0,,
1309,110,100,101,Adorno de pared,R1,33.01,1,2024-05-29,1,Decoración,25-66,0,0,,
781,390,100,102,Adorno de pared,R2,87.52,8,2024-04-01,1,Decoración,66-91,0,0,,
2645,70,100,103,Adorno de pared,R3,105.42,12,2024-11-18,1,Decoración,91-120,0,0,,
1332,530,100,102,Adorno de pared,R2,82.65,5,2024-06-01,1,Decoración,66-91,0,0,,
1337,160,100,101,Adorno de pared,R1,33.27,12,2024-06-02,1,Decoración,25-66,0,0,,
151,30,100,102,Adorno de pared,R2,76.92,6,2024-01-19,1,Decoración,66-91,0,0,,
185,80,100,101,Adorno de pared,R1,51.56,5,2024-01-23,1,Decoración,25-66,0,0,,
1372,740,100,103,Adorno de pared,R3,103.19,9,2024-06-06,1,Decoración,91-120,0,0,,
811,340,100,101,Adorno de pared,R1,49.3,2,2024-04-04,1,Decoración,25-66,0,0,,
812,400,100,101,Adorno de pared,R1,33.1,1,2024-04-04,1,Decoración,25-66,0,0,,
1374,890,100,103,Adorno de pared,R3,91.85,6,2024-06-06,1,Decoración,91-120,0,0,,
752,730,100,103,Adorno de pared,R3,103.9,8,2024-03-28,1,Decoración,91-120,0,0,,
1390,910,100,101,Adorno de pared,R1,47.55,3,2024-06-08,1,Decoración,25-66,0,0,,
141,430,100,102,Adorno de pared,R2,81.76,5,2024-01-18,1,Decoración,66-91,0,0,,
2536,610,100,101,Adorno de pared,R1,27.89,8,2024-11-04,1,Decoración,25-66,0,0,,
1409,810,100,103,Adorno de pared,R3,105.57,7,2024-06-11,1,Decoración,91-120,0,0,,
825,300,100,102,Adorno de pared,R2,67.75,9,2024-04-06,1,Decoración,66-91,0,0,,
2502,190,100,101,Adorno de pared,R1,36.08,10,2024-10-30,1,Decoración,25-66,0,0,,
1212,920,100,101,Adorno de pared,R1,39.6,8,2024-05-18,1,Decoración,25-66,0,0,,
1428,350,100,102,Adorno de pared,R2,79.48,12,2024-06-13,1,Decoración,66-91,0,0,,
1435,90,100,103,Adorno de pared,R3,119.3,2,2024-06-14,1,Decoración,91-120,0,0,,
1191,660,100,102,Adorno de pared,R2,71.13,9,2024-05-16,1,Decoración,66-91,0,0,,
221,310,100,103,Adorno de pared,R3,103.79,2,2024-01-27,1,Decoración,91-120,0,0,,
720,210,100,102,Adorno de pared,R2,71.67,4,2024-03-24,1,Decoración,66-91,0,0,,
708,270,100,103,Adorno de pared,R3,96.59,6,2024-03-22,1,Decoración,91-120,0,0,,
625,820,100,101,Adorno de pared,R1,36.55,3,2024-03-14,1,Decoración,25-66,0,0,,
304,40,100,103,Adorno de pared,R3,100.32,10,2024-02-05,1,Decoración,91-120,0,0,,
2919,800,100,103,Adorno de pared,R3,116.74,3,2024-12-21,1,Decoración,91-120,0,0,,
574,470,100,101,Adorno de pared,R1,34.68,5,2024-03-09,1,Decoración,25-66,0,0,,
38,560,100,101,Adorno de pared,R1,57.62,6,2024-01-07,1,Decoración,25-66,0,0,,
2881,370,100,103,Adorno de pared,R3,93.19,8,2024-12-16,1,Decoración,91-120,0,0,,
1798,860,100,101,Adorno de pared,R1,49.28,9,2024-08-01,1,Decoración,25-66,0,0,,
541,140,100,101,Adorno de pared,R1,44.91,1,2024-03-05,1,Decoración,25-66,0,0,,
435,720,100,102,Adorno de pared,R2,90.05,1,2024-02-21,1,Decoración,66-91,0,0,,
2049,280,100,101,Adorno de pared,R1,29.81,9,2024-09-01,1,Decoración,25-66,0,0,,
531,760,100,102,Adorno de pared,R2,77.65,1,2024-03-03,1,Decoración,66-91,0,0,,
2016,480,100,103,Adorno de pared,R3,117.68,10,2024-08-28,1,Decoración,91-120,0,0,,
995,320,100,101,Adorno de pared,R1,37.38,6,2024-04-25,1,Decoración,25-66,0,0,,
1982,450,100,102,Adorno de pared,R2,79.85,6,2024-08-24,1,Decoración,66-91,0,0,,
1756,290,100,103,Adorno de pared,R3,100.5,12,2024-07-27,1,Decoración,91-120,0,0,,
17,630,100,102,Adorno de pared,R2,71.99,9,2024-01-04,1,Decoración,66-91,0,0,,
2949,120,100,101,Adorno de pared,R1,64.26,6,2024-12-25,1,Decoración,25-66,0,0,,
1972,230,100,102,Adorno de pared,R2,88.01,1,2024-08-23,1,Decoración,66-91,0,0,,
466,930,100,102,Adorno de pared,R2,75.13,6,2024-02-24,1,Decoración,66-91,0,0,,
1962,490,100,103,Adorno de pared,R3,108.27,8,2024-08-22,1,Decoración,91-120,0,0,,
1951,940,100,102,Adorno de pared,R2,67.34,4,2024-08-21,1,Decoración,66-91,0,0,,
1942,710,100,102,Adorno de pared,R2,78.73,11,2024-08-20,1,Decoración,66-91,0,0,,
1939,540,100,103,Adorno de pared,R3,110.5,3,2024-08-20,1,Decoración,91-120,0,0,,
1937,180,100,103,Adorno de pared,R3,118.38,11,2024-08-20,1,Decoración,91-120,0,0,,
2980,240,100,102,Adorno de pared,R2,81.02,7,2024-12-29,1,Decoración,66-91,0,0,,
497,150,100,101,Adorno de pared,R1,27.92,5,2024-02-28,1,Decoración,25-66,0,0,,
1915,170,100,101,Adorno de pared,R1,36.04,11,2024-08-16,1,Decoración,25-66,0,0,,
1885,700,100,101,Adorno de pared,R1,41.59,1,2024-08-12,1,Decoración,25-66,0,0,,
2195,900,100,102,Adorno de pared,R2,78.06,9,2024-09-19,1,Decoración,66-91,0,0,,
1301,510,100,102,Adorno de pared,R2,79.02,5,2024-05-28,1,Decoración,66-91,0,0,,
2232,750,100,103,Adorno de pared,R3,108.77,2,2024-09-25,1,Decoración,91-120,0,0,,
2226,960,100,101,Adorno de pared,R1,56.56,8,2024-09-24,1,Decoración,25-66,0,0,,
2225,580,100,101,Adorno de pared,R1,41.81,12,2024-09-24,1,Decoración,25-66,0,0,,
347,840,100,103,Adorno de pared,R3,91.48,9,2024-02-10,1,Decoración,91-120,0,0,,
2884,980,100,102,Adorno de pared,R2,75.85,6,2024-12-16,1,Decoración,66-91,0,0,,
2211,250,100,103,Adorno de pared,R3,104.58,7,2024-09-22,1,Decoración,91-120,0,0,,
1065,100,100,103,Adorno de pared,R3,112.16,8,2024-05-02,1,Decoración,91-120,0,0,,
1668,200,100,103,Adorno de pared,R3,110.4,5,2024-07-16,1,Decoración,91-120,0,0,,
1720,870,100,102,Adorno de pared,R2,85.11,4,2024-07-22,1,Decoración,66-91,0,0,,
366,970,100,101,Adorno de pared,R1,37.5,3,2024-02-12,1,Decoración,25-66,0,0,,
357,205,110,113,Alfombra,R3,108.67,4,2024-02-11,1,Decoración,89-125,0,0,,
1871,295,110,111,Alfombra,R1,38.83,10,2024-08-10,1,Decoración,28-54,0,0,,
1599,965,110,112,Alfombra,R2,75.3,4,2024-07-07,1,Decoración,54-89,0,0,,
1998,675,110,112,Alfombra,R2,64.25,10,2024-08-26,1,Decoración,54-89,0,0,,
1693,155,110,112,Alfombra,R2,79.26,10,2024-07-19,1,Decoración,54-89,0,0,,
2525,5,110,112,Alfombra,R2,70.1,4,2024-11-02,1,Decoración,54-89,0,0,,
2040,325,110,112,Alfombra,R2,84.56,3,2024-08-31,1,Decoración,54-89,0,0,,
202,85,110,112,Alfombra,R2,71.14,2,2024-01-25,1,Decoración,54-89,0,0,,
731,595,110,112,Alfombra,R2,83.25,1,2024-03-25,1,Decoración,54-89,0,0,,
2527,605,110,113,Alfombra,R3,120.49,6,2024-11-02,1,Decoración,89-125,0,0,,
2281,705,110,111,Alfombra,R1,49.89,3,2024-09-30,1,Decoración,28-54,0,0,,
2279,565,110,112,Alfombra,R2,55.34,2,2024-09-30,1,Decoración,54-89,0,0,,
2277,415,110,112,Alfombra,R2,63.4,5,2024-09-30,1,Decoración,54-89,0,0,,
289,695,110,111,Alfombra,R1,51.29,2,2024-02-03,1,Decoración,28-54,0,0,,
1974,955,110,113,Alfombra,R3,93.23,7,2024-08-23,1,Decoración,89-125,0,0,,
2556,825,110,111,Alfombra,R1,34.7,1,2024-11-07,1,Decoración,28-54,0,0,,
1595,215,110,112,Alfombra,R2,73.11,3,2024-07-07,1,Decoración,54-89,0,0,,
2249,445,110,112,Alfombra,R2,70.36,12,2024-09-27,1,Decoración,54-89,0,0,,
2276,385,110,112,Alfombra,R2,86.29,3,2024-09-30,1,Decoración,54-89,0,0,,
324,895,110,113,Alfombra,R3,102.72,2,2024-02-07,1,Decoración,89-125,0,0,,
331,745,110,111,Alfombra,R1,50.02,12,2024-02-08,1,Decoración,28-54,0,0,,
1324,995,110,113,Alfombra,R3,109.03,10,2024-05-31,1,Decoración,89-125,0,0,,
1935,115,110,112,Alfombra,R2,54.17,6,2024-08-20,1,Decoración,54-89,0,0,,
2593,545,110,111,Alfombra,R1,43.63,1,2024-11-11,1,Decoración,28-54,0,0,,
1642,55,110,111,Alfombra,R1,53.54,12,2024-07-13,1,Decoración,28-54,0,0,,
1657,105,110,111,Alfombra,R1,43.53,9,2024-07-15,1,Decoración,28-54,0,0,,
496,95,110,112,Alfombra,R2,87.85,2,2024-02-28,1,Decoración,54-89,0,0,,
787,45,110,112,Alfombra,R2,72.91,1,2024-04-02,1,Decoración,54-89,0,0,,
2552,875,110,111,Alfombra,R1,36.34,5,2024-11-06,1,Decoración,28-54,0,0,,
463,365,110,112,Alfombra,R2,58.82,9,2024-02-24,1,Decoración,54-89,0,0,,
532,985,110,113,Alfombra,R3,118.35,3,2024-03-03,1,Decoración,89-125,0,0,,
1461,625,110,113,Alfombra,R3,124.91,3,2024-06-18,1,Decoración,89-125,0,0,,
1560,795,110,113,Alfombra,R3,124.05,10,2024-07-02,1,Decoración,89-125,0,0,,
670,505,110,113,Alfombra,R3,96.21,11,2024-03-18,1,Decoración,89-125,0,0,,
2378,725,110,113,Alfombra,R3,111.36,11,2024-10-12,1,Decoración,89-125,0,0,,
1559,735,110,111,Alfombra,R1,47.63,5,2024-07-02,1,Decoración,28-54,0,0,,
598,615,110,112,Alfombra,R2,65.09,5,2024-03-11,1,Decoración,54-89,0,0,,
1553,585,110,112,Alfombra,R2,72.74,3,2024-07-01,1,Decoración,54-89,0,0,,
1535,125,110,113,Alfombra,R3,92.8,2,2024-06-29,1,Decoración,89-125,0,0,,
1771,845,110,111,Alfombra,R1,46.7,3,2024-07-29,1,Decoración,28-54,0,0,,
576,805,110,111,Alfombra,R1,48.99,8,2024-03-09,1,Decoración,28-54,0,0,,
575,685,110,113,Alfombra,R3,102.81,9,2024-03-09,1,Decoración,89-125,0,0,,
406,275,110,111,Alfombra,R1,36.14,8,2024-02-18,1,Decoración,28-54,0,0,,
690,855,110,111,Alfombra,R1,48.79,11,2024-03-20,1,Decoración,28-54,0,0,,
1570,865,110,112,Alfombra,R2,80.74,6,2024-07-03,1,Decoración,54-89,0,0,,
1513,815,110,113,Alfombra,R3,124.88,7,2024-06-26,1,Decoración,89-125,0,0,,
2409,355,110,113,Alfombra,R3,124.48,4,2024-10-17,1,Decoración,89-125,0,0,,
2134,935,110,113,Alfombra,R3,97.17,5,2024-09-12,1,Decoración,89-125,0,0,,
567,435,110,113,Alfombra,R3,97.14,1,2024-03-08,1,Decoración,89-125,0,0,,
2476,835,110,112,Alfombra,R2,85.65,6,2024-10-27,1,Decoración,54-89,0,0,,
2475,755,110,111,Alfombra,R1,27.68,3,2024-10-27,1,Decoración,28-54,0,0,,
2473,25,110,111,Alfombra,R1,38.69,1,2024-10-27,1,Decoración,28-54,0,0,,
1582,335,110,111,Alfombra,R1,38.03,1,2024-07-05,1,Decoración,28-54,0,0,,
2607,655,110,113,Alfombra,R3,124.49,11,2024-11-13,1,Decoración,89-125,0,0,,
709,645,110,111,Alfombra,R1,36.17,1,2024-03-22,1,Decoración,28-54,0,0,,
1454,485,110,113,Alfombra,R3,113.9,2,2024-06-17,1,Decoración,89-125,0,0,,
1818,525,110,111,Alfombra,R1,29.53,12,2024-08-03,1,Decoración,28-54,0,0,,
1807,535,110,113,Alfombra,R3,115.82,1,2024-08-02,1,Decoración,89-125,0,0,,
557,635,110,111,Alfombra,R1,44.66,7,2024-03-07,1,Decoración,28-54,0,0,,
2083,515,110,111,Alfombra,R1,34.54,10,2024-09-06,1,Decoración,28-54,0,0,,
1576,165,110,113,Alfombra,R3,110.83,2,2024-07-04,1,Decoración,89-125,0,0,,
2084,665,110,112,Alfombra,R2,60.18,7,2024-09-06,1,Decoración,54-89,0,0,,
696,195,110,113,Alfombra,R3,115.12,12,2024-03-21,1,Decoración,89-125,0,0,,
707,65,110,112,Alfombra,R2,63.14,2,2024-03-22,1,Decoración,54-89,0,0,,
343,135,110,112,Alfombra,R2,78.47,1,2024-02-10,1,Decoración,54-89,0,0,,
1949,35,110,112,Alfombra,R2,65.8,11,2024-08-21,1,Decoración,54-89,0,0,,
1269,465,110,112,Alfombra,R2,76.75,2,2024-05-24,1,Decoración,54-89,0,0,,
2692,785,110,113,Alfombra,R3,97.3,5,2024-11-23,1,Decoración,89-125,0,0,,
1221,405,110,111,Alfombra,R1,33.36,10,2024-05-19,1,Decoración,28-54,0,0,,
2711,225,110,111,Alfombra,R1,28.53,6,2024-11-26,1,Decoración,28-54,0,0,,
837,345,110,112,Alfombra,R2,56.78,9,2024-04-07,1,Decoración,54-89,0,0,,
2726,715,110,111,Alfombra,R1,32.65,3,2024-11-27,1,Decoración,28-54,0,0,,
2752,775,110,113,Alfombra,R3,111.87,7,2024-11-30,1,Decoración,89-125,0,0,,
1156,495,110,113,Alfombra,R3,90.94,12,2024-05-12,1,Decoración,89-125,0,0,,
2789,555,110,113,Alfombra,R3,97.75,9,2024-12-04,1,Decoración,89-125,0,0,,
2798,175,110,113,Alfombra,R3,108.47,2,2024-12-05,1,Decoración,89-125,0,0,,
2799,455,110,112,Alfombra,R2,82.6,11,2024-12-05,1,Decoración,54-89,0,0,,
1109,915,110,111,Alfombra,R1,43.37,11,2024-05-06,1,Decoración,28-54,0,0,,
2828,265,110,112,Alfombra,R2,66.72,12,2024-12-10,1,Decoración,54-89,0,0,,
69,315,110,113,Alfombra,R3,122.07,9,2024-01-10,1,Decoración,89-125,0,0,,
897,285,110,113,Alfombra,R3,107.8,7,2024-04-14,1,Decoración,89-125,0,0,,
1057,475,110,113,Alfombra,R3,120.18,3,2024-05-01,1,Decoración,89-125,0,0,,
908,185,110,111,Alfombra,R1,45.21,6,2024-04-15,1,Decoración,28-54,0,0,,
1049,975,110,111,Alfombra,R1,28.96,5,2024-04-30,1,Decoración,28-54,0,0,,
1047,255,110,112,Alfombra,R2,68.38,7,2024-04-30,1,Decoración,54-89,0,0,,
2901,75,110,112,Alfombra,R2,65.48,5,2024-12-18,1,Decoración,54-89,0,0,,
2912,15,110,111,Alfombra,R1,47.77,6,2024-12-20,1,Decoración,28-54,0,0,,
1018,375,110,112,Alfombra,R2,70.93,8,2024-04-27,1,Decoración,54-89,0,0,,
1006,765,110,112,Alfombra,R2,72.71,1,2024-04-26,1,Decoración,54-89,0,0,,
987,945,110,112,Alfombra,R2,60.74,12,2024-04-24,1,Decoración,54-89,0,0,,
940,925,110,111,Alfombra,R1,52.55,11,2024-04-18,1,Decoración,28-54,0,0,,
972,305,110,113,Alfombra,R3,91.25,2,2024-04-22,1,Decoración,89-125,0,0,,
946,905,110,113,Alfombra,R3,112.82,9,2024-04-19,1,Decoración,89-125,0,0,,
2989,235,110,113,Alfombra,R3,112.51,6,2024-12-30,1,Decoración,89-125,0,0,,
824,145,110,111,Alfombra,R1,41.72,8,2024-04-06,1,Decoración,28-54,0,0,,
1222,575,110,113,Alfombra,R3,110.42,11,2024-05-19,1,Decoración,89-125,0,0,,
1919,245,110,111,Alfombra,R1,44.82,11,2024-08-17,1,Decoración,28-54,0,0,,
2613,885,110,113,Alfombra,R3,97.56,1,2024-11-14,1,Decoración,89-125,0,0,,
155,395,110,111,Alfombra,R1,33.48,12,2024-01-19,1,Decoración,28-54,0,0,,
1251,425,110,111,Alfombra,R1,45.68,10,2024-05-22,1,Decoración,28-54,0,0,,
1392,1474,120,122,Aspiradora,R2,91.09,11,2024-06-08,2,Electrodomésticos,64-93,0,0,,
65,1584,120,123,Aspiradora,R3,99.58,7,2024-01-09,2,Electrodomésticos,93-125,0,0,,
2874,1834,120,121,Aspiradora,R1,51.5,6,2024-12-15,2,Electrodomésticos,26-64,0,0,,
1662,1494,120,122,Aspiradora,R2,82.5,6,2024-07-15,2,Electrodomésticos,64-93,0,0,,
1664,1604,120,123,Aspiradora,R3,99.9,8,2024-07-15,2,Electrodomésticos,93-125,0,0,,
2251,1674,120,121,Aspiradora,R1,40.59,8,2024-09-27,2,Electrodomésticos,26-64,0,0,,
349,1294,120,121,Aspiradora,R1,26.11,9,2024-02-10,2,Electrodomésticos,26-64,0,0,,
1673,1824,120,121,Aspiradora,R1,44.78,12,2024-07-16,2,Electrodomésticos,26-64,0,0,,
1688,1614,120,121,Aspiradora,R1,56.92,7,2024-07-18,2,Electrodomésticos,26-64,0,0,,
1690,1714,120,122,Aspiradora,R2,75.51,12,2024-07-18,2,Electrodomésticos,64-93,0,0,,
53,1734,120,121,Aspiradora,R1,50.86,4,2024-01-08,2,Electrodomésticos,26-64,0,0,,
913,1134,120,122,Aspiradora,R2,69.06,11,2024-04-15,2,Electrodomésticos,64-93,0,0,,
1705,1364,120,122,Aspiradora,R2,68.72,11,2024-07-20,2,Electrodomésticos,64-93,0,0,,
2897,1504,120,121,Aspiradora,R1,42.52,2,2024-12-17,2,Electrodomésticos,26-64,0,0,,
2268,1704,120,123,Aspiradora,R3,111.82,9,2024-09-29,2,Electrodomésticos,93-125,0,0,,
1081,1004,120,123,Aspiradora,R3,107,8,2024-05-03,2,Electrodomésticos,93-125,0,0,,
75,1464,120,121,Aspiradora,R1,36.38,5,2024-01-10,2,Electrodomésticos,26-64,0,0,,
915,1454,120,121,Aspiradora,R1,51.46,4,2024-04-15,2,Electrodomésticos,26-64,0,0,,
2387,1034,120,121,Aspiradora,R1,44.82,2,2024-10-13,2,Electrodomésticos,26-64,0,0,,
673,1384,120,122,Aspiradora,R2,80.38,9,2024-03-18,2,Electrodomésticos,64-93,0,0,,
1110,1304,120,123,Aspiradora,R3,99.07,8,2024-05-06,2,Electrodomésticos,93-125,0,0,,
2806,1194,120,121,Aspiradora,R1,56.97,1,2024-12-06,2,Electrodomésticos,26-64,0,0,,
2360,1724,120,123,Aspiradora,R3,95.89,1,2024-10-10,2,Electrodomésticos,93-125,0,0,,
2343,1204,120,122,Aspiradora,R2,87.88,2,2024-10-08,2,Electrodomésticos,64-93,0,0,,
2819,1264,120,123,Aspiradora,R3,114.28,6,2024-12-08,2,Electrodomésticos,93-125,0,0,,
298,1424,120,122,Aspiradora,R2,69.31,10,2024-02-04,2,Electrodomésticos,64-93,0,0,,
662,1164,120,123,Aspiradora,R3,102.32,2,2024-03-17,2,Electrodomésticos,93-125,0,0,,
82,1234,120,121,Aspiradora,R1,36.89,7,2024-01-11,2,Electrodomésticos,26-64,0,0,,
1101,1484,120,122,Aspiradora,R2,79.74,6,2024-05-05,2,Electrodomésticos,64-93,0,0,,
883,1394,120,122,Aspiradora,R2,68.73,5,2024-04-12,2,Electrodomésticos,64-93,0,0,,
312,1064,120,122,Aspiradora,R2,65,9,2024-02-06,2,Electrodomésticos,64-93,0,0,,
2287,1644,120,123,Aspiradora,R3,123.36,11,2024-09-30,2,Electrodomésticos,93-125,0,0,,
2846,1414,120,122,Aspiradora,R2,85.23,10,2024-12-12,2,Electrodomésticos,64-93,0,0,,
1630,1884,120,123,Aspiradora,R3,94.69,4,2024-07-11,2,Electrodomésticos,93-125,0,0,,
602,1934,120,121,Aspiradora,R1,42.94,2,2024-03-11,2,Electrodomésticos,26-64,0,0,,
176,1754,120,123,Aspiradora,R3,104.86,8,2024-01-21,2,Electrodomésticos,93-125,0,0,,
1725,1444,120,123,Aspiradora,R3,118.58,2,2024-07-23,2,Electrodomésticos,93-125,0,0,,
1867,1654,120,122,Aspiradora,R2,83.9,1,2024-08-09,2,Electrodomésticos,64-93,0,0,,
1986,1114,120,122,Aspiradora,R2,86.38,10,2024-08-24,2,Electrodomésticos,64-93,0,0,,
1985,1074,120,121,Aspiradora,R1,31.76,8,2024-08-24,2,Electrodomésticos,26-64,0,0,,
2946,1794,120,121,Aspiradora,R1,61.8,12,2024-12-24,2,Electrodomésticos,26-64,0,0,,
513,1984,120,122,Aspiradora,R2,88.95,11,2024-02-29,2,Electrodomésticos,64-93,0,0,,
12,1814,120,122,Aspiradora,R2,70.91,2,2024-01-03,2,Electrodomésticos,64-93,0,0,,
1893,1514,120,122,Aspiradora,R2,82.69,3,2024-08-13,2,Electrodomésticos,64-93,0,0,,
10,1374,120,123,Aspiradora,R3,95.9,5,2024-01-03,2,Electrodomésticos,93-125,0,0,,
1953,1124,120,122,Aspiradora,R2,92.55,4,2024-08-21,2,Electrodomésticos,64-93,0,0,,
2623,1564,120,121,Aspiradora,R1,60.8,1,2024-11-15,2,Electrodomésticos,26-64,0,0,,
947,1224,120,123,Aspiradora,R3,110.58,4,2024-04-19,2,Electrodomésticos,93-125,0,0,,
1899,1054,120,122,Aspiradora,R2,86.59,2,2024-08-14,2,Electrodomésticos,64-93,0,0,,
943,1914,120,122,Aspiradora,R2,92.52,1,2024-04-18,2,Electrodomésticos,64-93,0,0,,
2975,1274,120,123,Aspiradora,R3,124.15,9,2024-12-28,2,Electrodomésticos,93-125,0,0,,
1912,1894,120,121,Aspiradora,R1,55.65,5,2024-08-15,2,Electrodomésticos,26-64,0,0,,
2020,1994,120,123,Aspiradora,R3,109.08,7,2024-08-28,2,Electrodomésticos,93-125,0,0,,
1349,1664,120,122,Aspiradora,R2,69.63,12,2024-06-02,2,Electrodomésticos,64-93,0,0,,
1855,1284,120,121,Aspiradora,R1,31.94,7,2024-08-07,2,Electrodomésticos,26-64,0,0,,
1841,1174,120,122,Aspiradora,R2,69.14,8,2024-08-05,2,Electrodomésticos,64-93,0,0,,
2184,1044,120,121,Aspiradora,R1,47.53,1,2024-09-17,2,Electrodomésticos,26-64,0,0,,
44,1524,120,122,Aspiradora,R2,65.55,8,2024-01-07,2,Electrodomésticos,64-93,0,0,,
579,1844,120,122,Aspiradora,R2,86.29,12,2024-03-09,2,Electrodomésticos,64-93,0,0,,
1034,1964,120,121,Aspiradora,R1,52.92,10,2024-04-28,2,Electrodomésticos,26-64,0,0,,
402,1924,120,121,Aspiradora,R1,38.1,9,2024-02-17,2,Electrodomésticos,26-64,0,0,,
2914,1624,120,121,Aspiradora,R1,28.64,9,2024-12-20,2,Electrodomésticos,26-64,0,0,,
2127,1404,120,122,Aspiradora,R2,76.1,11,2024-09-11,2,Electrodomésticos,64-93,0,0,,
569,1434,120,121,Aspiradora,R1,60.42,11,2024-03-08,2,Electrodomésticos,26-64,0,0,,
2114,1954,120,122,Aspiradora,R2,79.88,3,2024-09-09,2,Electrodomésticos,64-93,0,0,,
1790,1944,120,121,Aspiradora,R1,55.59,1,2024-07-31,2,Electrodomésticos,26-64,0,0,,
2100,1184,120,122,Aspiradora,R2,69.85,3,2024-09-08,2,Electrodomésticos,64-93,0,0,,
2920,1594,120,121,Aspiradora,R1,46.9,8,2024-12-21,2,Electrodomésticos,26-64,0,0,,
1021,1804,120,121,Aspiradora,R1,43.25,7,2024-04-27,2,Electrodomésticos,26-64,0,0,,
1801,1854,120,123,Aspiradora,R3,103.99,8,2024-08-01,2,Electrodomésticos,93-125,0,0,,
925,1864,120,121,Aspiradora,R1,54.94,3,2024-04-16,2,Electrodomésticos,26-64,0,0,,
2054,1684,120,121,Aspiradora,R1,58.65,2,2024-09-01,2,Electrodomésticos,26-64,0,0,,
2792,1324,120,123,Aspiradora,R3,106.89,5,2024-12-04,2,Electrodomésticos,93-125,0,0,,
2651,1314,120,122,Aspiradora,R2,86.12,6,2024-11-18,2,Electrodomésticos,64-93,0,0,,
327,1554,120,123,Aspiradora,R3,124.82,3,2024-02-07,2,Electrodomésticos,93-125,0,0,,
1421,1154,120,123,Aspiradora,R3,95.11,4,2024-06-12,2,Electrodomésticos,93-125,0,0,,
2413,1534,120,123,Aspiradora,R3,96.98,8,2024-10-18,2,Electrodomésticos,93-125,0,0,,
831,1784,120,123,Aspiradora,R3,115.24,3,2024-04-06,2,Electrodomésticos,93-125,0,0,,
2416,1574,120,122,Aspiradora,R2,92.59,10,2024-10-19,2,Electrodomésticos,64-93,0,0,,
2488,1144,120,123,Aspiradora,R3,98.46,7,2024-10-28,2,Electrodomésticos,93-125,0,0,,
832,1974,120,122,Aspiradora,R2,87.32,7,2024-04-06,2,Electrodomésticos,64-93,0,0,,
724,1904,120,123,Aspiradora,R3,102.92,5,2024-03-24,2,Electrodomésticos,93-125,0,0,,
262,1254,120,122,Aspiradora,R2,74.11,11,2024-01-31,2,Electrodomésticos,64-93,0,0,,
1369,1334,120,121,Aspiradora,R1,43.21,7,2024-06-05,2,Electrodomésticos,26-64,0,0,,
224,1744,120,121,Aspiradora,R1,28.79,12,2024-01-27,2,Electrodomésticos,26-64,0,0,,
2480,1094,120,123,Aspiradora,R3,115.5,8,2024-10-27,2,Electrodomésticos,93-125,0,0,,
2717,1544,120,122,Aspiradora,R2,87.56,8,2024-11-26,2,Electrodomésticos,64-93,0,0,,
2746,1634,120,123,Aspiradora,R3,94.2,12,2024-11-29,2,Electrodomésticos,93-125,0,0,,
2442,1214,120,123,Aspiradora,R3,121.66,3,2024-10-23,2,Electrodomésticos,93-125,0,0,,
2464,1354,120,121,Aspiradora,R1,55.17,4,2024-10-26,2,Electrodomésticos,26-64,0,0,,
2453,1014,120,123,Aspiradora,R3,106.17,12,2024-10-25,2,Electrodomésticos,93-125,0,0,,
1489,1084,120,123,Aspiradora,R3,119.83,7,2024-06-23,2,Electrodomésticos,93-125,0,0,,
854,1344,120,121,Aspiradora,R1,34.1,3,2024-04-09,2,Electrodomésticos,26-64,0,0,,
1466,1244,120,123,Aspiradora,R3,103.91,4,2024-06-19,2,Electrodomésticos,93-125,0,0,,
1234,1104,120,122,Aspiradora,R2,76.2,5,2024-05-20,2,Electrodomésticos,64-93,0,0,,
1236,1694,120,122,Aspiradora,R2,79.23,9,2024-05-20,2,Electrodomésticos,64-93,0,0,,
743,1874,120,122,Aspiradora,R2,78.77,1,2024-03-26,2,Electrodomésticos,64-93,0,0,,
271,1764,120,123,Aspiradora,R3,112.38,10,2024-02-01,2,Electrodomésticos,93-125,0,0,,
1244,1024,120,121,Aspiradora,R1,35.94,11,2024-05-21,2,Electrodomésticos,26-64,0,0,,
2675,1774,120,123,Aspiradora,R3,120.8,3,2024-11-20,2,Electrodomésticos,93-125,0,0,,
397,2825,130,131,Auriculares,R1,39.92,4,2024-02-16,3,Electrónica,26-58,0,0,,
2151,2805,130,131,Auriculares,R1,32.81,7,2024-09-13,3,Electrónica,26-58,0,0,,
2150,2795,130,132,Auriculares,R2,71.49,5,2024-09-13,3,Electrónica,58-93,0,0,,
2642,2074,130,132,Auriculares,R2,70.55,1,2024-11-17,3,Electrónica,58-93,0,0,,
1180,2635,130,133,Auriculares,R3,96.21,11,2024-05-14,3,Electrónica,93-125,0,0,,
404,2255,130,132,Auriculares,R2,72.37,8,2024-02-17,3,Electrónica,58-93,0,0,,
950,2095,130,133,Auriculares,R3,117.6,3,2024-04-19,3,Electrónica,93-125,0,0,,
1729,2524,130,132,Auriculares,R2,74.77,7,2024-07-23,3,Electrónica,58-93,0,0,,
46,2174,130,133,Auriculares,R3,116.04,11,2024-01-07,3,Electrónica,93-125,0,0,,
1024,2465,130,133,Auriculares,R3,93.52,3,2024-04-27,3,Electrónica,93-125,0,0,,
1783,2475,130,132,Auriculares,R2,78.96,1,2024-07-30,3,Electrónica,58-93,0,0,,
226,2165,130,131,Auriculares,R1,47.24,9,2024-01-27,3,Electrónica,26-58,0,0,,
2740,2675,130,132,Auriculares,R2,75.36,6,2024-11-28,3,Electrónica,58-93,0,0,,
951,2375,130,132,Auriculares,R2,73.7,10,2024-04-19,3,Electrónica,58-93,0,0,,
1028,2645,130,133,Auriculares,R3,122.64,10,2024-04-27,3,Electrónica,93-125,0,0,,
405,2345,130,132,Auriculares,R2,61.61,4,2024-02-17,3,Electrónica,58-93,0,0,,
396,2595,130,132,Auriculares,R2,81.96,2,2024-02-16,3,Electrónica,58-93,0,0,,
2965,2605,130,131,Auriculares,R1,41.66,3,2024-12-26,3,Electrónica,26-58,0,0,,
596,2944,130,131,Auriculares,R1,55.17,4,2024-03-10,3,Electrónica,26-58,0,0,,
759,2585,130,131,Auriculares,R1,47.12,12,2024-03-29,3,Electrónica,26-58,0,0,,
2471,2285,130,131,Auriculares,R1,57.38,1,2024-10-26,3,Electrónica,26-58,0,0,,
1759,2045,130,133,Auriculares,R3,94.17,5,2024-07-27,3,Electrónica,93-125,0,0,,
582,2684,130,132,Auriculares,R2,79.29,6,2024-03-09,3,Electrónica,58-93,0,0,,
2164,2755,130,133,Auriculares,R3,118,8,2024-09-14,3,Electrónica,93-125,0,0,,
583,2694,130,131,Auriculares,R1,51.71,3,2024-03-09,3,Electrónica,26-58,0,0,,
2169,2505,130,132,Auriculares,R2,71.47,7,2024-09-15,3,Electrónica,58-93,0,0,,
1172,2875,130,131,Auriculares,R1,55.41,10,2024-05-13,3,Electrónica,26-58,0,0,,
2617,2374,130,131,Auriculares,R1,55.05,12,2024-11-14,3,Electrónica,26-58,0,0,,
2190,2485,130,133,Auriculares,R3,95.27,8,2024-09-17,3,Electrónica,93-125,0,0,,
383,2154,130,131,Auriculares,R1,45.97,12,2024-02-14,3,Electrónica,26-58,0,0,,
1112,2264,130,132,Auriculares,R2,58.19,6,2024-05-06,3,Electrónica,58-93,0,0,,
395,2304,130,131,Auriculares,R1,44.56,8,2024-02-16,3,Electrónica,26-58,0,0,,
2106,2205,130,132,Auriculares,R2,70.24,6,2024-09-08,3,Electrónica,58-93,0,0,,
985,2993,130,131,Auriculares,R1,38.79,7,2024-04-23,3,Electrónica,26-58,0,0,,
1413,2235,130,132,Auriculares,R2,74.81,12,2024-06-11,3,Electrónica,58-93,0,0,,
132,2935,130,132,Auriculares,R2,80.29,2,2024-01-16,3,Electrónica,58-93,0,0,,
2501,2774,130,131,Auriculares,R1,37.77,7,2024-10-29,3,Electrónica,26-58,0,0,,
2940,2355,130,133,Auriculares,R3,119.48,8,2024-12-23,3,Electrónica,93-125,0,0,,
2944,2905,130,131,Auriculares,R1,40.58,2,2024-12-23,3,Electrónica,26-58,0,0,,
1968,2215,130,133,Auriculares,R3,124.96,8,2024-08-22,3,Electrónica,93-125,0,0,,
1881,2665,130,133,Auriculares,R3,120.36,2,2024-08-11,3,Electrónica,93-125,0,0,,
146,2244,130,132,Auriculares,R2,63.67,5,2024-01-18,3,Electrónica,58-93,0,0,,
211,2735,130,133,Auriculares,R3,93.37,10,2024-01-25,3,Electrónica,93-125,0,0,,
506,2695,130,133,Auriculares,R3,104.59,9,2024-02-28,3,Electrónica,93-125,0,0,,
1412,2065,130,133,Auriculares,R3,108.07,10,2024-06-11,3,Electrónica,93-125,0,0,,
1418,2955,130,133,Auriculares,R3,106.03,7,2024-06-11,3,Electrónica,93-125,0,0,,
1980,2535,130,133,Auriculares,R3,95.54,11,2024-08-23,3,Electrónica,93-125,0,0,,
992,2565,130,131,Auriculares,R1,49.7,3,2024-04-24,3,Electrónica,26-58,0,0,,
2601,2814,130,132,Auriculares,R2,89.91,9,2024-11-11,3,Electrónica,58-93,0,0,,
786,2865,130,132,Auriculares,R2,89.29,2,2024-04-01,3,Electrónica,58-93,0,0,,
1862,2815,130,133,Auriculares,R3,117.07,12,2024-08-08,3,Electrónica,93-125,0,0,,
2693,2194,130,133,Auriculares,R3,102.22,11,2024-11-23,3,Electrónica,93-125,0,0,,
2038,2655,130,131,Auriculares,R1,56.28,9,2024-08-30,3,Electrónica,26-58,0,0,,
2933,2845,130,131,Auriculares,R1,34.64,10,2024-12-22,3,Electrónica,26-58,0,0,,
2088,2405,130,133,Auriculares,R3,109.22,8,2024-09-06,3,Electrónica,93-125,0,0,,
35,2885,130,133,Auriculares,R3,100.4,6,2024-01-06,3,Electrónica,93-125,0,0,,
1947,2575,130,131,Auriculares,R1,39.02,9,2024-08-20,3,Electrónica,26-58,0,0,,
1792,2225,130,132,Auriculares,R2,66.16,7,2024-07-31,3,Electrónica,58-93,0,0,,
2632,2025,130,131,Auriculares,R1,42.93,2,2024-11-16,3,Electrónica,26-58,0,0,,
219,2305,130,131,Auriculares,R1,31.03,9,2024-01-26,3,Electrónica,26-58,0,0,,
1013,2504,130,132,Auriculares,R2,76.65,10,2024-04-26,3,Electrónica,58-93,0,0,,
1463,2765,130,132,Auriculares,R2,63.93,8,2024-06-18,3,Electrónica,58-93,0,0,,
2068,2195,130,133,Auriculares,R3,122.51,11,2024-09-03,3,Electrónica,93-125,0,0,,
476,2175,130,133,Auriculares,R3,117.03,6,2024-02-25,3,Electrónica,93-125,0,0,,
2055,2015,130,132,Auriculares,R2,87.91,5,2024-09-01,3,Electrónica,58-93,0,0,,
1403,2105,130,131,Auriculares,R1,46.74,12,2024-06-09,3,Electrónica,26-58,0,0,,
533,2975,130,131,Auriculares,R1,55.2,10,2024-03-03,3,Electrónica,26-58,0,0,,
929,2615,130,131,Auriculares,R1,46.72,11,2024-04-16,3,Electrónica,26-58,0,0,,
930,2715,130,133,Auriculares,R3,100.58,7,2024-04-16,3,Electrónica,93-125,0,0,,
1261,2895,130,131,Auriculares,R1,53.91,4,2024-05-22,3,Electrónica,26-58,0,0,,
1715,2314,130,132,Auriculares,R2,68.94,9,2024-07-21,3,Electrónica,58-93,0,0,,
28,2155,130,132,Auriculares,R2,84.8,10,2024-01-05,3,Electrónica,58-93,0,0,,
274,2474,130,133,Auriculares,R3,123.41,8,2024-02-01,3,Electrónica,93-125,0,0,,
369,2334,130,131,Auriculares,R1,57.41,4,2024-02-12,3,Electrónica,26-58,0,0,,
2309,2725,130,133,Auriculares,R3,107.61,1,2024-10-03,3,Electrónica,93-125,0,0,,
2304,2915,130,131,Auriculares,R1,33.81,11,2024-10-02,3,Electrónica,26-58,0,0,,
2297,2295,130,131,Auriculares,R1,56.21,2,2024-10-01,3,Electrónica,26-58,0,0,,
2414,2614,130,131,Auriculares,R1,47.88,4,2024-10-18,3,Electrónica,26-58,0,0,,
2841,2144,130,133,Auriculares,R3,100.7,11,2024-12-11,3,Electrónica,93-125,0,0,,
849,2365,130,132,Auriculares,R2,92.91,11,2024-04-08,3,Electrónica,58-93,0,0,,
1087,2985,130,132,Auriculares,R2,58.92,3,2024-05-03,3,Electrónica,58-93,0,0,,
645,2835,130,131,Auriculares,R1,42.5,7,2024-03-15,3,Electrónica,26-58,0,0,,
1588,2265,130,132,Auriculares,R2,82.56,12,2024-07-05,3,Electrónica,58-93,0,0,,
1153,2364,130,133,Auriculares,R3,94.13,10,2024-05-11,3,Electrónica,93-125,0,0,,
1085,2435,130,131,Auriculares,R1,39.55,3,2024-05-03,3,Electrónica,26-58,0,0,,
2850,2734,130,133,Auriculares,R3,95.05,5,2024-12-12,3,Electrónica,93-125,0,0,,
370,2714,130,132,Auriculares,R2,74.7,10,2024-02-12,3,Electrónica,58-93,0,0,,
643,2554,130,133,Auriculares,R3,100.07,11,2024-03-15,3,Electrónica,93-125,0,0,,
2861,2145,130,132,Auriculares,R2,79.28,9,2024-12-14,3,Electrónica,58-93,0,0,,
2274,2925,130,131,Auriculares,R1,26.21,4,2024-09-29,3,Electrónica,26-58,0,0,,
1620,2604,130,133,Auriculares,R3,106.41,3,2024-07-09,3,Electrónica,93-125,0,0,,
328,2584,130,131,Auriculares,R1,42.67,6,2024-02-07,3,Electrónica,26-58,0,0,,
254,2945,130,133,Auriculares,R3,115.2,1,2024-01-30,3,Electrónica,93-125,0,0,,
2563,2335,130,133,Auriculares,R3,108.76,8,2024-11-07,3,Electrónica,93-125,0,0,,
109,2685,130,131,Auriculares,R1,27.36,10,2024-01-14,3,Electrónica,26-58,0,0,,
852,2705,130,132,Auriculares,R2,87.29,2,2024-04-08,3,Electrónica,58-93,0,0,,
1555,2525,130,132,Auriculares,R2,78.62,11,2024-07-01,3,Electrónica,58-93,0,0,,
2658,2274,130,133,Auriculares,R3,114.43,1,2024-11-18,3,Electrónica,93-125,0,0,,
1556,2744,130,132,Auriculares,R2,70.61,1,2024-07-01,3,Electrónica,58-93,0,0,,
675,2454,130,133,Auriculares,R3,101.08,10,2024-03-18,3,Electrónica,93-125,0,0,,
674,2035,130,132,Auriculares,R2,78.28,6,2024-03-18,3,Electrónica,58-93,0,0,,
2388,2075,130,132,Auriculares,R2,75.39,7,2024-10-13,3,Electrónica,58-93,0,0,,
282,2115,130,131,Auriculares,R1,26,9,2024-02-02,3,Electrónica,26-58,0,0,,
1357,2055,130,133,Auriculares,R3,104.83,9,2024-06-03,3,Electrónica,93-125,0,0,,
1104,2445,130,133,Auriculares,R3,93.33,6,2024-05-05,3,Electrónica,93-125,0,0,,
1120,2415,130,131,Auriculares,R1,35.87,5,2024-05-07,3,Electrónica,26-58,0,0,,
872,2785,130,133,Auriculares,R3,122.8,3,2024-04-10,3,Electrónica,93-125,0,0,,
266,2752,130,133,Auriculares,R3,119.77,5,2024-01-31,3,Electrónica,93-125,0,0,,
665,2444,130,132,Auriculares,R2,70.16,11,2024-03-17,3,Electrónica,58-93,0,0,,
265,2185,130,131,Auriculares,R1,35.74,11,2024-01-31,3,Electrónica,26-58,0,0,,
86,2325,130,133,Auriculares,R3,117.43,11,2024-01-11,3,Electrónica,93-125,0,0,,
1140,2974,130,132,Auriculares,R2,79.28,2,2024-05-09,3,Electrónica,58-93,0,0,,
2336,2515,130,133,Auriculares,R3,99.53,1,2024-10-07,3,Electrónica,93-125,0,0,,
301,2315,130,133,Auriculares,R3,109.07,4,2024-02-04,3,Electrónica,93-125,0,0,,
765,2034,130,133,Auriculares,R3,120.46,8,2024-03-30,3,Electrónica,93-125,0,0,,
2756,2385,130,132,Auriculares,R2,92.15,4,2024-11-30,3,Electrónica,58-93,0,0,,
1084,2404,130,133,Auriculares,R3,102.65,4,2024-05-03,3,Electrónica,93-125,0,0,,
1665,2625,130,132,Auriculares,R2,77.33,6,2024-07-15,3,Electrónica,58-93,0,0,,
843,2085,130,133,Auriculares,R3,122.56,6,2024-04-07,3,Electrónica,93-125,0,0,,
715,2634,130,133,Auriculares,R3,124.63,10,2024-03-22,3,Electrónica,93-125,0,0,,
905,2275,130,131,Auriculares,R1,32,1,2024-04-14,3,Electrónica,26-58,0,0,,
1698,2954,130,132,Auriculares,R2,86.93,7,2024-07-19,3,Electrónica,58-93,0,0,,
2447,2914,130,131,Auriculares,R1,26.34,5,2024-10-23,3,Electrónica,26-58,0,0,,
2887,2135,130,131,Auriculares,R1,34.52,4,2024-12-16,3,Electrónica,26-58,0,0,,
1470,2455,130,132,Auriculares,R2,91.06,3,2024-06-19,3,Electrónica,58-93,0,0,,
2246,2994,130,133,Auriculares,R3,94.36,9,2024-09-26,3,Electrónica,93-125,0,0,,
1921,2395,130,132,Auriculares,R2,74.82,11,2024-08-17,3,Electrónica,58-93,0,0,,
242,2245,130,131,Auriculares,R1,53.45,8,2024-01-29,3,Electrónica,26-58,0,0,,
1691,2834,130,132,Auriculares,R2,65.34,4,2024-07-18,3,Electrónica,58-93,0,0,,
1692,2855,130,131,Auriculares,R1,57.89,2,2024-07-18,3,Electrónica,26-58,0,0,,
1696,2555,130,131,Auriculares,R1,37.08,1,2024-07-19,3,Electrónica,26-58,0,0,,
1328,2745,130,132,Auriculares,R2,70.62,7,2024-05-31,3,Electrónica,58-93,0,0,,
1315,2125,130,131,Auriculares,R1,33.47,2,2024-05-29,3,Electrónica,26-58,0,0,,
822,2545,130,131,Auriculares,R1,32.81,11,2024-04-05,3,Electrónica,26-58,0,0,,
2445,2094,130,133,Auriculares,R3,118.97,5,2024-10-23,3,Electrónica,93-125,0,0,,
340,2294,130,131,Auriculares,R1,54.54,9,2024-02-09,3,Electrónica,26-58,0,0,,
1709,2484,130,132,Auriculares,R2,76.32,10,2024-07-20,3,Electrónica,58-93,0,0,,
1707,2184,130,131,Auriculares,R1,31.39,2,2024-07-20,3,Electrónica,26-58,0,0,,
1077,2775,130,133,Auriculares,R3,104.06,11,2024-05-02,3,Electrónica,93-125,0,0,,
250,2005,130,131,Auriculares,R1,56.56,4,2024-01-30,3,Electrónica,26-58,0,0,,
2448,2965,130,132,Auriculares,R2,70.7,11,2024-10-23,3,Electrónica,58-93,0,0,,
1649,2425,130,133,Auriculares,R3,99.13,7,2024-07-13,3,Electrónica,93-125,0,0,,
1655,2495,130,133,Auriculares,R3,107.82,4,2024-07-14,3,Electrónica,93-125,0,0,,
1745,1279,140,141,Batidora,R1,42.67,10,2024-07-25,2,Electrodomésticos,27-65,0,0,,
1721,1249,140,142,Batidora,R2,79.15,10,2024-07-22,2,Electrodomésticos,65-91,0,0,,
1393,1729,140,142,Batidora,R2,72.01,9,2024-06-08,2,Electrodomésticos,65-91,0,0,,
1892,1299,140,143,Batidora,R3,93.1,3,2024-08-13,2,Electrodomésticos,91-126,0,0,,
1314,1719,140,143,Batidora,R3,106.81,10,2024-05-29,2,Electrodomésticos,91-126,0,0,,
875,1109,140,143,Batidora,R3,123.83,12,2024-04-11,2,Electrodomésticos,91-126,0,0,,
1465,1069,140,142,Batidora,R2,87.99,1,2024-06-19,2,Electrodomésticos,65-91,0,0,,
1524,1549,140,143,Batidora,R3,106.44,6,2024-06-27,2,Electrodomésticos,91-126,0,0,,
591,1219,140,141,Batidora,R1,49.37,9,2024-03-10,2,Electrodomésticos,27-65,0,0,,
856,1979,140,142,Batidora,R2,88.23,11,2024-04-09,2,Electrodomésticos,65-91,0,0,,
1706,1909,140,143,Batidora,R3,124.45,5,2024-07-20,2,Electrodomésticos,91-126,0,0,,
504,1839,140,141,Batidora,R1,63.5,3,2024-02-28,2,Electrodomésticos,27-65,0,0,,
502,1669,140,142,Batidora,R2,69.74,8,2024-02-28,2,Electrodomésticos,65-91,0,0,,
870,1919,140,141,Batidora,R1,38.51,9,2024-04-10,2,Electrodomésticos,27-65,0,0,,
1401,1179,140,143,Batidora,R3,123.86,3,2024-06-09,2,Electrodomésticos,91-126,0,0,,
1894,1589,140,141,Batidora,R1,36.18,7,2024-08-13,2,Electrodomésticos,27-65,0,0,,
1563,1799,140,141,Batidora,R1,29.22,2,2024-07-02,2,Electrodomésticos,27-65,0,0,,
922,1629,140,143,Batidora,R3,108.94,6,2024-04-16,2,Electrodomésticos,91-126,0,0,,
1877,1289,140,142,Batidora,R2,76.71,7,2024-08-11,2,Electrodomésticos,65-91,0,0,,
511,1569,140,143,Batidora,R3,122.02,12,2024-02-29,2,Electrodomésticos,91-126,0,0,,
1185,1739,140,141,Batidora,R1,30.74,10,2024-05-15,2,Electrodomésticos,27-65,0,0,,
1082,1439,140,142,Batidora,R2,71.74,9,2024-05-03,2,Electrodomésticos,65-91,0,0,,
568,1229,140,141,Batidora,R1,29.86,4,2024-03-08,2,Electrodomésticos,27-65,0,0,,
1083,1819,140,142,Batidora,R2,87.56,9,2024-05-03,2,Electrodomésticos,65-91,0,0,,
794,1889,140,143,Batidora,R3,121.14,3,2024-04-02,2,Electrodomésticos,91-126,0,0,,
1245,1479,140,143,Batidora,R3,121.07,1,2024-05-21,2,Electrodomésticos,91-126,0,0,,
1334,1929,140,143,Batidora,R3,92.87,10,2024-06-01,2,Electrodomésticos,91-126,0,0,,
1831,1019,140,142,Batidora,R2,73.65,10,2024-08-04,2,Electrodomésticos,65-91,0,0,,
1158,1269,140,141,Batidora,R1,46.78,5,2024-05-12,2,Electrodomésticos,27-65,0,0,,
571,1879,140,142,Batidora,R2,65.59,9,2024-03-08,2,Electrodomésticos,65-91,0,0,,
1160,1789,140,141,Batidora,R1,45.45,12,2024-05-12,2,Electrodomésticos,27-65,0,0,,
1367,1199,140,141,Batidora,R1,58.03,10,2024-06-05,2,Electrodomésticos,27-65,0,0,,
1032,1329,140,141,Batidora,R1,55.84,7,2024-04-28,2,Electrodomésticos,27-65,0,0,,
1007,1119,140,141,Batidora,R1,59.86,3,2024-04-26,2,Electrodomésticos,27-65,0,0,,
650,1099,140,141,Batidora,R1,39.73,11,2024-03-16,2,Electrodomésticos,27-65,0,0,,
1848,1419,140,141,Batidora,R1,60.56,1,2024-08-06,2,Electrodomésticos,27-65,0,0,,
1073,1969,140,142,Batidora,R2,72.9,1,2024-05-02,2,Electrodomésticos,65-91,0,0,,
577,1369,140,141,Batidora,R1,48.8,11,2024-03-09,2,Electrodomésticos,27-65,0,0,,
933,1009,140,143,Batidora,R3,119.03,8,2024-04-17,2,Electrodomésticos,91-126,0,0,,
524,1089,140,141,Batidora,R1,61.72,8,2024-03-02,2,Electrodomésticos,27-65,0,0,,
1868,1809,140,141,Batidora,R1,42.42,4,2024-08-09,2,Electrodomésticos,27-65,0,0,,
1872,1259,140,142,Batidora,R2,71.83,12,2024-08-10,2,Electrodomésticos,65-91,0,0,,
517,1189,140,142,Batidora,R2,82.18,6,2024-03-01,2,Electrodomésticos,65-91,0,0,,
1631,1899,140,142,Batidora,R2,83.64,1,2024-07-11,2,Electrodomésticos,65-91,0,0,,
1758,1829,140,143,Batidora,R3,96.16,1,2024-07-27,2,Electrodomésticos,91-126,0,0,,
663,1209,140,143,Batidora,R3,111.44,3,2024-03-17,2,Electrodomésticos,91-126,0,0,,
590,1169,140,142,Batidora,R2,85.59,5,2024-03-10,2,Electrodomésticos,65-91,0,0,,
948,1459,140,142,Batidora,R2,66.73,8,2024-04-19,2,Electrodomésticos,65-91,0,0,,
233,1999,140,143,Batidora,R3,103.27,3,2024-01-28,2,Electrodomésticos,91-126,0,0,,
2664,1159,140,143,Batidora,R3,111.36,7,2024-11-19,2,Electrodomésticos,91-126,0,0,,
2159,1689,140,143,Batidora,R3,96.25,7,2024-09-14,2,Electrodomésticos,91-126,0,0,,
291,1499,140,142,Batidora,R2,77.53,4,2024-02-03,2,Electrodomésticos,65-91,0,0,,
2672,1079,140,141,Batidora,R1,53.18,2,2024-11-20,2,Electrodomésticos,27-65,0,0,,
2687,1309,140,142,Batidora,R2,68.82,5,2024-11-22,2,Electrodomésticos,65-91,0,0,,
2688,1759,140,142,Batidora,R2,82.06,2,2024-11-22,2,Electrodomésticos,65-91,0,0,,
2754,1769,140,143,Batidora,R3,95.64,2,2024-11-30,2,Electrodomésticos,91-126,0,0,,
2625,1749,140,143,Batidora,R3,107.07,9,2024-11-15,2,Electrodomésticos,91-126,0,0,,
2101,1399,140,143,Batidora,R3,110.91,8,2024-09-08,2,Electrodomésticos,91-126,0,0,,
2073,1149,140,141,Batidora,R1,34.05,8,2024-09-05,2,Electrodomésticos,27-65,0,0,,
106,1599,140,143,Batidora,R3,96.78,12,2024-01-14,2,Electrodomésticos,91-126,0,0,,
426,1409,140,142,Batidora,R2,79.1,4,2024-02-20,2,Electrodomésticos,65-91,0,0,,
2785,1379,140,143,Batidora,R3,103.94,5,2024-12-03,2,Electrodomésticos,91-126,0,0,,
2800,1469,140,143,Batidora,R3,100.43,8,2024-12-05,2,Electrodomésticos,91-126,0,0,,
83,1319,140,142,Batidora,R2,79.98,12,2024-01-11,2,Electrodomésticos,65-91,0,0,,
2845,1029,140,141,Batidora,R1,36.33,5,2024-12-12,2,Electrodomésticos,27-65,0,0,,
2768,1849,140,141,Batidora,R1,30.17,9,2024-12-01,2,Electrodomésticos,27-65,0,0,,
164,1489,140,143,Batidora,R3,95.59,3,2024-01-20,2,Electrodomésticos,91-126,0,0,,
2196,1129,140,142,Batidora,R2,71.39,3,2024-09-19,2,Electrodomésticos,65-91,0,0,,
2197,1389,140,142,Batidora,R2,71.36,9,2024-09-19,2,Electrodomésticos,65-91,0,0,,
2359,1239,140,143,Batidora,R3,94.29,2,2024-10-10,2,Electrodomésticos,91-126,0,0,,
2320,1779,140,143,Batidora,R3,122.12,4,2024-10-05,2,Electrodomésticos,91-126,0,0,,
2312,1709,140,142,Batidora,R2,89.72,10,2024-10-04,2,Electrodomésticos,65-91,0,0,,
2419,1859,140,142,Batidora,R2,81.35,8,2024-10-19,2,Electrodomésticos,65-91,0,0,,
2465,1449,140,142,Batidora,R2,73.18,12,2024-10-26,2,Electrodomésticos,65-91,0,0,,
2481,1349,140,143,Batidora,R3,100.89,5,2024-10-27,2,Electrodomésticos,91-126,0,0,,
2482,1519,140,143,Batidora,R3,101.17,11,2024-10-27,2,Electrodomésticos,91-126,0,0,,
2490,1659,140,143,Batidora,R3,101.49,6,2024-10-28,2,Electrodomésticos,91-126,0,0,,
2267,1679,140,141,Batidora,R1,49.23,12,2024-09-29,2,Electrodomésticos,27-65,0,0,,
335,1529,140,142,Batidora,R2,79.14,10,2024-02-08,2,Electrodomésticos,65-91,0,0,,
2532,1559,140,141,Batidora,R1,59.48,4,2024-11-02,2,Electrodomésticos,27-65,0,0,,
2534,1049,140,141,Batidora,R1,64.32,8,2024-11-03,2,Electrodomésticos,27-65,0,0,,
2587,1619,140,143,Batidora,R3,96.56,3,2024-11-10,2,Electrodomésticos,91-126,0,0,,
2234,1359,140,143,Batidora,R3,121.44,11,2024-09-25,2,Electrodomésticos,91-126,0,0,,
2597,1509,140,141,Batidora,R1,55.25,10,2024-11-11,2,Electrodomésticos,27-65,0,0,,
2214,1949,140,141,Batidora,R1,33.51,5,2024-09-22,2,Electrodomésticos,27-65,0,0,,
2199,1699,140,141,Batidora,R1,48.45,5,2024-09-19,2,Electrodomésticos,27-65,0,0,,
2848,1959,140,142,Batidora,R2,83.12,2,2024-12-12,2,Electrodomésticos,65-91,0,0,,
2860,1579,140,142,Batidora,R2,68.09,5,2024-12-14,2,Electrodomésticos,65-91,0,0,,
2157,1539,140,142,Batidora,R2,77.73,4,2024-09-14,2,Electrodomésticos,65-91,0,0,,
1943,1609,140,142,Batidora,R2,79.45,8,2024-08-20,2,Electrodomésticos,65-91,0,0,,
2886,1989,140,143,Batidora,R3,124.17,7,2024-12-16,2,Electrodomésticos,91-126,0,0,,
2969,1429,140,143,Batidora,R3,103.49,8,2024-12-27,2,Electrodomésticos,91-126,0,0,,
2913,1059,140,141,Batidora,R1,55.79,9,2024-12-20,2,Electrodomésticos,27-65,0,0,,
2984,1139,140,141,Batidora,R1,28.94,10,2024-12-29,2,Electrodomésticos,27-65,0,0,,
2008,1869,140,141,Batidora,R1,46.9,7,2024-08-27,2,Electrodomésticos,27-65,0,0,,
1977,1939,140,142,Batidora,R2,74.11,10,2024-08-23,2,Electrodomésticos,65-91,0,0,,
1927,1339,140,143,Batidora,R3,105.41,1,2024-08-18,2,Electrodomésticos,91-126,0,0,,
1975,1039,140,141,Batidora,R1,55.47,1,2024-08-23,2,Electrodomésticos,27-65,0,0,,
67,1649,140,141,Batidora,R1,39.26,11,2024-01-09,2,Electrodomésticos,27-65,0,0,,
2898,1639,140,142,Batidora,R2,89.35,11,2024-12-17,2,Electrodomésticos,65-91,0,0,,
475,1852,150,152,Cafetera,R2,76,7,2024-02-25,2,Electrodomésticos,61-98,0,0,,
1378,1888,150,151,Cafetera,R1,44.54,4,2024-06-06,2,Electrodomésticos,25-61,0,0,,
1944,1688,150,153,Cafetera,R3,112.14,3,2024-08-20,2,Electrodomésticos,98-126,0,0,,
741,1648,150,152,Cafetera,R2,63.49,7,2024-03-26,2,Electrodomésticos,61-98,0,0,,
189,1592,150,152,Cafetera,R2,86.79,3,2024-01-23,2,Electrodomésticos,61-98,0,0,,
1361,1518,150,151,Cafetera,R1,46.7,2,2024-06-04,2,Electrodomésticos,25-61,0,0,,
2570,1098,150,151,Cafetera,R1,45.95,7,2024-11-08,2,Electrodomésticos,25-61,0,0,,
183,1808,150,151,Cafetera,R1,45.98,3,2024-01-22,2,Electrodomésticos,25-61,0,0,,
204,1378,150,152,Cafetera,R2,96.94,4,2024-01-25,2,Electrodomésticos,61-98,0,0,,
2571,1348,150,153,Cafetera,R3,111.7,10,2024-11-08,2,Electrodomésticos,98-126,0,0,,
1326,1418,150,152,Cafetera,R2,91.72,12,2024-05-31,2,Electrodomésticos,61-98,0,0,,
2939,1728,150,152,Cafetera,R2,75.14,11,2024-12-23,2,Electrodomésticos,61-98,0,0,,
2263,1268,150,152,Cafetera,R2,94.35,12,2024-09-29,2,Electrodomésticos,61-98,0,0,,
2932,1968,150,152,Cafetera,R2,69.28,2,2024-12-22,2,Electrodomésticos,61-98,0,0,,
778,1948,150,153,Cafetera,R3,116.78,6,2024-03-31,2,Electrodomésticos,98-126,0,0,,
177,1882,150,151,Cafetera,R1,51.16,12,2024-01-21,2,Electrodomésticos,25-61,0,0,,
2227,1298,150,151,Cafetera,R1,60.68,6,2024-09-24,2,Electrodomésticos,25-61,0,0,,
608,1248,150,151,Cafetera,R1,30.7,5,2024-03-12,2,Electrodomésticos,25-61,0,0,,
1313,1478,150,153,Cafetera,R3,121.9,2,2024-05-29,2,Electrodomésticos,98-126,0,0,,
468,1558,150,152,Cafetera,R2,68.89,6,2024-02-24,2,Electrodomésticos,61-98,0,0,,
467,1182,150,153,Cafetera,R3,113.84,2,2024-02-24,2,Electrodomésticos,98-126,0,0,,
2606,1908,150,151,Cafetera,R1,55.91,3,2024-11-12,2,Electrodomésticos,25-61,0,0,,
2206,1538,150,153,Cafetera,R3,120.8,7,2024-09-21,2,Electrodomésticos,98-126,0,0,,
2243,1228,150,153,Cafetera,R3,115.89,4,2024-09-26,2,Electrodomésticos,98-126,0,0,,
2264,1408,150,151,Cafetera,R1,56.98,11,2024-09-29,2,Electrodomésticos,25-61,0,0,,
891,1758,150,153,Cafetera,R3,118.03,5,2024-04-13,2,Electrodomésticos,98-126,0,0,,
1653,1078,150,151,Cafetera,R1,38.47,1,2024-07-14,2,Electrodomésticos,25-61,0,0,,
1564,1998,150,153,Cafetera,R3,101.11,7,2024-07-02,2,Electrodomésticos,98-126,0,0,,
492,1988,150,151,Cafetera,R1,49.32,3,2024-02-27,2,Electrodomésticos,25-61,0,0,,
270,1102,150,153,Cafetera,R3,108.33,2,2024-02-01,2,Electrodomésticos,98-126,0,0,,
2399,1308,150,152,Cafetera,R2,96.89,7,2024-10-15,2,Electrodomésticos,61-98,0,0,,
2333,1738,150,151,Cafetera,R1,40.25,3,2024-10-07,2,Electrodomésticos,25-61,0,0,,
1571,1058,150,151,Cafetera,R1,52.48,6,2024-07-03,2,Electrodomésticos,25-61,0,0,,
1573,1958,150,153,Cafetera,R3,115.8,12,2024-07-03,2,Electrodomésticos,98-126,0,0,,
1529,1668,150,153,Cafetera,R3,111.39,12,2024-06-28,2,Electrodomésticos,98-126,0,0,,
1528,1448,150,151,Cafetera,R1,44,4,2024-06-28,2,Electrodomésticos,25-61,0,0,,
2311,1358,150,152,Cafetera,R2,95.67,12,2024-10-04,2,Electrodomésticos,61-98,0,0,,
264,1898,150,152,Cafetera,R2,63.54,9,2024-01-31,2,Electrodomésticos,61-98,0,0,,
314,1848,150,153,Cafetera,R3,123.27,4,2024-02-06,2,Electrodomésticos,98-126,0,0,,
1499,1858,150,151,Cafetera,R1,30.27,4,2024-06-24,2,Electrodomésticos,25-61,0,0,,
629,1978,150,153,Cafetera,R3,104.66,11,2024-03-14,2,Electrodomésticos,98-126,0,0,,
1473,1628,150,151,Cafetera,R1,30.58,2,2024-06-20,2,Electrodomésticos,25-61,0,0,,
238,1452,150,152,Cafetera,R2,88.56,8,2024-01-29,2,Electrodomésticos,61-98,0,0,,
1467,1428,150,152,Cafetera,R2,63.53,11,2024-06-19,2,Electrodomésticos,61-98,0,0,,
2455,1388,150,152,Cafetera,R2,88.66,1,2024-10-25,2,Electrodomésticos,61-98,0,0,,
490,1138,150,152,Cafetera,R2,92.62,8,2024-02-27,2,Electrodomésticos,61-98,0,0,,
2951,1318,150,153,Cafetera,R3,98.58,6,2024-12-25,2,Electrodomésticos,98-126,0,0,,
1462,1288,150,153,Cafetera,R3,124.44,2,2024-06-18,2,Electrodomésticos,98-126,0,0,,
326,1422,150,153,Cafetera,R3,109.97,2,2024-02-07,2,Electrodomésticos,98-126,0,0,,
217,1768,150,153,Cafetera,R3,120.32,9,2024-01-26,2,Electrodomésticos,98-126,0,0,,
934,1118,150,152,Cafetera,R2,67,11,2024-04-17,2,Electrodomésticos,61-98,0,0,,
735,1918,150,151,Cafetera,R1,39.33,10,2024-03-25,2,Electrodomésticos,25-61,0,0,,
500,1272,150,153,Cafetera,R3,100.92,1,2024-02-28,2,Electrodomésticos,98-126,0,0,,
1304,1368,150,152,Cafetera,R2,67.26,7,2024-05-28,2,Electrodomésticos,61-98,0,0,,
2266,1528,150,153,Cafetera,R3,99.75,12,2024-09-29,2,Electrodomésticos,98-126,0,0,,
1472,1018,150,153,Cafetera,R3,121.43,1,2024-06-20,2,Electrodomésticos,98-126,0,0,,
2204,1258,150,152,Cafetera,R2,77.56,6,2024-09-20,2,Electrodomésticos,61-98,0,0,,
789,1008,150,151,Cafetera,R1,42.4,10,2024-04-02,2,Electrodomésticos,25-61,0,0,,
2926,1128,150,152,Cafetera,R2,90.54,2,2024-12-22,2,Electrodomésticos,61-98,0,0,,
1788,1458,150,152,Cafetera,R2,86.92,3,2024-07-31,2,Electrodomésticos,61-98,0,0,,
450,1582,150,151,Cafetera,R1,53.82,7,2024-02-22,2,Electrodomésticos,25-61,0,0,,
889,1048,150,151,Cafetera,R1,58.81,10,2024-04-13,2,Electrodomésticos,25-61,0,0,,
561,1982,150,153,Cafetera,R3,117.43,8,2024-03-07,2,Electrodomésticos,98-126,0,0,,
560,1052,150,151,Cafetera,R1,39.31,11,2024-03-07,2,Electrodomésticos,25-61,0,0,,
449,1508,150,153,Cafetera,R3,124.68,1,2024-02-22,2,Electrodomésticos,98-126,0,0,,
2767,1598,150,153,Cafetera,R3,103.75,5,2024-12-01,2,Electrodomésticos,98-126,0,0,,
1142,1658,150,152,Cafetera,R2,94.79,12,2024-05-10,2,Electrodomésticos,61-98,0,0,,
107,1638,150,153,Cafetera,R3,123.96,9,2024-01-14,2,Electrodomésticos,98-126,0,0,,
1067,1028,150,153,Cafetera,R3,108.44,5,2024-05-02,2,Electrodomésticos,98-126,0,0,,
1137,1938,150,153,Cafetera,R3,107.9,11,2024-05-09,2,Electrodomésticos,98-126,0,0,,
1136,1108,150,152,Cafetera,R2,84.64,9,2024-05-09,2,Electrodomésticos,61-98,0,0,,
1810,1208,150,151,Cafetera,R1,54.34,4,2024-08-02,2,Electrodomésticos,25-61,0,0,,
1811,1278,150,152,Cafetera,R2,67.33,8,2024-08-02,2,Electrodomésticos,61-98,0,0,,
901,1698,150,152,Cafetera,R2,88.26,1,2024-04-14,2,Electrodomésticos,61-98,0,0,,
427,1568,150,153,Cafetera,R3,99.1,10,2024-02-20,2,Electrodomésticos,98-126,0,0,,
1820,1398,150,151,Cafetera,R1,26.98,10,2024-08-03,2,Electrodomésticos,25-61,0,0,,
1117,1748,150,152,Cafetera,R2,61.63,3,2024-05-07,2,Electrodomésticos,61-98,0,0,,
428,1788,150,151,Cafetera,R1,45.67,4,2024-02-20,2,Electrodomésticos,25-61,0,0,,
1832,1438,150,153,Cafetera,R3,111.47,8,2024-08-04,2,Electrodomésticos,98-126,0,0,,
867,1618,150,151,Cafetera,R1,31.94,11,2024-04-10,2,Electrodomésticos,25-61,0,0,,
98,1548,150,151,Cafetera,R1,35.73,12,2024-01-13,2,Electrodomésticos,25-61,0,0,,
539,1812,150,153,Cafetera,R3,106.32,1,2024-03-04,2,Electrodomésticos,98-126,0,0,,
876,1578,150,153,Cafetera,R3,101.98,2,2024-04-11,2,Electrodomésticos,98-126,0,0,,
536,1622,150,151,Cafetera,R1,38.44,7,2024-03-04,2,Electrodomésticos,25-61,0,0,,
63,1132,150,151,Cafetera,R1,29.88,10,2024-01-09,2,Electrodomésticos,25-61,0,0,,
2053,1218,150,151,Cafetera,R1,38.45,9,2024-09-01,2,Electrodomésticos,25-61,0,0,,
2736,1718,150,151,Cafetera,R1,59.62,10,2024-11-28,2,Electrodomésticos,25-61,0,0,,
1787,1068,150,151,Cafetera,R1,26.3,1,2024-07-31,2,Electrodomésticos,25-61,0,0,,
1152,1468,150,153,Cafetera,R3,111.23,2,2024-05-11,2,Electrodomésticos,98-126,0,0,,
2715,1158,150,151,Cafetera,R1,55.58,7,2024-11-26,2,Electrodomésticos,25-61,0,0,,
1887,1678,150,152,Cafetera,R2,66.74,11,2024-08-12,2,Electrodomésticos,61-98,0,0,,
790,1148,150,153,Cafetera,R3,110.21,4,2024-04-02,2,Electrodomésticos,98-126,0,0,,
792,1588,150,151,Cafetera,R1,58.68,4,2024-04-02,2,Electrodomésticos,25-61,0,0,,
1295,1608,150,153,Cafetera,R3,122.82,4,2024-05-27,2,Electrodomésticos,98-126,0,0,,
593,1742,150,152,Cafetera,R2,96.84,11,2024-03-10,2,Electrodomésticos,61-98,0,0,,
2925,1088,150,153,Cafetera,R3,116.94,9,2024-12-22,2,Electrodomésticos,98-126,0,0,,
381,1488,150,152,Cafetera,R2,79.98,2,2024-02-14,2,Electrodomésticos,61-98,0,0,,
1265,1238,150,152,Cafetera,R2,70.06,12,2024-05-23,2,Electrodomésticos,61-98,0,0,,
802,1188,150,152,Cafetera,R2,91.58,11,2024-04-03,2,Electrodomésticos,61-98,0,0,,
158,1332,150,153,Cafetera,R3,98.21,11,2024-01-19,2,Electrodomésticos,98-126,0,0,,
1256,1198,150,153,Cafetera,R3,106.65,9,2024-05-22,2,Electrodomésticos,98-126,0,0,,
2655,1818,150,153,Cafetera,R3,116.81,1,2024-11-18,2,Electrodomésticos,98-126,0,0,,
2183,1038,150,153,Cafetera,R3,117.28,10,2024-09-17,2,Electrodomésticos,98-126,0,0,,
2720,1928,150,151,Cafetera,R1,49.58,2,2024-11-26,2,Electrodomésticos,25-61,0,0,,
2160,1838,150,151,Cafetera,R1,53.01,9,2024-09-14,2,Electrodomésticos,25-61,0,0,,
31,1572,150,152,Cafetera,R2,61.4,9,2024-01-06,2,Electrodomésticos,61-98,0,0,,
1993,1338,150,151,Cafetera,R1,37.1,7,2024-08-25,2,Electrodomésticos,25-61,0,0,,
1187,1778,150,153,Cafetera,R3,112.18,12,2024-05-15,2,Electrodomésticos,98-126,0,0,,
2707,1828,150,152,Cafetera,R2,76.71,12,2024-11-25,2,Electrodomésticos,61-98,0,0,,
2705,1328,150,153,Cafetera,R3,99.07,3,2024-11-25,2,Electrodomésticos,98-126,0,0,,
1215,1708,150,151,Cafetera,R1,30.63,11,2024-05-18,2,Electrodomésticos,25-61,0,0,,
914,1168,150,151,Cafetera,R1,37.32,2,2024-04-15,2,Electrodomésticos,25-61,0,0,,
2674,1498,150,152,Cafetera,R2,61.91,7,2024-11-20,2,Electrodomésticos,61-98,0,0,,
2391,1178,150,152,Cafetera,R2,61.69,8,2024-10-14,2,Electrodomésticos,61-98,0,0,,
821,1868,150,152,Cafetera,R2,62.23,1,2024-04-05,2,Electrodomésticos,61-98,0,0,,
394,1798,150,152,Cafetera,R2,97.97,2,2024-02-16,2,Electrodomésticos,61-98,0,0,,
816,1878,150,152,Cafetera,R2,68.97,8,2024-04-04,2,Electrodomésticos,61-98,0,0,,
50,349,160,162,Candelabro,R2,57.65,6,2024-01-08,1,Decoración,52-87,0,0,,
40,699,160,161,Candelabro,R1,34.23,12,2024-01-07,1,Decoración,29-52,0,0,,
2408,329,160,162,Candelabro,R2,72.5,11,2024-10-17,1,Decoración,52-87,0,0,,
2486,499,160,163,Candelabro,R3,108.91,2,2024-10-28,1,Decoración,87-126,0,0,,
59,599,160,161,Candelabro,R1,47.22,5,2024-01-09,1,Decoración,29-52,0,0,,
2415,9,160,161,Candelabro,R1,51.38,5,2024-10-19,1,Decoración,29-52,0,0,,
2513,539,160,162,Candelabro,R2,85.86,12,2024-10-31,1,Decoración,52-87,0,0,,
2398,999,160,161,Candelabro,R1,47.09,5,2024-10-15,1,Decoración,29-52,0,0,,
9,419,160,162,Candelabro,R2,66.11,8,2024-01-03,1,Decoración,52-87,0,0,,
20,969,160,163,Candelabro,R3,90.7,12,2024-01-04,1,Decoración,87-126,0,0,,
1916,469,160,163,Candelabro,R3,105.2,10,2024-08-16,1,Decoración,87-126,0,0,,
1973,869,160,163,Candelabro,R3,124.78,4,2024-08-23,1,Decoración,87-126,0,0,,
1865,739,160,161,Candelabro,R1,36.73,11,2024-08-09,1,Decoración,29-52,0,0,,
1658,149,160,161,Candelabro,R1,29.77,9,2024-07-15,1,Decoración,29-52,0,0,,
1627,769,160,163,Candelabro,R3,113.28,2,2024-07-11,1,Decoración,87-126,0,0,,
1685,369,160,162,Candelabro,R2,72.98,11,2024-07-18,1,Decoración,52-87,0,0,,
1876,289,160,162,Candelabro,R2,52.41,1,2024-08-11,1,Decoración,52-87,0,0,,
1676,129,160,162,Candelabro,R2,85.59,5,2024-07-17,1,Decoración,52-87,0,0,,
2007,789,160,161,Candelabro,R1,44.07,5,2024-08-27,1,Decoración,29-52,0,0,,
2282,899,160,161,Candelabro,R1,51.01,6,2024-09-30,1,Decoración,29-52,0,0,,
1934,689,160,163,Candelabro,R3,116.57,3,2024-08-19,1,Decoración,87-126,0,0,,
1932,429,160,163,Candelabro,R3,104.11,5,2024-08-19,1,Decoración,87-126,0,0,,
1740,309,160,162,Candelabro,R2,77.84,8,2024-07-25,1,Decoración,52-87,0,0,,
1795,139,160,163,Candelabro,R3,114.3,2,2024-08-01,1,Decoración,87-126,0,0,,
2141,2720,170,172,Consola de videojuegos,R2,73.08,7,2024-09-12,3,Electrónica,55-90,0,0,,
2694,2410,170,172,Consola de videojuegos,R2,55.53,10,2024-11-23,3,Electrónica,55-90,0,0,,
1751,2390,170,173,Consola de videojuegos,R3,108.3,4,2024-07-26,3,Electrónica,90-126,0,0,,
2384,2470,170,173,Consola de videojuegos,R3,111.81,9,2024-10-12,3,Electrónica,90-126,0,0,,
833,2080,170,173,Consola de videojuegos,R3,100.69,7,2024-04-06,3,Electrónica,90-126,0,0,,
2704,2970,170,171,Consola de videojuegos,R1,49.88,5,2024-11-24,3,Electrónica,29-55,0,0,,
1210,2999,170,171,Consola de videojuegos,R1,52.08,4,2024-05-17,3,Electrónica,29-55,0,0,,
129,2220,170,171,Consola de videojuegos,R1,31.57,1,2024-01-16,3,Electrónica,29-55,0,0,,
2107,2360,170,171,Consola de videojuegos,R1,43.59,7,2024-09-08,3,Electrónica,29-55,0,0,,
1161,2860,170,173,Consola de videojuegos,R3,100.61,6,2024-05-12,3,Electrónica,90-126,0,0,,
117,2590,170,173,Consola de videojuegos,R3,99.14,6,2024-01-15,3,Electrónica,90-126,0,0,,
2696,2670,170,171,Consola de videojuegos,R1,42.62,3,2024-11-23,3,Electrónica,29-55,0,0,,
1737,2070,170,171,Consola de videojuegos,R1,39.85,6,2024-07-24,3,Electrónica,29-55,0,0,,
784,2310,170,173,Consola de videojuegos,R3,102.41,5,2024-04-01,3,Electrónica,90-126,0,0,,
2209,2430,170,172,Consola de videojuegos,R2,62.77,7,2024-09-21,3,Electrónica,55-90,0,0,,
2598,2060,170,172,Consola de videojuegos,R2,73.4,5,2024-11-11,3,Electrónica,55-90,0,0,,
563,2550,170,173,Consola de videojuegos,R3,118.87,6,2024-03-07,3,Electrónica,90-126,0,0,,
362,2440,170,173,Consola de videojuegos,R3,110.79,8,2024-02-11,3,Electrónica,90-126,0,0,,
2588,2010,170,171,Consola de videojuegos,R1,51.13,2,2024-11-10,3,Electrónica,29-55,0,0,,
1695,2350,170,173,Consola de videojuegos,R3,90.18,4,2024-07-19,3,Electrónica,90-126,0,0,,
178,2560,170,172,Consola de videojuegos,R2,87.23,5,2024-01-21,3,Electrónica,55-90,0,0,,
2239,2500,170,171,Consola de videojuegos,R1,53.64,8,2024-09-25,3,Electrónica,29-55,0,0,,
2581,2850,170,172,Consola de videojuegos,R2,84.81,4,2024-11-09,3,Electrónica,55-90,0,0,,
1683,2570,170,173,Consola de videojuegos,R3,122.81,6,2024-07-17,3,Electrónica,90-126,0,0,,
1675,2280,170,173,Consola de videojuegos,R3,108.67,3,2024-07-16,3,Electrónica,90-126,0,0,,
2562,2250,170,172,Consola de videojuegos,R2,78.68,11,2024-11-07,3,Electrónica,55-90,0,0,,
2244,2400,170,172,Consola de videojuegos,R2,84.09,12,2024-09-26,3,Electrónica,55-90,0,0,,
190,2690,170,173,Consola de videojuegos,R3,102.4,2,2024-01-23,3,Electrónica,90-126,0,0,,
2201,2330,170,173,Consola de videojuegos,R3,122.43,4,2024-09-19,3,Electrónica,90-126,0,0,,
2759,2640,170,171,Consola de videojuegos,R1,40.84,9,2024-11-30,3,Electrónica,29-55,0,0,,
2071,2760,170,172,Consola de videojuegos,R2,78.13,7,2024-09-04,3,Electrónica,55-90,0,0,,
1791,2130,170,171,Consola de videojuegos,R1,41.12,6,2024-07-31,3,Electrónica,29-55,0,0,,
2877,2520,170,173,Consola de videojuegos,R3,99.63,10,2024-12-15,3,Electrónica,90-126,0,0,,
1075,2510,170,172,Consola de videojuegos,R2,70.04,12,2024-05-02,3,Electrónica,55-90,0,0,,
2003,2300,170,171,Consola de videojuegos,R1,51.18,8,2024-08-26,3,Electrónica,29-55,0,0,,
48,2920,170,171,Consola de videojuegos,R1,29.49,2,2024-01-07,3,Electrónica,29-55,0,0,,
2916,2230,170,172,Consola de videojuegos,R2,74.41,10,2024-12-20,3,Electrónica,55-90,0,0,,
32,2180,170,173,Consola de videojuegos,R3,102.57,9,2024-01-06,3,Electrónica,90-126,0,0,,
2021,2460,170,171,Consola de videojuegos,R1,31.43,12,2024-08-28,3,Electrónica,29-55,0,0,,
2922,2320,170,172,Consola de videojuegos,R2,83.94,8,2024-12-21,3,Electrónica,55-90,0,0,,
928,2610,170,171,Consola de videojuegos,R1,49.74,9,2024-04-16,3,Electrónica,29-55,0,0,,
505,2110,170,172,Consola de videojuegos,R2,81.69,4,2024-02-28,3,Electrónica,55-90,0,0,,
1958,2160,170,173,Consola de videojuegos,R3,92.56,3,2024-08-21,3,Electrónica,90-126,0,0,,
1904,2260,170,172,Consola de videojuegos,R2,88.37,4,2024-08-14,3,Electrónica,55-90,0,0,,
1930,2540,170,172,Consola de videojuegos,R2,77.43,6,2024-08-18,3,Electrónica,55-90,0,0,,
494,2810,170,171,Consola de videojuegos,R1,31.09,1,2024-02-27,3,Electrónica,29-55,0,0,,
1014,2580,170,173,Consola de videojuegos,R3,107.55,7,2024-04-26,3,Electrónica,90-126,0,0,,
893,2490,170,173,Consola de videojuegos,R3,122.79,6,2024-04-13,3,Electrónica,90-126,0,0,,
2862,2380,170,172,Consola de videojuegos,R2,68.2,2,2024-12-14,3,Electrónica,55-90,0,0,,
2832,2020,170,171,Consola de videojuegos,R1,30.73,6,2024-12-10,3,Electrónica,29-55,0,0,,
757,2830,170,173,Consola de videojuegos,R3,123.72,3,2024-03-28,3,Electrónica,90-126,0,0,,
1139,2840,170,172,Consola de videojuegos,R2,69.43,3,2024-05-09,3,Electrónica,55-90,0,0,,
2781,2140,170,173,Consola de videojuegos,R3,91.09,7,2024-12-02,3,Electrónica,90-126,0,0,,
1802,2050,170,172,Consola de videojuegos,R2,88.73,12,2024-08-01,3,Electrónica,55-90,0,0,,
1815,2880,170,172,Consola de videojuegos,R2,79.76,12,2024-08-02,3,Electrónica,55-90,0,0,,
1114,2780,170,172,Consola de videojuegos,R2,65.35,6,2024-05-06,3,Electrónica,55-90,0,0,,
2061,2630,170,172,Consola de videojuegos,R2,79.88,1,2024-09-02,3,Electrónica,55-90,0,0,,
1838,2620,170,171,Consola de videojuegos,R1,51.74,7,2024-08-04,3,Electrónica,29-55,0,0,,
1840,2800,170,173,Consola de videojuegos,R3,121.62,2,2024-08-04,3,Electrónica,90-126,0,0,,
2801,2090,170,171,Consola de videojuegos,R1,45.15,9,2024-12-05,3,Electrónica,29-55,0,0,,
92,2980,170,173,Consola de videojuegos,R3,110.6,12,2024-01-12,3,Electrónica,90-126,0,0,,
2815,2210,170,171,Consola de videojuegos,R1,39.67,11,2024-12-07,3,Electrónica,29-55,0,0,,
431,2900,170,172,Consola de videojuegos,R2,63.26,2,2024-02-20,3,Electrónica,55-90,0,0,,
877,2370,170,171,Consola de videojuegos,R1,46.08,7,2024-04-11,3,Electrónica,29-55,0,0,,
1846,2790,170,172,Consola de videojuegos,R2,83.7,1,2024-08-05,3,Electrónica,55-90,0,0,,
562,2270,170,173,Consola de videojuegos,R3,117.47,8,2024-03-07,3,Electrónica,90-126,0,0,,
1379,2040,170,171,Consola de videojuegos,R1,43.95,11,2024-06-06,3,Electrónica,29-55,0,0,,
1247,2150,170,172,Consola de videojuegos,R2,66.93,5,2024-05-21,3,Electrónica,55-90,0,0,,
2997,2930,170,172,Consola de videojuegos,R2,55.47,6,2024-12-30,3,Electrónica,55-90,0,0,,
2270,2450,170,172,Consola de videojuegos,R2,87.91,4,2024-09-29,3,Electrónica,55-90,0,0,,
2500,2660,170,173,Consola de videojuegos,R3,124.46,4,2024-10-29,3,Electrónica,90-126,0,0,,
1433,2740,170,172,Consola de videojuegos,R2,88.36,5,2024-06-13,3,Electrónica,55-90,0,0,,
2401,2960,170,172,Consola de videojuegos,R2,87.02,11,2024-10-15,3,Electrónica,55-90,0,0,,
654,2030,170,173,Consola de videojuegos,R3,108,9,2024-03-16,3,Electrónica,90-126,0,0,,
729,2480,170,173,Consola de videojuegos,R3,96.21,11,2024-03-24,3,Electrónica,90-126,0,0,,
1518,2700,170,171,Consola de videojuegos,R1,39.68,12,2024-06-26,3,Electrónica,29-55,0,0,,
727,2420,170,172,Consola de videojuegos,R2,72.78,9,2024-03-24,3,Electrónica,55-90,0,0,,
695,2530,170,171,Consola de videojuegos,R1,54.04,8,2024-03-20,3,Electrónica,29-55,0,0,,
208,2340,170,173,Consola de videojuegos,R3,109.68,5,2024-01-25,3,Electrónica,90-126,0,0,,
702,2200,170,171,Consola de videojuegos,R1,44.36,10,2024-03-21,3,Electrónica,29-55,0,0,,
1480,2290,170,173,Consola de videojuegos,R3,115.96,7,2024-06-21,3,Electrónica,90-126,0,0,,
2439,2940,170,171,Consola de videojuegos,R1,34.04,6,2024-10-22,3,Electrónica,29-55,0,0,,
2272,2600,170,173,Consola de videojuegos,R3,94.57,3,2024-09-29,3,Electrónica,90-126,0,0,,
244,2870,170,172,Consola de videojuegos,R2,72.39,1,2024-01-29,3,Electrónica,55-90,0,0,,
713,2100,170,173,Consola de videojuegos,R3,94.73,1,2024-03-22,3,Electrónica,90-126,0,0,,
642,2170,170,173,Consola de videojuegos,R3,122.4,1,2024-03-15,3,Electrónica,90-126,0,0,,
241,2240,170,171,Consola de videojuegos,R1,43.35,8,2024-01-29,3,Electrónica,29-55,0,0,,
646,2950,170,171,Consola de videojuegos,R1,29.14,10,2024-03-15,3,Electrónica,29-55,0,0,,
1469,2120,170,173,Consola de videojuegos,R3,99.63,6,2024-06-19,3,Electrónica,90-126,0,0,,
703,2650,170,171,Consola de videojuegos,R1,50.77,10,2024-03-21,3,Electrónica,29-55,0,0,,
2519,2890,170,173,Consola de videojuegos,R3,105.99,5,2024-10-31,3,Electrónica,90-126,0,0,,
1606,2910,170,173,Consola de videojuegos,R3,122.48,7,2024-07-07,3,Electrónica,90-126,0,0,,
2253,2190,170,171,Consola de videojuegos,R1,48.86,3,2024-09-27,3,Electrónica,29-55,0,0,,
275,2680,170,172,Consola de videojuegos,R2,89.96,2,2024-02-01,3,Electrónica,55-90,0,0,,
1386,2750,170,171,Consola de videojuegos,R1,38.97,9,2024-06-07,3,Electrónica,29-55,0,0,,
1530,2730,170,172,Consola de videojuegos,R2,87.79,2,2024-06-28,3,Electrónica,55-90,0,0,,
2260,2820,170,171,Consola de videojuegos,R1,32.49,6,2024-09-28,3,Electrónica,29-55,0,0,,
2389,2710,170,171,Consola de videojuegos,R1,41.81,7,2024-10-13,3,Electrónica,29-55,0,0,,
1575,2770,170,172,Consola de videojuegos,R2,60.92,8,2024-07-03,3,Electrónica,55-90,0,0,,
2432,776,180,181,Cortinas,R1,56.8,1,2024-10-22,1,Decoración,25-57,0,0,,
1483,966,180,181,Cortinas,R1,51.43,10,2024-06-22,1,Decoración,25-57,0,0,,
24,256,180,182,Cortinas,R2,86.82,8,2024-01-05,1,Decoración,57-91,0,0,,
25,606,180,183,Cortinas,R3,106.66,11,2024-01-05,1,Decoración,91-126,0,0,,
1486,416,180,182,Cortinas,R2,83.58,3,2024-06-23,1,Decoración,57-91,0,0,,
1487,756,180,183,Cortinas,R3,107.29,4,2024-06-23,1,Decoración,91-126,0,0,,
2812,876,180,182,Cortinas,R2,80.86,6,2024-12-07,1,Decoración,57-91,0,0,,
874,466,180,181,Cortinas,R1,26.29,7,2024-04-11,1,Decoración,25-57,0,0,,
2283,996,180,181,Cortinas,R1,33.07,3,2024-09-30,1,Decoración,25-57,0,0,,
861,556,180,181,Cortinas,R1,42.74,12,2024-04-10,1,Decoración,25-57,0,0,,
860,426,180,183,Cortinas,R3,119.55,7,2024-04-10,1,Decoración,91-126,0,0,,
1527,916,180,181,Cortinas,R1,50.83,1,2024-06-28,1,Decoración,25-57,0,0,,
1590,716,180,182,Cortinas,R2,89.27,4,2024-07-06,1,Decoración,57-91,0,0,,
2440,596,180,182,Cortinas,R2,75.96,7,2024-10-23,1,Decoración,57-91,0,0,,
648,836,180,183,Cortinas,R3,115.79,1,2024-03-16,1,Decoración,91-126,0,0,,
2080,176,180,181,Cortinas,R1,56.9,6,2024-09-06,1,Decoración,25-57,0,0,,
2081,216,180,183,Cortinas,R3,124.97,6,2024-09-06,1,Decoración,91-126,0,0,,
1381,66,180,181,Cortinas,R1,46.14,2,2024-06-07,1,Decoración,25-57,0,0,,
111,236,180,183,Cortinas,R3,118.69,9,2024-01-15,1,Decoración,91-126,0,0,,
2764,936,180,183,Cortinas,R3,110.96,2,2024-12-01,1,Decoración,91-126,0,0,,
2962,506,180,181,Cortinas,R1,30.9,6,2024-12-26,1,Decoración,25-57,0,0,,
2386,646,180,181,Cortinas,R1,44.98,6,2024-10-13,1,Decoración,25-57,0,0,,
2981,486,180,182,Cortinas,R2,57.65,11,2024-12-29,1,Decoración,57-91,0,0,,
672,926,180,182,Cortinas,R2,63.98,11,2024-03-18,1,Decoración,57-91,0,0,,
16,446,180,182,Cortinas,R2,62.1,4,2024-01-04,1,Decoración,57-91,0,0,,
2959,76,180,181,Cortinas,R1,49.77,10,2024-12-26,1,Decoración,25-57,0,0,,
1090,806,180,183,Cortinas,R3,119.32,9,2024-05-04,1,Decoración,91-126,0,0,,
1578,516,180,181,Cortinas,R1,38.35,7,2024-07-04,1,Decoración,25-57,0,0,,
521,396,180,181,Cortinas,R1,39.63,2,2024-03-02,1,Decoración,25-57,0,0,,
912,886,180,181,Cortinas,R1,45.79,7,2024-04-15,1,Decoración,25-57,0,0,,
2000,866,180,183,Cortinas,R3,100.33,8,2024-08-26,1,Decoración,91-126,0,0,,
453,86,180,181,Cortinas,R1,36.75,12,2024-02-23,1,Decoración,25-57,0,0,,
911,616,180,183,Cortinas,R3,107.96,9,2024-04-15,1,Decoración,91-126,0,0,,
1882,126,180,183,Cortinas,R3,113.78,1,2024-08-12,1,Decoración,91-126,0,0,,
1056,306,180,183,Cortinas,R3,96.05,5,2024-05-01,1,Decoración,91-126,0,0,,
52,696,180,181,Cortinas,R1,32.57,8,2024-01-08,1,Decoración,25-57,0,0,,
2893,626,180,181,Cortinas,R1,33.62,11,2024-12-17,1,Decoración,25-57,0,0,,
687,206,180,182,Cortinas,R2,73.65,2,2024-03-20,1,Decoración,57-91,0,0,,
58,386,180,182,Cortinas,R2,85.71,8,2024-01-09,1,Decoración,57-91,0,0,,
1066,536,180,183,Cortinas,R3,107.95,1,2024-05-02,1,Decoración,91-126,0,0,,
2339,6,180,182,Cortinas,R2,58.87,11,2024-10-08,1,Decoración,57-91,0,0,,
1099,656,180,183,Cortinas,R3,107.26,2,2024-05-05,1,Decoración,91-126,0,0,,
689,746,180,182,Cortinas,R2,64.93,10,2024-03-20,1,Decoración,57-91,0,0,,
2406,266,180,183,Cortinas,R3,91.78,5,2024-10-17,1,Decoración,91-126,0,0,,
898,896,180,182,Cortinas,R2,71.03,7,2024-04-14,1,Decoración,57-91,0,0,,
2751,566,180,183,Cortinas,R3,98.17,8,2024-11-30,1,Decoración,91-126,0,0,,
1519,146,180,182,Cortinas,R2,68.55,9,2024-06-27,1,Decoración,57-91,0,0,,
2866,546,180,182,Cortinas,R2,82.12,10,2024-12-15,1,Decoración,57-91,0,0,,
2341,816,180,182,Cortinas,R2,74.32,11,2024-10-08,1,Decoración,57-91,0,0,,
1884,246,180,182,Cortinas,R2,57.72,7,2024-08-12,1,Decoración,57-91,0,0,,
529,356,180,183,Cortinas,R3,122.97,5,2024-03-03,1,Decoración,91-126,0,0,,
2310,786,180,181,Cortinas,R1,27.17,8,2024-10-04,1,Decoración,25-57,0,0,,
2032,726,180,183,Cortinas,R3,119.16,6,2024-08-30,1,Decoración,91-126,0,0,,
534,186,180,183,Cortinas,R3,108.74,3,2024-03-04,1,Decoración,91-126,0,0,,
1088,16,180,181,Cortinas,R1,32.47,5,2024-05-04,1,Decoración,25-57,0,0,,
1545,846,180,183,Cortinas,R3,123.89,8,2024-06-30,1,Decoración,91-126,0,0,,
1864,586,180,181,Cortinas,R1,31.36,7,2024-08-09,1,Decoración,25-57,0,0,,
2883,706,180,181,Cortinas,R1,42.73,7,2024-12-16,1,Decoración,25-57,0,0,,
1600,986,180,183,Cortinas,R3,111.39,10,2024-07-07,1,Decoración,91-126,0,0,,
1174,286,180,183,Cortinas,R3,94.53,4,2024-05-14,1,Decoración,91-126,0,0,,
1240,106,180,183,Cortinas,R3,101.89,7,2024-05-21,1,Decoración,91-126,0,0,,
388,946,180,183,Cortinas,R3,109.32,7,2024-02-15,1,Decoración,91-126,0,0,,
2661,136,180,181,Cortinas,R1,31.5,7,2024-11-19,1,Decoración,25-57,0,0,,
1625,96,180,182,Cortinas,R2,59.9,9,2024-07-11,1,Decoración,57-91,0,0,,
565,336,180,182,Cortinas,R2,84.55,5,2024-03-08,1,Decoración,57-91,0,0,,
1271,476,180,182,Cortinas,R2,71.82,11,2024-05-25,1,Decoración,57-91,0,0,,
796,226,180,181,Cortinas,R1,27.05,3,2024-04-03,1,Decoración,25-57,0,0,,
379,406,180,182,Cortinas,R2,64.96,1,2024-02-14,1,Decoración,57-91,0,0,,
378,366,180,183,Cortinas,R3,92.84,1,2024-02-14,1,Decoración,91-126,0,0,,
2611,36,180,181,Cortinas,R1,28.63,5,2024-11-14,1,Decoración,25-57,0,0,,
371,116,180,181,Cortinas,R1,40.19,3,2024-02-13,1,Decoración,25-57,0,0,,
2671,676,180,181,Cortinas,R1,40.01,5,2024-11-20,1,Decoración,25-57,0,0,,
2511,346,180,181,Cortinas,R1,52.57,3,2024-10-31,1,Decoración,25-57,0,0,,
1322,166,180,183,Cortinas,R3,105.06,8,2024-05-31,1,Decoración,91-126,0,0,,
2261,26,180,181,Cortinas,R1,38.87,11,2024-09-29,1,Decoración,25-57,0,0,,
2241,666,180,181,Cortinas,R1,29.89,4,2024-09-26,1,Decoración,25-57,0,0,,
770,46,180,183,Cortinas,R3,98.15,7,2024-03-31,1,Decoración,91-126,0,0,,
1331,376,180,183,Cortinas,R3,106.27,2,2024-06-01,1,Decoración,91-126,0,0,,
2575,576,180,183,Cortinas,R3,122.36,8,2024-11-09,1,Decoración,91-126,0,0,,
2567,636,180,181,Cortinas,R1,46.09,1,2024-11-08,1,Decoración,25-57,0,0,,
1389,686,180,183,Cortinas,R3,115.02,12,2024-06-08,1,Decoración,91-126,0,0,,
1383,296,180,182,Cortinas,R2,90.57,2,2024-06-07,1,Decoración,57-91,0,0,,
1373,766,180,182,Cortinas,R2,90.1,8,2024-06-06,1,Decoración,57-91,0,0,,
193,196,180,182,Cortinas,R2,90.87,4,2024-01-24,1,Decoración,57-91,0,0,,
2233,956,180,181,Cortinas,R1,37.35,2,2024-09-25,1,Decoración,25-57,0,0,,
2155,456,180,182,Cortinas,R2,70.41,10,2024-09-14,1,Decoración,57-91,0,0,,
2612,316,180,182,Cortinas,R2,90.56,2,2024-11-14,1,Decoración,57-91,0,0,,
818,56,180,182,Cortinas,R2,66.24,5,2024-04-05,1,Decoración,57-91,0,0,,
2133,856,180,182,Cortinas,R2,86.85,2,2024-09-12,1,Decoración,57-91,0,0,,
1192,736,180,182,Cortinas,R2,73.3,5,2024-05-16,1,Decoración,57-91,0,0,,
408,436,180,182,Cortinas,R2,76.78,7,2024-02-18,1,Decoración,57-91,0,0,,
407,276,180,183,Cortinas,R3,98.73,10,2024-02-18,1,Decoración,91-126,0,0,,
1612,526,180,181,Cortinas,R1,38.63,12,2024-07-09,1,Decoración,25-57,0,0,,
222,496,180,181,Cortinas,R1,37.02,5,2024-01-27,1,Decoración,25-57,0,0,,
827,906,180,182,Cortinas,R2,84.04,3,2024-04-06,1,Decoración,57-91,0,0,,
1608,796,180,182,Cortinas,R2,71.33,6,2024-07-08,1,Decoración,57-91,0,0,,
2712,326,180,182,Cortinas,R2,65.02,2,2024-11-26,1,Decoración,57-91,0,0,,
573,156,180,181,Cortinas,R1,39.67,2,2024-03-09,1,Decoración,25-57,0,0,,
1777,826,180,182,Cortinas,R2,61.22,1,2024-07-30,1,Decoración,57-91,0,0,,
1233,976,180,183,Cortinas,R3,114.76,11,2024-05-20,1,Decoración,91-126,0,0,,
2907,112,190,193,Cuadro decorativo,R3,96.66,9,2024-12-19,1,Decoración,86-126,0,0,,
1323,482,190,191,Cuadro decorativo,R1,54.21,7,2024-05-31,1,Decoración,25-61,0,0,,
2918,222,190,192,Cuadro decorativo,R2,84.64,1,2024-12-21,1,Decoración,61-86,0,0,,
1320,432,190,192,Cuadro decorativo,R2,77.42,12,2024-05-30,1,Decoración,61-86,0,0,,
1981,412,190,192,Cuadro decorativo,R2,67.79,9,2024-08-24,1,Decoración,61-86,0,0,,
1318,82,190,191,Cuadro decorativo,R1,47.42,5,2024-05-30,1,Decoración,25-61,0,0,,
1036,202,190,193,Cuadro decorativo,R3,106.72,4,2024-04-29,1,Decoración,86-126,0,0,,
2522,582,190,192,Cuadro decorativo,R2,61.67,10,2024-11-01,1,Decoración,61-86,0,0,,
2256,562,190,191,Cuadro decorativo,R1,29.72,3,2024-09-28,1,Decoración,25-61,0,0,,
1536,502,190,193,Cuadro decorativo,R3,120.85,10,2024-06-29,1,Decoración,86-126,0,0,,
2250,842,190,192,Cuadro decorativo,R2,71.4,2,2024-09-27,1,Decoración,61-86,0,0,,
2275,232,190,193,Cuadro decorativo,R3,118.49,6,2024-09-30,1,Decoración,86-126,0,0,,
2111,402,190,192,Cuadro decorativo,R2,66.46,9,2024-09-09,1,Decoración,61-86,0,0,,
2557,862,190,191,Cuadro decorativo,R1,48.36,8,2024-11-07,1,Decoración,25-61,0,0,,
961,452,190,193,Cuadro decorativo,R3,119.07,12,2024-04-21,1,Decoración,86-126,0,0,,
2960,122,190,192,Cuadro decorativo,R2,63.48,12,2024-12-26,1,Decoración,61-86,0,0,,
973,422,190,191,Cuadro decorativo,R1,47.37,9,2024-04-22,1,Decoración,25-61,0,0,,
2125,572,190,191,Cuadro decorativo,R1,35.88,5,2024-09-11,1,Decoración,25-61,0,0,,
2390,182,190,192,Cuadro decorativo,R2,78.36,11,2024-10-14,1,Decoración,61-86,0,0,,
2541,642,190,192,Cuadro decorativo,R2,73.67,7,2024-11-05,1,Decoración,61-86,0,0,,
1908,392,190,192,Cuadro decorativo,R2,81.56,2,2024-08-15,1,Decoración,61-86,0,0,,
2365,382,190,193,Cuadro decorativo,R3,115.19,3,2024-10-11,1,Decoración,86-126,0,0,,
2539,552,190,193,Cuadro decorativo,R3,88.67,11,2024-11-05,1,Decoración,86-126,0,0,,
1359,992,190,191,Cuadro decorativo,R1,52.42,3,2024-06-04,1,Decoración,25-61,0,0,,
1569,352,190,192,Cuadro decorativo,R2,85.72,5,2024-07-03,1,Decoración,61-86,0,0,,
2526,102,190,193,Cuadro decorativo,R3,119.97,3,2024-11-02,1,Decoración,86-126,0,0,,
2592,272,190,193,Cuadro decorativo,R3,93.84,10,2024-11-11,1,Decoración,86-126,0,0,,
1311,902,190,193,Cuadro decorativo,R3,111.22,9,2024-05-29,1,Decoración,86-126,0,0,,
2154,192,190,193,Cuadro decorativo,R3,86.21,5,2024-09-14,1,Decoración,86-126,0,0,,
1255,812,190,193,Cuadro decorativo,R3,107.32,10,2024-05-22,1,Decoración,86-126,0,0,,
1254,802,190,191,Cuadro decorativo,R1,27.37,5,2024-05-22,1,Decoración,25-61,0,0,,
1089,342,190,192,Cuadro decorativo,R2,61.9,5,2024-05-04,1,Decoración,61-86,0,0,,
2836,62,190,191,Cuadro decorativo,R1,34.65,11,2024-12-11,1,Decoración,25-61,0,0,,
1250,312,190,191,Cuadro decorativo,R1,42.77,1,2024-05-22,1,Decoración,25-61,0,0,,
2835,42,190,192,Cuadro decorativo,R2,72.51,11,2024-12-11,1,Decoración,61-86,0,0,,
2377,472,190,192,Cuadro decorativo,R2,78.9,2,2024-10-12,1,Decoración,61-86,0,0,,
2144,682,190,193,Cuadro decorativo,R3,111.41,11,2024-09-13,1,Decoración,86-126,0,0,,
1828,372,190,193,Cuadro decorativo,R3,124.83,6,2024-08-04,1,Decoración,86-126,0,0,,
2292,892,190,192,Cuadro decorativo,R2,61.57,3,2024-10-01,1,Decoración,61-86,0,0,,
2669,152,190,193,Cuadro decorativo,R3,86.46,4,2024-11-20,1,Decoración,86-126,0,0,,
2817,542,190,193,Cuadro decorativo,R3,104.02,9,2024-12-08,1,Decoración,86-126,0,0,,
2670,592,190,191,Cuadro decorativo,R1,34.61,9,2024-11-20,1,Decoración,25-61,0,0,,
2422,72,190,193,Cuadro decorativo,R3,111.56,1,2024-10-20,1,Decoración,86-126,0,0,,
1231,762,190,192,Cuadro decorativo,R2,65.61,9,2024-05-20,1,Decoración,61-86,0,0,,
2051,732,190,192,Cuadro decorativo,R2,84.51,9,2024-09-01,1,Decoración,61-86,0,0,,
2043,922,190,191,Cuadro decorativo,R1,45.81,7,2024-08-31,1,Decoración,25-61,0,0,,
2193,242,190,191,Cuadro decorativo,R1,30.31,11,2024-09-19,1,Decoración,25-61,0,0,,
1121,22,190,193,Cuadro decorativo,R3,122.36,6,2024-05-08,1,Decoración,86-126,0,0,,
1613,622,190,193,Cuadro decorativo,R3,108.93,4,2024-07-09,1,Decoración,86-126,0,0,,
2219,932,190,192,Cuadro decorativo,R2,78.45,4,2024-09-23,1,Decoración,61-86,0,0,,
1059,972,190,191,Cuadro decorativo,R1,26.2,10,2024-05-01,1,Decoración,25-61,0,0,,
1430,982,190,191,Cuadro decorativo,R1,34.89,10,2024-06-13,1,Decoración,25-61,0,0,,
1723,12,190,191,Cuadro decorativo,R1,59.33,1,2024-07-23,1,Decoración,25-61,0,0,,
2433,942,190,193,Cuadro decorativo,R3,99.04,8,2024-10-22,1,Decoración,86-126,0,0,,
1724,602,190,192,Cuadro decorativo,R2,76.58,11,2024-07-23,1,Decoración,61-86,0,0,,
2895,742,190,192,Cuadro decorativo,R2,66.69,6,2024-12-17,1,Decoración,61-86,0,0,,
1808,692,190,192,Cuadro decorativo,R2,76.69,2,2024-08-02,1,Decoración,61-86,0,0,,
1283,782,190,192,Cuadro decorativo,R2,67.07,6,2024-05-26,1,Decoración,61-86,0,0,,
1450,712,190,193,Cuadro decorativo,R3,103.02,2,2024-06-16,1,Decoración,86-126,0,0,,
2784,532,190,191,Cuadro decorativo,R1,27.76,4,2024-12-03,1,Decoración,25-61,0,0,,
2194,512,190,192,Cuadro decorativo,R2,66.98,7,2024-09-19,1,Decoración,61-86,0,0,,
1263,672,190,191,Cuadro decorativo,R1,47.68,6,2024-05-23,1,Decoración,25-61,0,0,,
2023,302,190,192,Cuadro decorativo,R2,80.71,11,2024-08-29,1,Decoración,61-86,0,0,,
1739,32,190,191,Cuadro decorativo,R1,26.37,6,2024-07-25,1,Decoración,25-61,0,0,,
2783,322,190,193,Cuadro decorativo,R3,101.15,6,2024-12-03,1,Decoración,86-126,0,0,,
2546,142,190,193,Cuadro decorativo,R3,114.44,10,2024-11-06,1,Decoración,86-126,0,0,,
0,792,190,192,Cuadro decorativo,R2,69.94,5,2024-01-02,1,Decoración,61-86,0,0,,
671,872,190,191,Cuadro decorativo,R1,55.89,10,2024-03-18,1,Decoración,25-61,0,0,,
733,652,190,193,Cuadro decorativo,R3,100.52,9,2024-03-25,1,Decoración,86-126,0,0,,
386,282,190,193,Cuadro decorativo,R3,87.42,7,2024-02-15,1,Decoración,86-126,0,0,,
359,462,190,193,Cuadro decorativo,R3,109.69,8,2024-02-11,1,Decoración,86-126,0,0,,
364,362,190,192,Cuadro decorativo,R2,71.97,12,2024-02-12,1,Decoración,61-86,0,0,,
638,772,190,192,Cuadro decorativo,R2,78.76,10,2024-03-15,1,Decoración,61-86,0,0,,
409,492,190,193,Cuadro decorativo,R3,120.22,5,2024-02-18,1,Decoración,86-126,0,0,,
498,702,190,193,Cuadro decorativo,R3,112.56,9,2024-02-28,1,Decoración,86-126,0,0,,
454,92,190,191,Cuadro decorativo,R1,35.48,3,2024-02-23,1,Decoración,25-61,0,0,,
882,292,190,192,Cuadro decorativo,R2,78.91,8,2024-04-12,1,Decoración,61-86,0,0,,
457,752,190,193,Cuadro decorativo,R3,110.51,11,2024-02-23,1,Decoración,86-126,0,0,,
510,822,190,191,Cuadro decorativo,R1,34.33,11,2024-02-29,1,Decoración,25-61,0,0,,
419,252,190,193,Cuadro decorativo,R3,110.99,8,2024-02-19,1,Decoración,86-126,0,0,,
809,172,190,193,Cuadro decorativo,R3,87.93,11,2024-04-04,1,Decoración,86-126,0,0,,
322,662,190,191,Cuadro decorativo,R1,42.09,12,2024-02-07,1,Decoración,25-61,0,0,,
745,132,190,191,Cuadro decorativo,R1,56.45,12,2024-03-27,1,Decoración,25-61,0,0,,
365,952,190,192,Cuadro decorativo,R2,72.08,11,2024-02-12,1,Decoración,61-86,0,0,,
19,882,190,193,Cuadro decorativo,R3,101.92,9,2024-01-04,1,Decoración,86-126,0,0,,
39,632,190,191,Cuadro decorativo,R1,30.49,12,2024-01-07,1,Decoración,25-61,0,0,,
556,612,190,191,Cuadro decorativo,R1,45.04,10,2024-03-07,1,Decoración,25-61,0,0,,
423,52,190,191,Cuadro decorativo,R1,52.23,10,2024-02-20,1,Decoración,25-61,0,0,,
123,832,190,191,Cuadro decorativo,R1,30.59,1,2024-01-16,1,Decoración,25-61,0,0,,
259,852,190,192,Cuadro decorativo,R2,78.93,4,2024-01-31,1,Decoración,61-86,0,0,,
782,522,190,191,Cuadro decorativo,R1,27.99,5,2024-04-01,1,Decoración,25-61,0,0,,
179,442,190,191,Cuadro decorativo,R1,29.17,1,2024-01-22,1,Decoración,25-61,0,0,,
124,962,190,191,Cuadro decorativo,R1,40.97,11,2024-01-16,1,Decoración,25-61,0,0,,
425,722,190,192,Cuadro decorativo,R2,84.63,5,2024-02-20,1,Decoración,61-86,0,0,,
256,162,190,191,Cuadro decorativo,R1,59.6,5,2024-01-31,1,Decoración,25-61,0,0,,
232,912,190,193,Cuadro decorativo,R3,111.56,9,2024-01-28,1,Decoración,86-126,0,0,,
480,332,190,193,Cuadro decorativo,R3,124.2,10,2024-02-26,1,Decoración,86-126,0,0,,
486,2,190,193,Cuadro decorativo,R3,106.12,3,2024-02-27,1,Decoración,86-126,0,0,,
344,212,190,191,Cuadro decorativo,R1,52.83,12,2024-02-10,1,Decoración,25-61,0,0,,
658,262,190,192,Cuadro decorativo,R2,70.89,11,2024-03-17,1,Decoración,61-86,0,0,,
1697,2567,200,201,Cámara digital,R1,47.38,6,2024-07-19,3,Electrónica,25-56,0,0,,
2459,2607,200,201,Cámara digital,R1,54.75,10,2024-10-25,3,Electrónica,25-56,0,0,,
2523,2657,200,201,Cámara digital,R1,30.79,8,2024-11-01,3,Electrónica,25-56,0,0,,
2760,2757,200,202,Cámara digital,R2,56.44,7,2024-11-30,3,Electrónica,56-87,0,0,,
33,2487,200,201,Cámara digital,R1,50.76,3,2024-01-06,3,Electrónica,25-56,0,0,,
685,2157,200,202,Cámara digital,R2,65.62,8,2024-03-19,3,Electrónica,56-87,0,0,,
2748,2447,200,201,Cámara digital,R1,33.69,5,2024-11-29,3,Electrónica,25-56,0,0,,
684,2047,200,202,Cámara digital,R2,85.45,3,2024-03-19,3,Electrónica,56-87,0,0,,
2724,2707,200,203,Cámara digital,R3,104.82,6,2024-11-26,3,Electrónica,87-123,0,0,,
1270,2907,200,203,Cámara digital,R3,98.69,9,2024-05-24,3,Electrónica,87-123,0,0,,
2833,2337,200,202,Cámara digital,R2,77.7,9,2024-12-10,3,Electrónica,56-87,0,0,,
683,2037,200,202,Cámara digital,R2,68.66,12,2024-03-19,3,Electrónica,56-87,0,0,,
1542,2747,200,203,Cámara digital,R3,106.28,7,2024-06-29,3,Electrónica,87-123,0,0,,
2910,2167,200,203,Cámara digital,R3,119.75,3,2024-12-19,3,Electrónica,87-123,0,0,,
904,2097,200,201,Cámara digital,R1,42.17,8,2024-04-14,3,Electrónica,25-56,0,0,,
1996,2527,200,202,Cámara digital,R2,60.1,7,2024-08-25,3,Electrónica,56-87,0,0,,
292,2007,200,203,Cámara digital,R3,117.11,9,2024-02-03,3,Electrónica,87-123,0,0,,
896,2996,200,202,Cámara digital,R2,63.89,1,2024-04-13,3,Electrónica,56-87,0,0,,
1914,2967,200,202,Cámara digital,R2,75.37,3,2024-08-15,3,Electrónica,56-87,0,0,,
507,2697,200,203,Cámara digital,R3,117.71,2,2024-02-28,3,Electrónica,87-123,0,0,,
2842,2277,200,202,Cámara digital,R2,58.12,7,2024-12-11,3,Electrónica,56-87,0,0,,
2492,2217,200,201,Cámara digital,R1,49.71,11,2024-10-28,3,Electrónica,25-56,0,0,,
2497,2107,200,202,Cámara digital,R2,64.14,3,2024-10-29,3,Electrónica,56-87,0,0,,
2380,2137,200,203,Cámara digital,R3,108.68,1,2024-10-12,3,Electrónica,87-123,0,0,,
1581,2237,200,201,Cámara digital,R1,29.68,11,2024-07-04,3,Electrónica,25-56,0,0,,
1946,2537,200,202,Cámara digital,R2,74.1,9,2024-08-20,3,Electrónica,56-87,0,0,,
2170,2557,200,203,Cámara digital,R3,107.02,5,2024-09-15,3,Electrónica,87-123,0,0,,
2826,2597,200,201,Cámara digital,R1,55.5,1,2024-12-09,3,Electrónica,25-56,0,0,,
1169,2177,200,201,Cámara digital,R1,55.84,7,2024-05-13,3,Electrónica,25-56,0,0,,
1171,2797,200,201,Cámara digital,R1,53.44,11,2024-05-13,3,Electrónica,25-56,0,0,,
2821,2687,200,201,Cámara digital,R1,28.98,11,2024-12-08,3,Electrónica,25-56,0,0,,
666,2577,200,201,Cámara digital,R1,45.12,6,2024-03-17,3,Electrónica,25-56,0,0,,
644,2647,200,203,Cámara digital,R3,90.34,1,2024-03-15,3,Electrónica,87-123,0,0,,
1970,2517,200,202,Cámara digital,R2,68.19,6,2024-08-22,3,Electrónica,56-87,0,0,,
1890,2257,200,201,Cámara digital,R1,55.52,2,2024-08-12,3,Electrónica,25-56,0,0,,
1728,2397,200,202,Cámara digital,R2,56.77,4,2024-07-23,3,Electrónica,56-87,0,0,,
462,2587,200,202,Cámara digital,R2,61.4,7,2024-02-23,3,Electrónica,56-87,0,0,,
2796,2867,200,203,Cámara digital,R3,113.61,9,2024-12-04,3,Electrónica,87-123,0,0,,
2795,2197,200,202,Cámara digital,R2,77.54,6,2024-12-04,3,Electrónica,56-87,0,0,,
667,2677,200,203,Cámara digital,R3,92,10,2024-03-17,3,Electrónica,87-123,0,0,,
2140,2497,200,201,Cámara digital,R1,49.95,5,2024-09-12,3,Electrónica,25-56,0,0,,
1207,2767,200,201,Cámara digital,R1,42.61,11,2024-05-17,3,Electrónica,25-56,0,0,,
1913,2307,200,201,Cámara digital,R1,50.6,6,2024-08-15,3,Electrónica,25-56,0,0,,
1906,2637,200,202,Cámara digital,R2,64.62,10,2024-08-14,3,Electrónica,56-87,0,0,,
1905,2407,200,201,Cámara digital,R1,38.69,1,2024-08-14,3,Electrónica,25-56,0,0,,
527,2777,200,201,Cámara digital,R1,31.52,8,2024-03-02,3,Electrónica,25-56,0,0,,
1557,2787,200,202,Cámara digital,R2,79.77,2,2024-07-01,3,Electrónica,56-87,0,0,,
2518,2817,200,201,Cámara digital,R1,29.73,9,2024-10-31,3,Electrónica,25-56,0,0,,
894,2547,200,202,Cámara digital,R2,60.29,6,2024-04-13,3,Electrónica,56-87,0,0,,
2129,2327,200,203,Cámara digital,R3,100.2,12,2024-09-11,3,Electrónica,87-123,0,0,,
68,2917,200,203,Cámara digital,R3,120.87,7,2024-01-09,3,Electrónica,87-123,0,0,,
1307,2067,200,203,Cámara digital,R3,102.63,7,2024-05-28,3,Electrónica,87-123,0,0,,
1044,2367,200,203,Cámara digital,R3,91.04,8,2024-04-29,3,Electrónica,87-123,0,0,,
990,2227,200,201,Cámara digital,R1,46.25,8,2024-04-24,3,Electrónica,25-56,0,0,,
1839,2717,200,202,Cámara digital,R2,70.28,6,2024-08-04,3,Electrónica,56-87,0,0,,
2564,2357,200,201,Cámara digital,R1,49.9,1,2024-11-07,3,Electrónica,25-56,0,0,,
1008,2027,200,202,Cámara digital,R2,69.96,10,2024-04-26,3,Electrónica,56-87,0,0,,
1363,2017,200,201,Cámara digital,R1,54.04,8,2024-06-04,3,Electrónica,25-56,0,0,,
1365,2807,200,201,Cámara digital,R1,44.43,6,2024-06-04,3,Electrónica,25-56,0,0,,
169,2987,200,203,Cámara digital,R3,91.13,8,2024-01-20,3,Electrónica,87-123,0,0,,
1005,2827,200,201,Cámara digital,R1,35.99,2,2024-04-25,3,Electrónica,25-56,0,0,,
1826,2737,200,202,Cámara digital,R2,60.78,8,2024-08-03,3,Electrónica,56-87,0,0,,
2271,2467,200,202,Cámara digital,R2,70.53,7,2024-09-29,3,Electrónica,56-87,0,0,,
2326,2417,200,203,Cámara digital,R3,109.02,2,2024-10-06,3,Electrónica,87-123,0,0,,
1439,2377,200,203,Cámara digital,R3,107.92,9,2024-06-14,3,Electrónica,87-123,0,0,,
1474,2127,200,202,Cámara digital,R2,70.38,12,2024-06-20,3,Electrónica,56-87,0,0,,
1358,2207,200,203,Cámara digital,R3,110.08,4,2024-06-03,3,Electrónica,87-123,0,0,,
631,2347,200,203,Cámara digital,R3,112.14,3,2024-03-14,3,Electrónica,87-123,0,0,,
168,2897,200,202,Cámara digital,R2,71.45,5,2024-01-20,3,Electrónica,56-87,0,0,,
1035,2877,200,201,Cámara digital,R1,45.1,1,2024-04-28,3,Electrónica,25-56,0,0,,
1651,2927,200,203,Cámara digital,R3,103.18,9,2024-07-13,3,Electrónica,87-123,0,0,,
165,2187,200,203,Cámara digital,R3,108.61,2,2024-01-20,3,Electrónica,87-123,0,0,,
1654,2247,200,201,Cámara digital,R1,28.06,7,2024-07-14,3,Electrónica,25-56,0,0,,
1399,2957,200,201,Cámara digital,R1,37.59,6,2024-06-08,3,Electrónica,25-56,0,0,,
315,2267,200,202,Cámara digital,R2,57.81,10,2024-02-06,3,Electrónica,56-87,0,0,,
1816,2937,200,203,Cámara digital,R3,96.88,6,2024-08-02,3,Electrónica,87-123,0,0,,
2404,2427,200,203,Cámara digital,R3,96.56,1,2024-10-16,3,Electrónica,87-123,0,0,,
319,2627,200,203,Cámara digital,R3,102.83,5,2024-02-06,3,Electrónica,87-123,0,0,,
318,2617,200,203,Cámara digital,R3,89.53,9,2024-02-06,3,Electrónica,87-123,0,0,,
2627,2727,200,203,Cámara digital,R3,114.98,12,2024-11-15,3,Electrónica,87-123,0,0,,
2947,2457,200,202,Cámara digital,R2,75.98,8,2024-12-24,3,Electrónica,56-87,0,0,,
1011,2147,200,202,Cámara digital,R2,74.37,6,2024-04-26,3,Electrónica,56-87,0,0,,
2579,2507,200,201,Cámara digital,R1,27.72,8,2024-11-09,3,Electrónica,25-56,0,0,,
2589,2087,200,201,Cámara digital,R1,35.44,3,2024-11-10,3,Electrónica,25-56,0,0,,
2238,2317,200,202,Cámara digital,R2,56.34,7,2024-09-25,3,Electrónica,56-87,0,0,,
429,2077,200,201,Cámara digital,R1,28.16,4,2024-02-20,3,Electrónica,25-56,0,0,,
417,2837,200,202,Cámara digital,R2,63.35,1,2024-02-18,3,Electrónica,56-87,0,0,,
130,2477,200,201,Cámara digital,R1,38.37,9,2024-01-16,3,Electrónica,25-56,0,0,,
2702,2387,200,202,Cámara digital,R2,58.22,5,2024-11-24,3,Electrónica,56-87,0,0,,
1317,2847,200,203,Cámara digital,R3,122.31,4,2024-05-29,3,Electrónica,87-123,0,0,,
29,2947,200,203,Cámara digital,R3,107.78,3,2024-01-05,3,Electrónica,87-123,0,0,,
1023,2287,200,201,Cámara digital,R1,26.79,11,2024-04-27,3,Electrónica,25-56,0,0,,
1506,2057,200,203,Cámara digital,R3,109.29,10,2024-06-25,3,Electrónica,87-123,0,0,,
2683,2977,200,203,Cámara digital,R3,116.01,12,2024-11-21,3,Electrónica,87-123,0,0,,
979,2887,200,203,Cámara digital,R3,118.02,1,2024-04-22,3,Electrónica,87-123,0,0,,
2258,2117,200,202,Cámara digital,R2,73.65,11,2024-09-28,3,Electrónica,56-87,0,0,,
2400,2667,200,201,Cámara digital,R1,26.32,4,2024-10-15,3,Electrónica,25-56,0,0,,
622,2437,200,202,Cámara digital,R2,80.06,3,2024-03-13,3,Electrónica,56-87,0,0,,
147,2297,200,203,Cámara digital,R3,119.43,5,2024-01-18,3,Electrónica,87-123,0,0,,
1754,2857,200,203,Cámara digital,R3,102.7,10,2024-07-26,3,Electrónica,87-123,0,0,,
2376,317,210,213,Elementos de cerámica,R3,94.69,11,2024-10-12,1,Decoración,90-125,0,0,,
180,547,210,212,Elementos de cerámica,R2,83.81,6,2024-01-22,1,Decoración,52-90,0,0,,
2509,47,210,212,Elementos de cerámica,R2,66.54,11,2024-10-31,1,Decoración,52-90,0,0,,
1163,147,210,211,Elementos de cerámica,R1,32,2,2024-05-13,1,Decoración,26-52,0,0,,
95,507,210,213,Elementos de cerámica,R3,111.1,1,2024-01-13,1,Decoración,90-125,0,0,,
1419,297,210,212,Elementos de cerámica,R2,73.17,10,2024-06-12,1,Decoración,52-90,0,0,,
1481,267,210,212,Elementos de cerámica,R2,58.78,11,2024-06-22,1,Decoración,52-90,0,0,,
2827,67,210,213,Elementos de cerámica,R3,109.07,12,2024-12-10,1,Decoración,90-125,0,0,,
2166,247,210,212,Elementos de cerámica,R2,53.23,5,2024-09-15,1,Decoración,52-90,0,0,,
2167,927,210,212,Elementos de cerámica,R2,53.69,12,2024-09-15,1,Decoración,52-90,0,0,,
305,347,210,212,Elementos de cerámica,R2,83.52,12,2024-02-05,1,Decoración,52-90,0,0,,
1456,767,210,211,Elementos de cerámica,R1,40.69,11,2024-06-17,1,Decoración,26-52,0,0,,
1464,777,210,212,Elementos de cerámica,R2,62.21,1,2024-06-19,1,Decoración,52-90,0,0,,
482,697,210,212,Elementos de cerámica,R2,67.37,2,2024-02-26,1,Decoración,52-90,0,0,,
2591,217,210,211,Elementos de cerámica,R1,47.48,2,2024-11-11,1,Decoración,26-52,0,0,,
387,457,210,211,Elementos de cerámica,R1,38.25,1,2024-02-15,1,Decoración,26-52,0,0,,
2583,327,210,213,Elementos de cerámica,R3,105.59,9,2024-11-10,1,Decoración,90-125,0,0,,
1449,187,210,212,Elementos de cerámica,R2,57.19,8,2024-06-16,1,Decoración,52-90,0,0,,
1933,647,210,211,Elementos de cerámica,R1,49.52,3,2024-08-19,1,Decoración,26-52,0,0,,
2375,97,210,213,Elementos de cerámica,R3,116.32,9,2024-10-12,1,Decoración,90-125,0,0,,
2171,7,210,213,Elementos de cerámica,R3,123.38,1,2024-09-16,1,Decoración,90-125,0,0,,
258,277,210,212,Elementos de cerámica,R2,52.17,7,2024-01-31,1,Decoración,52-90,0,0,,
1408,637,210,211,Elementos de cerámica,R1,44.23,4,2024-06-11,1,Decoración,26-52,0,0,,
2218,717,210,211,Elementos de cerámica,R1,35.39,11,2024-09-23,1,Decoración,26-52,0,0,,
1512,677,210,213,Elementos de cerámica,R3,93.29,9,2024-06-26,1,Decoración,90-125,0,0,,
2352,117,210,211,Elementos de cerámica,R1,29.63,4,2024-10-10,1,Decoración,26-52,0,0,,
520,337,210,213,Elementos de cerámica,R3,92.88,10,2024-03-02,1,Decoración,90-125,0,0,,
2538,27,210,213,Elementos de cerámica,R3,112.53,11,2024-11-05,1,Decoración,90-125,0,0,,
2685,837,210,212,Elementos de cerámica,R2,56.1,12,2024-11-22,1,Decoración,52-90,0,0,,
588,967,210,211,Elementos de cerámica,R1,29.05,10,2024-03-10,1,Decoración,26-52,0,0,,
2686,907,210,211,Elementos de cerámica,R1,49.85,8,2024-11-22,1,Decoración,26-52,0,0,,
2231,437,210,211,Elementos de cerámica,R1,35.83,9,2024-09-25,1,Decoración,26-52,0,0,,
2540,587,210,211,Elementos de cerámica,R1,33.98,9,2024-11-05,1,Decoración,26-52,0,0,,
358,417,210,211,Elementos de cerámica,R1,35.97,2,2024-02-11,1,Decoración,26-52,0,0,,
686,197,210,212,Elementos de cerámica,R2,89.17,4,2024-03-20,1,Decoración,52-90,0,0,,
346,737,210,213,Elementos de cerámica,R3,116.82,3,2024-02-10,1,Decoración,90-125,0,0,,
1302,897,210,211,Elementos de cerámica,R1,27.43,7,2024-05-28,1,Decoración,26-52,0,0,,
1289,137,210,212,Elementos de cerámica,R2,68.46,11,2024-05-27,1,Decoración,52-90,0,0,,
1200,667,210,211,Elementos de cerámica,R1,45.2,9,2024-05-17,1,Decoración,26-52,0,0,,
2548,597,210,213,Elementos de cerámica,R3,96.57,8,2024-11-06,1,Decoración,90-125,0,0,,
810,237,210,212,Elementos de cerámica,R2,61.12,9,2024-04-04,1,Decoración,52-90,0,0,,
97,987,210,213,Elementos de cerámica,R3,102.62,3,2024-01-13,1,Decoración,90-125,0,0,,
2635,227,210,211,Elementos de cerámica,R1,32.11,11,2024-11-17,1,Decoración,26-52,0,0,,
1211,477,210,212,Elementos de cerámica,R2,81.02,1,2024-05-18,1,Decoración,52-90,0,0,,
2369,867,210,212,Elementos de cerámica,R2,65.85,5,2024-10-11,1,Decoración,52-90,0,0,,
2637,757,210,211,Elementos de cerámica,R1,36.44,10,2024-11-17,1,Decoración,26-52,0,0,,
669,407,210,213,Elementos de cerámica,R3,97.51,5,2024-03-18,1,Decoración,90-125,0,0,,
1253,527,210,213,Elementos de cerámica,R3,103.6,3,2024-05-22,1,Decoración,90-125,0,0,,
2770,57,210,213,Elementos de cerámica,R3,104.56,12,2024-12-02,1,Decoración,90-125,0,0,,
1898,207,210,212,Elementos de cerámica,R2,84.02,3,2024-08-14,1,Decoración,52-90,0,0,,
113,977,210,212,Elementos de cerámica,R2,74.35,5,2024-01-15,1,Decoración,52-90,0,0,,
330,367,210,211,Elementos de cerámica,R1,47,2,2024-02-08,1,Decoración,26-52,0,0,,
1382,257,210,213,Elementos de cerámica,R3,108.4,7,2024-06-07,1,Decoración,90-125,0,0,,
1502,287,210,211,Elementos de cerámica,R1,47.43,2,2024-06-25,1,Decoración,26-52,0,0,,
2065,447,210,212,Elementos de cerámica,R2,88.98,1,2024-09-03,1,Decoración,52-90,0,0,,
188,947,210,213,Elementos de cerámica,R3,117.34,1,2024-01-23,1,Decoración,90-125,0,0,,
2493,657,210,212,Elementos de cerámica,R2,69.67,3,2024-10-29,1,Decoración,52-90,0,0,,
464,577,210,212,Elementos de cerámica,R2,60.17,7,2024-02-24,1,Decoración,52-90,0,0,,
1700,87,210,211,Elementos de cerámica,R1,38.79,3,2024-07-20,1,Decoración,26-52,0,0,,
2487,857,210,213,Elementos de cerámica,R3,91.06,8,2024-10-28,1,Decoración,90-125,0,0,,
2042,847,210,212,Elementos de cerámica,R2,69.36,1,2024-08-31,1,Decoración,52-90,0,0,,
2974,167,210,213,Elementos de cerámica,R3,104.96,6,2024-12-28,1,Decoración,90-125,0,0,,
71,817,210,213,Elementos de cerámica,R3,106.31,1,2024-01-10,1,Decoración,90-125,0,0,,
2143,357,210,211,Elementos de cerámica,R1,45.05,7,2024-09-13,1,Decoración,26-52,0,0,,
2015,397,210,211,Elementos de cerámica,R1,40.29,2,2024-08-28,1,Decoración,26-52,0,0,,
2867,567,210,213,Elementos de cerámica,R3,97.22,8,2024-12-15,1,Decoración,90-125,0,0,,
881,127,210,213,Elementos de cerámica,R3,93.84,8,2024-04-12,1,Decoración,90-125,0,0,,
2924,917,210,212,Elementos de cerámica,R2,52.65,8,2024-12-22,1,Decoración,52-90,0,0,,
1694,157,210,211,Elementos de cerámica,R1,48.72,12,2024-07-19,1,Decoración,26-52,0,0,,
606,887,210,211,Elementos de cerámica,R1,41.55,3,2024-03-12,1,Decoración,26-52,0,0,,
639,957,210,212,Elementos de cerámica,R2,75.27,4,2024-03-15,1,Decoración,52-90,0,0,,
2131,377,210,212,Elementos de cerámica,R2,73.34,9,2024-09-12,1,Decoración,52-90,0,0,,
2082,467,210,213,Elementos de cerámica,R3,120.79,12,2024-09-06,1,Decoración,90-125,0,0,,
445,707,210,212,Elementos de cerámica,R2,63.79,1,2024-02-22,1,Decoración,52-90,0,0,,
277,557,210,213,Elementos de cerámica,R3,108.86,6,2024-02-02,1,Decoración,90-125,0,0,,
230,617,210,211,Elementos de cerámica,R1,28.22,4,2024-01-28,1,Decoración,26-52,0,0,,
51,687,210,211,Elementos de cerámica,R1,27.68,8,2024-01-08,1,Decoración,26-52,0,0,,
1699,37,210,211,Elementos de cerámica,R1,38.64,1,2024-07-20,1,Decoración,26-52,0,0,,
2156,877,210,211,Elementos de cerámica,R1,40.82,12,2024-09-14,1,Decoración,26-52,0,0,,
2935,497,210,213,Elementos de cerámica,R3,124.16,4,2024-12-23,1,Decoración,90-125,0,0,,
907,107,210,211,Elementos de cerámica,R1,45.86,6,2024-04-15,1,Decoración,26-52,0,0,,
2096,607,210,212,Elementos de cerámica,R2,52.8,4,2024-09-07,1,Decoración,52-90,0,0,,
1999,807,210,212,Elementos de cerámica,R2,52.14,9,2024-08-26,1,Decoración,52-90,0,0,,
36,17,210,213,Elementos de cerámica,R3,108.48,11,2024-01-07,1,Decoración,90-125,0,0,,
1046,177,210,212,Elementos de cerámica,R2,64.17,4,2024-04-30,1,Decoración,52-90,0,0,,
636,517,210,213,Elementos de cerámica,R3,94.94,12,2024-03-15,1,Decoración,90-125,0,0,,
2855,427,210,212,Elementos de cerámica,R2,60.13,6,2024-12-14,1,Decoración,52-90,0,0,,
1598,827,210,213,Elementos de cerámica,R3,97.35,5,2024-07-07,1,Decoración,90-125,0,0,,
1626,307,210,213,Elementos de cerámica,R3,95.51,7,2024-07-11,1,Decoración,90-125,0,0,,
863,797,210,212,Elementos de cerámica,R2,52.97,2,2024-04-10,1,Decoración,52-90,0,0,,
1124,937,210,213,Elementos de cerámica,R3,121.14,2,2024-05-08,1,Decoración,90-125,0,0,,
1711,77,210,213,Elementos de cerámica,R3,121.49,8,2024-07-21,1,Decoración,90-125,0,0,,
398,727,210,213,Elementos de cerámica,R3,108.86,6,2024-02-17,1,Decoración,90-125,0,0,,
215,787,210,213,Elementos de cerámica,R3,106.39,6,2024-01-26,1,Decoración,90-125,0,0,,
2050,487,210,211,Elementos de cerámica,R1,30.94,5,2024-09-01,1,Decoración,26-52,0,0,,
1125,997,210,212,Elementos de cerámica,R2,56.49,10,2024-05-08,1,Decoración,52-90,0,0,,
1019,537,210,213,Elementos de cerámica,R3,124.38,5,2024-04-27,1,Decoración,90-125,0,0,,
1964,747,210,211,Elementos de cerámica,R1,32.85,10,2024-08-22,1,Decoración,26-52,0,0,,
424,387,210,212,Elementos de cerámica,R2,76.94,12,2024-02-20,1,Decoración,52-90,0,0,,
2761,293,220,221,Espejo decorativo,R1,40.97,9,2024-12-01,1,Decoración,25-57,0,0,,
1495,603,220,223,Espejo decorativo,R3,104.42,11,2024-06-24,1,Decoración,93-125,0,0,,
2750,413,220,222,Espejo decorativo,R2,60.81,7,2024-11-30,1,Decoración,57-93,0,0,,
1960,203,220,221,Espejo decorativo,R1,28.98,6,2024-08-22,1,Decoración,25-57,0,0,,
1384,333,220,222,Espejo decorativo,R2,73.58,5,2024-06-07,1,Decoración,57-93,0,0,,
1038,493,220,223,Espejo decorativo,R3,109.32,10,2024-04-29,1,Decoración,93-125,0,0,,
60,633,220,222,Espejo decorativo,R2,60.39,2,2024-01-09,1,Decoración,57-93,0,0,,
329,163,220,221,Espejo decorativo,R1,30.11,12,2024-02-08,1,Decoración,25-57,0,0,,
1252,483,220,223,Espejo decorativo,R3,97.74,11,2024-05-22,1,Decoración,93-125,0,0,,
154,323,220,223,Espejo decorativo,R3,123.21,7,2024-01-19,1,Decoración,93-125,0,0,,
2212,573,220,223,Espejo decorativo,R3,115.17,4,2024-09-22,1,Decoración,93-125,0,0,,
1493,383,220,223,Espejo decorativo,R3,119.48,7,2024-06-24,1,Decoración,93-125,0,0,,
997,673,220,221,Espejo decorativo,R1,26.33,7,2024-04-25,1,Decoración,25-57,0,0,,
2031,723,220,222,Espejo decorativo,R2,77.38,1,2024-08-30,1,Decoración,57-93,0,0,,
530,403,220,222,Espejo decorativo,R2,64.37,1,2024-03-03,1,Decoración,57-93,0,0,,
321,393,220,223,Espejo decorativo,R3,122.11,7,2024-02-07,1,Decoración,93-125,0,0,,
788,893,220,221,Espejo decorativo,R1,34.64,12,2024-04-02,1,Decoración,25-57,0,0,,
1520,283,220,222,Espejo decorativo,R2,89.21,2,2024-06-27,1,Decoración,57-93,0,0,,
2894,653,220,223,Espejo decorativo,R3,107.93,8,2024-12-17,1,Decoración,93-125,0,0,,
1667,63,220,222,Espejo decorativo,R2,57.27,11,2024-07-16,1,Decoración,57-93,0,0,,
1991,803,220,222,Espejo decorativo,R2,91.66,1,2024-08-25,1,Decoración,57-93,0,0,,
2983,743,220,223,Espejo decorativo,R3,117.04,8,2024-12-29,1,Decoración,93-125,0,0,,
2210,3,220,221,Espejo decorativo,R1,51.32,1,2024-09-22,1,Decoración,25-57,0,0,,
1589,513,220,223,Espejo decorativo,R3,112.7,11,2024-07-06,1,Decoración,93-125,0,0,,
953,833,220,223,Espejo decorativo,R3,119.87,10,2024-04-20,1,Decoración,93-125,0,0,,
2230,93,220,221,Espejo decorativo,R1,44.57,9,2024-09-25,1,Decoración,25-57,0,0,,
2734,703,220,221,Espejo decorativo,R1,30.41,8,2024-11-28,1,Decoración,25-57,0,0,,
268,733,220,221,Espejo decorativo,R1,44.37,2,2024-02-01,1,Decoración,25-57,0,0,,
1366,433,220,222,Espejo decorativo,R2,86.28,10,2024-06-05,1,Decoración,57-93,0,0,,
122,503,220,223,Espejo decorativo,R3,101.91,3,2024-01-16,1,Decoración,93-125,0,0,,
80,963,220,221,Espejo decorativo,R1,32.34,5,2024-01-11,1,Decoración,25-57,0,0,,
121,113,220,222,Espejo decorativo,R2,75.93,10,2024-01-16,1,Decoración,57-93,0,0,,
2095,593,220,221,Espejo decorativo,R1,54.7,6,2024-09-07,1,Decoración,25-57,0,0,,
399,913,220,222,Espejo decorativo,R2,59.36,4,2024-02-17,1,Decoración,57-93,0,0,,
2743,813,220,221,Espejo decorativo,R1,37.25,3,2024-11-29,1,Decoración,25-57,0,0,,
1272,583,220,221,Espejo decorativo,R1,49.09,9,2024-05-25,1,Decoración,25-57,0,0,,
2554,263,220,223,Espejo decorativo,R3,103.07,6,2024-11-07,1,Decoración,93-125,0,0,,
2555,273,220,221,Espejo decorativo,R1,49.11,10,2024-11-07,1,Decoración,25-57,0,0,,
356,43,220,222,Espejo decorativo,R2,81.16,2,2024-02-11,1,Decoración,57-93,0,0,,
2329,223,220,222,Espejo decorativo,R2,70.04,3,2024-10-07,1,Decoración,57-93,0,0,,
2528,773,220,222,Espejo decorativo,R2,64.35,8,2024-11-02,1,Decoración,57-93,0,0,,
800,643,220,221,Espejo decorativo,R1,43.51,1,2024-04-03,1,Decoración,25-57,0,0,,
2463,853,220,222,Espejo decorativo,R2,87.21,7,2024-10-26,1,Decoración,57-93,0,0,,
203,983,220,223,Espejo decorativo,R3,123.22,10,2024-01-25,1,Decoración,93-125,0,0,,
1262,123,220,222,Espejo decorativo,R2,63.56,11,2024-05-23,1,Decoración,57-93,0,0,,
1742,473,220,222,Espejo decorativo,R2,83.21,1,2024-07-25,1,Decoración,57-93,0,0,,
2908,793,220,221,Espejo decorativo,R1,27.21,2,2024-12-19,1,Decoración,25-57,0,0,,
2649,883,220,221,Espejo decorativo,R1,32.09,8,2024-11-18,1,Decoración,25-57,0,0,,
1308,13,220,221,Espejo decorativo,R1,29.73,1,2024-05-29,1,Decoración,25-57,0,0,,
1552,363,220,223,Espejo decorativo,R3,119.02,1,2024-07-01,1,Decoración,93-125,0,0,,
564,23,220,222,Espejo decorativo,R2,70.36,5,2024-03-08,1,Decoración,57-93,0,0,,
70,553,220,223,Espejo decorativo,R3,96.29,9,2024-01-10,1,Decoración,93-125,0,0,,
2145,943,220,222,Espejo decorativo,R2,59.88,4,2024-09-13,1,Decoración,57-93,0,0,,
418,83,220,223,Espejo decorativo,R3,101.38,6,2024-02-19,1,Decoración,93-125,0,0,,
1637,463,220,221,Espejo decorativo,R1,27.65,11,2024-07-12,1,Decoración,25-57,0,0,,
1797,533,220,223,Espejo decorativo,R3,94.06,6,2024-08-01,1,Decoración,93-125,0,0,,
1796,423,220,223,Espejo decorativo,R3,115.45,4,2024-08-01,1,Decoración,93-125,0,0,,
2810,303,220,221,Espejo decorativo,R1,33.85,11,2024-12-07,1,Decoración,25-57,0,0,,
2698,923,220,222,Espejo decorativo,R2,59.64,2,2024-11-24,1,Decoración,57-93,0,0,,
2421,33,220,223,Espejo decorativo,R3,113.71,7,2024-10-20,1,Decoración,93-125,0,0,,
836,213,220,221,Espejo decorativo,R1,40.76,8,2024-04-07,1,Decoración,25-57,0,0,,
1230,453,220,221,Espejo decorativo,R1,55.4,9,2024-05-20,1,Decoración,25-57,0,0,,
2316,753,220,223,Espejo decorativo,R3,119.86,4,2024-10-05,1,Decoración,93-125,0,0,,
2485,343,220,221,Espejo decorativo,R1,50.49,4,2024-10-28,1,Decoración,25-57,0,0,,
237,373,220,221,Espejo decorativo,R1,29.77,11,2024-01-29,1,Decoración,25-57,0,0,,
213,73,220,221,Espejo decorativo,R1,52.58,9,2024-01-26,1,Decoración,25-57,0,0,,
1123,873,220,223,Espejo decorativo,R3,120.9,6,2024-05-08,1,Decoración,93-125,0,0,,
647,613,220,222,Espejo decorativo,R2,78.46,7,2024-03-16,1,Decoración,57-93,0,0,,
2172,713,220,223,Espejo decorativo,R3,104.89,5,2024-09-16,1,Decoración,93-125,0,0,,
1936,133,220,222,Espejo decorativo,R2,76.22,11,2024-08-20,1,Decoración,57-93,0,0,,
2853,663,220,223,Espejo decorativo,R3,102.68,4,2024-12-13,1,Decoración,93-125,0,0,,
613,623,220,222,Espejo decorativo,R2,74.95,3,2024-03-13,1,Decoración,57-93,0,0,,
297,763,220,223,Espejo decorativo,R3,117.99,3,2024-02-04,1,Decoración,93-125,0,0,,
1338,253,220,222,Espejo decorativo,R2,92.77,5,2024-06-02,1,Decoración,57-93,0,0,,
88,243,220,221,Espejo decorativo,R1,55.61,1,2024-01-12,1,Decoración,25-57,0,0,,
920,953,220,222,Espejo decorativo,R2,76.31,5,2024-04-16,1,Decoración,57-93,0,0,,
1607,233,220,223,Espejo decorativo,R3,106.52,5,2024-07-08,1,Decoración,93-125,0,0,,
2240,103,220,221,Espejo decorativo,R1,43.78,11,2024-09-26,1,Decoración,25-57,0,0,,
962,563,220,222,Espejo decorativo,R2,65.35,10,2024-04-21,1,Decoración,57-93,0,0,,
2710,153,220,221,Espejo decorativo,R1,49.47,10,2024-11-26,1,Decoración,25-57,0,0,,
2829,313,220,221,Espejo decorativo,R1,50.48,1,2024-12-10,1,Decoración,25-57,0,0,,
1558,443,220,222,Espejo decorativo,R2,65.59,1,2024-07-02,1,Decoración,57-93,0,0,,
1984,823,220,223,Espejo decorativo,R3,99.07,6,2024-08-24,1,Decoración,93-125,0,0,,
1157,973,220,221,Espejo decorativo,R1,54.84,5,2024-05-12,1,Decoración,25-57,0,0,,
1091,903,220,222,Espejo decorativo,R2,81.45,2,2024-05-04,1,Decoración,57-93,0,0,,
604,693,220,222,Espejo decorativo,R2,85.04,9,2024-03-12,1,Decoración,57-93,0,0,,
2280,683,220,223,Espejo decorativo,R3,123.55,5,2024-09-30,1,Decoración,93-125,0,0,,
2773,863,220,222,Espejo decorativo,R2,81.72,9,2024-12-02,1,Decoración,57-93,0,0,,
1660,783,220,222,Espejo decorativo,R2,80.56,7,2024-07-15,1,Decoración,57-93,0,0,,
2039,193,220,223,Espejo decorativo,R3,121.37,6,2024-08-31,1,Decoración,93-125,0,0,,
1097,353,220,221,Espejo decorativo,R1,43.92,11,2024-05-05,1,Decoración,25-57,0,0,,
1659,173,220,223,Espejo decorativo,R3,96.39,6,2024-07-15,1,Decoración,93-125,0,0,,
216,933,220,223,Espejo decorativo,R3,110.02,1,2024-01-26,1,Decoración,93-125,0,0,,
1448,143,220,223,Espejo decorativo,R3,101.88,9,2024-06-16,1,Decoración,93-125,0,0,,
612,543,220,222,Espejo decorativo,R2,79.98,10,2024-03-13,1,Decoración,57-93,0,0,,
2512,523,220,221,Espejo decorativo,R1,45.46,12,2024-10-31,1,Decoración,25-57,0,0,,
1853,843,220,221,Espejo decorativo,R1,32.8,12,2024-08-07,1,Decoración,25-57,0,0,,
37,183,220,222,Espejo decorativo,R2,82.76,8,2024-01-07,1,Decoración,57-93,0,0,,
104,993,220,223,Espejo decorativo,R3,98.26,1,2024-01-14,1,Decoración,93-125,0,0,,
102,53,220,223,Espejo decorativo,R3,115.45,7,2024-01-14,1,Decoración,93-125,0,0,,
2435,1891,230,233,Freidora eléctrica,R3,112.96,6,2024-10-22,2,Electrodomésticos,90-125,0,0,,
764,1821,230,231,Freidora eléctrica,R1,44.33,10,2024-03-30,2,Electrodomésticos,25-61,0,0,,
2332,1141,230,232,Freidora eléctrica,R2,71.45,12,2024-10-07,2,Electrodomésticos,61-90,0,0,,
538,1761,230,233,Freidora eléctrica,R3,109.97,7,2024-03-04,2,Electrodomésticos,90-125,0,0,,
2097,1171,230,231,Freidora eléctrica,R1,47.85,9,2024-09-07,2,Electrodomésticos,25-61,0,0,,
339,1791,230,231,Freidora eléctrica,R1,51.37,9,2024-02-09,2,Electrodomésticos,25-61,0,0,,
1344,1051,230,232,Freidora eléctrica,R2,82.08,8,2024-06-02,2,Electrodomésticos,61-90,0,0,,
2681,1951,230,233,Freidora eléctrica,R3,112.16,5,2024-11-21,2,Electrodomésticos,90-125,0,0,,
2676,1881,230,233,Freidora eléctrica,R3,107.86,9,2024-11-20,2,Electrodomésticos,90-125,0,0,,
1141,1151,230,232,Freidora eléctrica,R2,75.33,11,2024-05-10,2,Electrodomésticos,61-90,0,0,,
2402,1321,230,231,Freidora eléctrica,R1,28.16,4,2024-10-16,2,Electrodomésticos,25-61,0,0,,
1765,1561,230,232,Freidora eléctrica,R2,88.22,12,2024-07-28,2,Electrodomésticos,61-90,0,0,,
1766,1811,230,231,Freidora eléctrica,R1,50.06,3,2024-07-28,2,Electrodomésticos,25-61,0,0,,
2285,1411,230,233,Freidora eléctrica,R3,102.2,5,2024-09-30,2,Electrodomésticos,90-125,0,0,,
2286,1511,230,233,Freidora eléctrica,R3,116.49,2,2024-09-30,2,Electrodomésticos,90-125,0,0,,
184,1981,230,231,Freidora eléctrica,R1,48.68,8,2024-01-22,2,Electrodomésticos,25-61,0,0,,
1800,1331,230,233,Freidora eléctrica,R3,116.97,2,2024-08-01,2,Electrodomésticos,90-125,0,0,,
309,1961,230,232,Freidora eléctrica,R2,81.99,1,2024-02-05,2,Electrodomésticos,61-90,0,0,,
263,1481,230,233,Freidora eléctrica,R3,121.77,12,2024-01-31,2,Electrodomésticos,90-125,0,0,,
2608,1111,230,233,Freidora eléctrica,R3,100.12,12,2024-11-13,2,Electrodomésticos,90-125,0,0,,
2076,1861,230,233,Freidora eléctrica,R3,110.19,7,2024-09-05,2,Electrodomésticos,90-125,0,0,,
711,1921,230,233,Freidora eléctrica,R3,124,5,2024-03-22,2,Electrodomésticos,90-125,0,0,,
1444,1091,230,232,Freidora eléctrica,R2,70.6,7,2024-06-15,2,Electrodomésticos,61-90,0,0,,
2985,1161,230,233,Freidora eléctrica,R3,99.68,2,2024-12-29,2,Electrodomésticos,90-125,0,0,,
436,1031,230,233,Freidora eléctrica,R3,117.97,6,2024-02-21,2,Electrodomésticos,90-125,0,0,,
956,1701,230,232,Freidora eléctrica,R2,87.64,7,2024-04-20,2,Electrodomésticos,61-90,0,0,,
307,1451,230,231,Freidora eléctrica,R1,48.52,4,2024-02-05,2,Electrodomésticos,25-61,0,0,,
2584,1021,230,231,Freidora eléctrica,R1,49.62,6,2024-11-10,2,Electrodomésticos,25-61,0,0,,
2624,1621,230,231,Freidora eléctrica,R1,56.74,9,2024-11-15,2,Electrodomésticos,25-61,0,0,,
338,1371,230,233,Freidora eléctrica,R3,95.71,4,2024-02-09,2,Electrodomésticos,90-125,0,0,,
11,1571,230,233,Freidora eléctrica,R3,111.18,1,2024-01-03,2,Electrodomésticos,90-125,0,0,,
978,1841,230,231,Freidora eléctrica,R1,58.26,2,2024-04-22,2,Electrodomésticos,25-61,0,0,,
2657,1991,230,232,Freidora eléctrica,R2,64.55,5,2024-11-18,2,Electrodomésticos,61-90,0,0,,
22,1971,230,233,Freidora eléctrica,R3,122.25,11,2024-01-04,2,Electrodomésticos,90-125,0,0,,
1504,1541,230,231,Freidora eléctrica,R1,37.62,5,2024-06-25,2,Electrodomésticos,25-61,0,0,,
1833,1661,230,232,Freidora eléctrica,R2,88.82,2,2024-08-04,2,Electrodomésticos,61-90,0,0,,
2654,1691,230,231,Freidora eléctrica,R1,49.47,12,2024-11-18,2,Electrodomésticos,25-61,0,0,,
334,1501,230,231,Freidora eléctrica,R1,58.69,4,2024-02-08,2,Electrodomésticos,25-61,0,0,,
1497,1291,230,231,Freidora eléctrica,R1,56.86,1,2024-06-24,2,Electrodomésticos,25-61,0,0,,
753,1121,230,233,Freidora eléctrica,R3,90.31,6,2024-03-28,2,Electrodomésticos,90-125,0,0,,
749,1251,230,233,Freidora eléctrica,R3,113.11,12,2024-03-27,2,Electrodomésticos,90-125,0,0,,
999,1041,230,232,Freidora eléctrica,R2,89.99,6,2024-04-25,2,Electrodomésticos,61-90,0,0,,
1821,1531,230,231,Freidora eléctrica,R1,43.88,9,2024-08-03,2,Electrodomésticos,25-61,0,0,,
2641,1651,230,232,Freidora eléctrica,R2,78.73,10,2024-11-17,2,Electrodomésticos,61-90,0,0,,
546,1741,230,232,Freidora eléctrica,R2,67.75,2,2024-03-05,2,Electrodomésticos,61-90,0,0,,
2034,1341,230,231,Freidora eléctrica,R1,38.42,1,2024-08-30,2,Electrodomésticos,25-61,0,0,,
937,1521,230,232,Freidora eléctrica,R2,89.52,10,2024-04-17,2,Electrodomésticos,61-90,0,0,,
2325,1711,230,231,Freidora eléctrica,R1,34.28,2,2024-10-06,2,Electrodomésticos,25-61,0,0,,
2631,1671,230,233,Freidora eléctrica,R3,106.34,8,2024-11-16,2,Electrodomésticos,90-125,0,0,,
701,1831,230,232,Freidora eléctrica,R2,87.85,4,2024-03-21,2,Electrodomésticos,61-90,0,0,,
1516,1931,230,232,Freidora eléctrica,R2,82.9,5,2024-06-26,2,Electrodomésticos,61-90,0,0,,
1041,1281,230,231,Freidora eléctrica,R1,60.99,12,2024-04-29,2,Electrodomésticos,25-61,0,0,,
1235,1351,230,232,Freidora eléctrica,R2,69.09,2,2024-05-20,2,Electrodomésticos,61-90,0,0,,
1286,1721,230,231,Freidora eléctrica,R1,26.06,5,2024-05-26,2,Electrodomésticos,25-61,0,0,,
1053,1401,230,233,Freidora eléctrica,R3,122.99,7,2024-04-30,2,Electrodomésticos,90-125,0,0,,
2228,1461,230,233,Freidora eléctrica,R3,108.58,12,2024-09-24,2,Electrodomésticos,90-125,0,0,,
2483,1601,230,231,Freidora eléctrica,R1,32.54,11,2024-10-27,2,Electrodomésticos,25-61,0,0,,
869,1871,230,232,Freidora eléctrica,R2,88.9,6,2024-04-10,2,Electrodomésticos,61-90,0,0,,
1274,1241,230,233,Freidora eléctrica,R3,96.2,6,2024-05-25,2,Electrodomésticos,90-125,0,0,,
361,1901,230,232,Freidora eléctrica,R2,83.07,6,2024-02-11,2,Electrodomésticos,61-90,0,0,,
412,1081,230,233,Freidora eléctrica,R3,95.5,4,2024-02-18,2,Electrodomésticos,90-125,0,0,,
2185,1191,230,232,Freidora eléctrica,R2,69.8,6,2024-09-17,2,Electrodomésticos,61-90,0,0,,
1744,1231,230,233,Freidora eléctrica,R3,98.69,3,2024-07-25,2,Electrodomésticos,90-125,0,0,,
1202,1181,230,232,Freidora eléctrica,R2,85.03,4,2024-05-17,2,Electrodomésticos,61-90,0,0,,
2791,1131,230,233,Freidora eléctrica,R3,113.18,5,2024-12-04,2,Electrodomésticos,90-125,0,0,,
2909,1061,230,233,Freidora eléctrica,R3,112.38,11,2024-12-19,2,Electrodomésticos,90-125,0,0,,
1258,1631,230,233,Freidora eléctrica,R3,111.17,5,2024-05-22,2,Electrodomésticos,90-125,0,0,,
804,1611,230,232,Freidora eléctrica,R2,82.46,4,2024-04-03,2,Electrodomésticos,61-90,0,0,,
2903,1731,230,232,Freidora eléctrica,R2,88.92,3,2024-12-18,2,Electrodomésticos,61-90,0,0,,
2213,1681,230,232,Freidora eléctrica,R2,82.95,4,2024-09-22,2,Electrodomésticos,61-90,0,0,,
114,1271,230,233,Freidora eléctrica,R3,119.46,2,2024-01-15,2,Electrodomésticos,90-125,0,0,,
1911,1591,230,232,Freidora eléctrica,R2,87.9,12,2024-08-15,2,Electrodomésticos,61-90,0,0,,
1910,1421,230,232,Freidora eléctrica,R2,78.39,6,2024-08-15,2,Electrodomésticos,61-90,0,0,,
1888,1801,230,231,Freidora eléctrica,R1,60.25,3,2024-08-12,2,Electrodomésticos,25-61,0,0,,
2357,1221,230,233,Freidora eléctrica,R3,112.79,11,2024-10-10,2,Electrodomésticos,90-125,0,0,,
2774,1101,230,231,Freidora eléctrica,R1,35.84,11,2024-12-02,2,Electrodomésticos,25-61,0,0,,
1561,1011,230,232,Freidora eléctrica,R2,79.07,7,2024-07-02,2,Electrodomésticos,61-90,0,0,,
2542,1071,230,232,Freidora eléctrica,R2,71.74,2,2024-11-05,2,Electrodomésticos,61-90,0,0,,
2728,1211,230,233,Freidora eléctrica,R3,112.72,7,2024-11-27,2,Electrodomésticos,90-125,0,0,,
594,1751,230,232,Freidora eléctrica,R2,77.13,4,2024-03-10,2,Electrodomésticos,61-90,0,0,,
89,1441,230,231,Freidora eléctrica,R1,52.57,11,2024-01-12,2,Electrodomésticos,25-61,0,0,,
2121,1391,230,231,Freidora eléctrica,R1,56.75,2,2024-09-10,2,Electrodomésticos,25-61,0,0,,
855,1361,230,233,Freidora eléctrica,R3,103.64,10,2024-04-09,2,Electrodomésticos,90-125,0,0,,
693,2001,230,231,Freidora eléctrica,R1,43.14,12,2024-03-20,2,Electrodomésticos,25-61,0,0,,
692,1581,230,232,Freidora eléctrica,R2,88.59,8,2024-03-20,2,Electrodomésticos,61-90,0,0,,
1714,1491,230,231,Freidora eléctrica,R1,48.86,1,2024-07-21,2,Electrodomésticos,25-61,0,0,,
775,1201,230,233,Freidora eléctrica,R3,95.13,8,2024-03-31,2,Electrodomésticos,90-125,0,0,,
776,1261,230,232,Freidora eléctrica,R2,84.29,10,2024-03-31,2,Electrodomésticos,61-90,0,0,,
2491,1911,230,231,Freidora eléctrica,R1,46.16,1,2024-10-28,2,Electrodomésticos,25-61,0,0,,
848,1381,230,231,Freidora eléctrica,R1,38.12,2,2024-04-08,2,Electrodomésticos,25-61,0,0,,
2847,1471,230,232,Freidora eléctrica,R2,83.48,8,2024-12-12,2,Electrodomésticos,61-90,0,0,,
2149,1851,230,231,Freidora eléctrica,R1,26.03,5,2024-09-13,2,Electrodomésticos,25-61,0,0,,
2825,1641,230,231,Freidora eléctrica,R1,28.6,5,2024-12-09,2,Electrodomésticos,25-61,0,0,,
1580,1941,230,232,Freidora eléctrica,R2,72.66,2,2024-07-04,2,Electrodomésticos,61-90,0,0,,
600,1311,230,232,Freidora eléctrica,R2,61.53,11,2024-03-11,2,Electrodomésticos,61-90,0,0,,
2719,1781,230,231,Freidora eléctrica,R1,34.88,7,2024-11-26,2,Electrodomésticos,25-61,0,0,,
2718,1771,230,231,Freidora eléctrica,R1,47.41,2,2024-11-26,2,Electrodomésticos,25-61,0,0,,
2147,1551,230,231,Freidora eléctrica,R1,49.4,9,2024-09-13,2,Electrodomésticos,25-61,0,0,,
2716,1301,230,233,Freidora eléctrica,R3,114.68,5,2024-11-26,2,Electrodomésticos,90-125,0,0,,
126,1431,230,232,Freidora eléctrica,R2,83.95,8,2024-01-16,2,Electrodomésticos,61-90,0,0,,
888,1012,240,242,Heladera,R2,62.93,1,2024-04-13,2,Electrodomésticos,57-91,0,0,,
2873,1492,240,242,Heladera,R2,88.58,10,2024-12-15,2,Electrodomésticos,57-91,0,0,,
2412,1512,240,241,Heladera,R1,37.72,10,2024-10-18,2,Electrodomésticos,27-57,0,0,,
2505,1872,240,242,Heladera,R2,60.32,2,2024-10-30,2,Electrodomésticos,57-91,0,0,,
710,1222,240,243,Heladera,R3,103.34,8,2024-03-22,2,Electrodomésticos,91-123,0,0,,
841,1642,240,242,Heladera,R2,88.78,2,2024-04-07,2,Electrodomésticos,57-91,0,0,,
2626,1912,240,242,Heladera,R2,82.42,8,2024-11-15,2,Electrodomésticos,57-91,0,0,,
1095,1932,240,241,Heladera,R1,31.46,9,2024-05-04,2,Electrodomésticos,27-57,0,0,,
723,1562,240,241,Heladera,R1,31.42,1,2024-03-24,2,Electrodomésticos,27-57,0,0,,
2294,1062,240,243,Heladera,R3,121.59,4,2024-10-01,2,Electrodomésticos,91-123,0,0,,
1131,1972,240,243,Heladera,R3,105.49,3,2024-05-08,2,Electrodomésticos,91-123,0,0,,
2479,1092,240,243,Heladera,R3,99.93,6,2024-10-27,2,Electrodomésticos,91-123,0,0,,
1176,1122,240,241,Heladera,R1,38.84,5,2024-05-14,2,Electrodomésticos,27-57,0,0,,
619,1892,240,242,Heladera,R2,58.45,1,2024-03-13,2,Electrodomésticos,57-91,0,0,,
3,1372,240,243,Heladera,R3,114.35,8,2024-01-02,2,Electrodomésticos,91-123,0,0,,
1166,1682,240,241,Heladera,R1,47.08,1,2024-05-13,2,Electrodomésticos,27-57,0,0,,
2620,1462,240,243,Heladera,R3,121.56,12,2024-11-15,2,Electrodomésticos,91-123,0,0,,
1094,1672,240,242,Heladera,R2,63.1,12,2024-05-04,2,Electrodomésticos,57-91,0,0,,
983,1952,240,243,Heladera,R3,115.09,2,2024-04-23,2,Electrodomésticos,91-123,0,0,,
722,1502,240,243,Heladera,R3,112.52,4,2024-03-24,2,Electrodomésticos,91-123,0,0,,
2220,1782,240,243,Heladera,R3,99.66,12,2024-09-23,2,Electrodomésticos,91-123,0,0,,
1353,1082,240,243,Heladera,R3,107.48,12,2024-06-03,2,Electrodomésticos,91-123,0,0,,
2235,1482,240,242,Heladera,R2,86.99,12,2024-09-25,2,Electrodomésticos,57-91,0,0,,
1296,1702,240,242,Heladera,R2,77.89,2,2024-05-27,2,Electrodomésticos,57-91,0,0,,
2331,1032,240,241,Heladera,R1,31.35,11,2024-10-07,2,Electrodomésticos,27-57,0,0,,
1306,1732,240,243,Heladera,R3,109.53,11,2024-05-28,2,Electrodomésticos,91-123,0,0,,
938,1532,240,241,Heladera,R1,29.17,2,2024-04-17,2,Electrodomésticos,27-57,0,0,,
2265,1522,240,242,Heladera,R2,90.32,12,2024-09-29,2,Electrodomésticos,57-91,0,0,,
2656,1942,240,242,Heladera,R2,85.36,12,2024-11-18,2,Electrodomésticos,57-91,0,0,,
1054,1762,240,241,Heladera,R1,27.82,10,2024-04-30,2,Electrodomésticos,27-57,0,0,,
1348,1602,240,241,Heladera,R1,48.35,9,2024-06-02,2,Electrodomésticos,27-57,0,0,,
1347,1552,240,241,Heladera,R1,54.63,5,2024-06-02,2,Electrodomésticos,27-57,0,0,,
2537,1262,240,241,Heladera,R1,43.72,1,2024-11-04,2,Electrodomésticos,27-57,0,0,,
607,1042,240,243,Heladera,R3,121.85,10,2024-03-12,2,Electrodomésticos,91-123,0,0,,
2650,1142,240,242,Heladera,R2,62.61,3,2024-11-18,2,Electrodomésticos,57-91,0,0,,
1001,1802,240,241,Heladera,R1,27.75,11,2024-04-25,2,Electrodomésticos,27-57,0,0,,
1350,1822,240,241,Heladera,R1,56.36,12,2024-06-02,2,Electrodomésticos,27-57,0,0,,
2899,1832,240,242,Heladera,R2,85.62,12,2024-12-17,2,Electrodomésticos,57-91,0,0,,
628,1772,240,241,Heladera,R1,56.94,2,2024-03-14,2,Electrodomésticos,27-57,0,0,,
2930,1652,240,243,Heladera,R3,101.22,11,2024-12-22,2,Electrodomésticos,91-123,0,0,,
1321,1632,240,243,Heladera,R3,120.78,8,2024-05-30,2,Electrodomésticos,91-123,0,0,,
27,1362,240,243,Heladera,R3,109.49,11,2024-01-05,2,Electrodomésticos,91-123,0,0,,
1000,1212,240,241,Heladera,R1,33.95,11,2024-04-25,2,Electrodomésticos,27-57,0,0,,
1072,1842,240,242,Heladera,R2,65.18,1,2024-05-02,2,Electrodomésticos,57-91,0,0,,
783,1322,240,242,Heladera,R2,58.58,4,2024-04-01,2,Electrodomésticos,57-91,0,0,,
1069,1152,240,243,Heladera,R3,116.86,5,2024-05-02,2,Electrodomésticos,91-123,0,0,,
2673,1302,240,241,Heladera,R1,29.85,2,2024-11-20,2,Electrodomésticos,27-57,0,0,,
2921,1752,240,241,Heladera,R1,33.85,7,2024-12-21,2,Electrodomésticos,27-57,0,0,,
1778,1317,250,252,Horno eléctrico,R2,62.18,1,2024-07-30,2,Electrodomésticos,58-93,0,0,,
2489,1487,250,253,Horno eléctrico,R3,102.75,9,2024-10-28,2,Electrodomésticos,93-124,0,0,,
601,1707,250,252,Horno eléctrico,R2,59.05,8,2024-03-11,2,Electrodomésticos,58-93,0,0,,
1579,1937,250,251,Horno eléctrico,R1,37.32,7,2024-07-04,2,Electrodomésticos,27-58,0,0,,
2454,1357,250,252,Horno eléctrico,R2,76.9,11,2024-10-25,2,Electrodomésticos,58-93,0,0,,
717,1607,250,251,Horno eléctrico,R1,53.09,3,2024-03-23,2,Electrodomésticos,27-58,0,0,,
1586,1147,250,251,Horno eléctrico,R1,56.79,11,2024-07-05,2,Electrodomésticos,27-58,0,0,,
197,1977,250,251,Horno eléctrico,R1,45.79,7,2024-01-24,2,Electrodomésticos,27-58,0,0,,
2313,1857,250,252,Horno eléctrico,R2,74.8,5,2024-10-04,2,Electrodomésticos,58-93,0,0,,
2578,1527,250,251,Horno eléctrico,R1,36.02,3,2024-11-09,2,Electrodomésticos,27-58,0,0,,
1732,1397,250,252,Horno eléctrico,R2,63.21,2,2024-07-24,2,Electrodomésticos,58-93,0,0,,
1478,1547,250,253,Horno eléctrico,R3,95.83,2,2024-06-21,2,Electrodomésticos,93-124,0,0,,
1757,1827,250,253,Horno eléctrico,R3,97.56,9,2024-07-27,2,Electrodomésticos,93-124,0,0,,
627,1657,250,253,Horno eléctrico,R3,109.73,9,2024-03-14,2,Electrodomésticos,93-124,0,0,,
1703,1157,250,251,Horno eléctrico,R1,56.94,4,2024-07-20,2,Electrodomésticos,27-58,0,0,,
2392,1687,250,253,Horno eléctrico,R3,117.85,5,2024-10-14,2,Electrodomésticos,93-124,0,0,,
1548,1927,250,252,Horno eléctrico,R2,70.29,12,2024-06-30,2,Electrodomésticos,58-93,0,0,,
1547,1107,250,252,Horno eléctrico,R2,62.25,3,2024-06-30,2,Electrodomésticos,58-93,0,0,,
1682,1947,250,251,Horno eléctrico,R1,54.93,7,2024-07-17,2,Electrodomésticos,27-58,0,0,,
699,1537,250,253,Horno eléctrico,R3,103.51,7,2024-03-21,2,Electrodomésticos,93-124,0,0,,
700,1677,250,253,Horno eléctrico,R3,116.79,12,2024-03-21,2,Electrodomésticos,93-124,0,0,,
1677,1047,250,253,Horno eléctrico,R3,96.67,3,2024-07-17,2,Electrodomésticos,93-124,0,0,,
2469,1987,250,253,Horno eléctrico,R3,113.12,6,2024-10-26,2,Electrodomésticos,93-124,0,0,,
225,1877,250,251,Horno eléctrico,R1,53.46,4,2024-01-27,2,Electrodomésticos,27-58,0,0,,
682,1917,250,252,Horno eléctrico,R2,82.36,2,2024-03-19,2,Electrodomésticos,58-93,0,0,,
2403,1637,250,253,Horno eléctrico,R3,93.24,11,2024-10-16,2,Electrodomésticos,93-124,0,0,,
1726,1847,250,253,Horno eléctrico,R3,113.06,6,2024-07-23,2,Electrodomésticos,93-124,0,0,,
2466,1577,250,252,Horno eléctrico,R2,63.35,1,2024-10-26,2,Electrodomésticos,58-93,0,0,,
661,1067,250,253,Horno eléctrico,R3,116.21,8,2024-03-17,2,Electrodomésticos,93-124,0,0,,
2371,1567,250,253,Horno eléctrico,R3,101.95,4,2024-10-11,2,Electrodomésticos,93-124,0,0,,
1687,1237,250,251,Horno eléctrico,R1,35.48,8,2024-07-18,2,Electrodomésticos,27-58,0,0,,
1648,1997,250,252,Horno eléctrico,R2,81.81,5,2024-07-13,2,Electrodomésticos,58-93,0,0,,
1639,1427,250,251,Horno eléctrico,R1,33.55,11,2024-07-12,2,Electrodomésticos,27-58,0,0,,
1671,1037,250,253,Horno eléctrico,R3,120.58,8,2024-07-16,2,Electrodomésticos,93-124,0,0,,
1186,1777,250,253,Horno eléctrico,R3,102.82,8,2024-05-15,2,Electrodomésticos,93-124,0,0,,
2931,1767,250,252,Horno eléctrico,R2,65.28,1,2024-12-22,2,Electrodomésticos,58-93,0,0,,
2854,1647,250,251,Horno eléctrico,R1,43.05,10,2024-12-13,2,Electrodomésticos,27-58,0,0,,
1370,1347,250,253,Horno eléctrico,R3,94.85,7,2024-06-05,2,Electrodomésticos,93-124,0,0,,
1368,1227,250,251,Horno eléctrico,R1,49.61,2,2024-06-05,2,Electrodomésticos,27-58,0,0,,
921,1177,250,252,Horno eléctrico,R2,65.16,4,2024-04-16,2,Electrodomésticos,58-93,0,0,,
2929,1597,250,253,Horno eléctrico,R3,115.11,3,2024-12-22,2,Electrodomésticos,93-124,0,0,,
1031,1277,250,251,Horno eléctrico,R1,41.9,4,2024-04-28,2,Electrodomésticos,27-58,0,0,,
1354,1327,250,252,Horno eléctrico,R2,75.85,2,2024-06-03,2,Electrodomésticos,58-93,0,0,,
1902,1957,250,252,Horno eléctrico,R2,81.89,3,2024-08-14,2,Electrodomésticos,58-93,0,0,,
2257,1247,250,251,Horno eléctrico,R1,55,4,2024-09-28,2,Electrodomésticos,27-58,0,0,,
1151,1407,250,253,Horno eléctrico,R3,97.47,11,2024-05-11,2,Electrodomésticos,93-124,0,0,,
81,1167,250,253,Horno eléctrico,R3,119.7,6,2024-01-11,2,Electrodomésticos,93-124,0,0,,
2915,1887,250,251,Horno eléctrico,R1,36.01,2,2024-12-20,2,Electrodomésticos,27-58,0,0,,
1183,1257,250,253,Horno eléctrico,R3,113.04,8,2024-05-15,2,Electrodomésticos,93-124,0,0,,
1851,1757,250,251,Horno eléctrico,R1,34.07,8,2024-08-06,2,Electrodomésticos,27-58,0,0,,
1129,1747,250,252,Horno eléctrico,R2,87.9,2,2024-05-08,2,Electrodomésticos,58-93,0,0,,
1070,1217,250,252,Horno eléctrico,R2,88.92,8,2024-05-02,2,Electrodomésticos,58-93,0,0,,
1266,1417,250,252,Horno eléctrico,R2,85.81,10,2024-05-23,2,Electrodomésticos,58-93,0,0,,
1966,1467,250,252,Horno eléctrico,R2,74.55,10,2024-08-22,2,Electrodomésticos,58-93,0,0,,
2857,1077,250,253,Horno eléctrico,R3,114.24,5,2024-12-14,2,Electrodomésticos,93-124,0,0,,
469,1817,250,251,Horno eléctrico,R1,31.5,4,2024-02-24,2,Electrodomésticos,27-58,0,0,,
66,1617,250,252,Horno eléctrico,R2,68.53,8,2024-01-09,2,Electrodomésticos,58-93,0,0,,
1100,1387,250,252,Horno eléctrico,R2,61.15,3,2024-05-05,2,Electrodomésticos,58-93,0,0,,
1226,1667,250,253,Horno eléctrico,R3,108.28,8,2024-05-19,2,Electrodomésticos,93-124,0,0,,
805,1627,250,251,Horno eléctrico,R1,40.58,5,2024-04-03,2,Electrodomésticos,27-58,0,0,,
2753,1727,250,252,Horno eléctrico,R2,67.95,2,2024-11-30,2,Electrodomésticos,58-93,0,0,,
1119,1967,250,252,Horno eléctrico,R2,68.97,5,2024-05-07,2,Electrodomésticos,58-93,0,0,,
791,1457,250,251,Horno eléctrico,R1,27.61,6,2024-04-02,2,Electrodomésticos,27-58,0,0,,
1854,1017,250,253,Horno eléctrico,R3,114.97,8,2024-08-07,2,Electrodomésticos,93-124,0,0,,
899,1097,250,253,Horno eléctrico,R3,122.69,10,2024-04-14,2,Electrodomésticos,93-124,0,0,,
814,1287,250,253,Horno eléctrico,R3,116.05,11,2024-04-04,2,Electrodomésticos,93-124,0,0,,
2876,1897,250,251,Horno eléctrico,R1,40.71,3,2024-12-15,2,Electrodomésticos,27-58,0,0,,
2019,1507,250,252,Horno eléctrico,R2,68.25,5,2024-08-28,2,Electrodomésticos,58-93,0,0,,
2747,1867,250,253,Horno eléctrico,R3,114.08,9,2024-11-29,2,Electrodomésticos,93-124,0,0,,
1376,1127,250,252,Horno eléctrico,R2,66.32,6,2024-06-06,2,Electrodomésticos,58-93,0,0,,
1225,1377,250,253,Horno eléctrico,R3,110.65,8,2024-05-19,2,Electrodomésticos,93-124,0,0,,
2954,1907,250,251,Horno eléctrico,R1,47.5,1,2024-12-25,2,Electrodomésticos,27-58,0,0,,
982,1477,250,253,Horno eléctrico,R3,118.26,11,2024-04-23,2,Electrodomésticos,93-124,0,0,,
163,1007,250,253,Horno eléctrico,R3,98.42,8,2024-01-20,2,Electrodomésticos,93-124,0,0,,
5,1697,250,251,Horno eléctrico,R1,35.35,9,2024-01-02,2,Electrodomésticos,27-58,0,0,,
966,1307,250,252,Horno eléctrico,R2,85.42,11,2024-04-21,2,Electrodomésticos,58-93,0,0,,
988,1057,250,251,Horno eléctrico,R1,30.51,3,2024-04-24,2,Electrodomésticos,27-58,0,0,,
2074,1207,250,251,Horno eléctrico,R1,39.34,3,2024-09-05,2,Electrodomésticos,27-58,0,0,,
1177,1787,250,251,Horno eléctrico,R1,49.02,5,2024-05-14,2,Electrodomésticos,27-58,0,0,,
2175,1587,250,251,Horno eléctrico,R1,52.21,2,2024-09-16,2,Electrodomésticos,27-58,0,0,,
172,1117,250,253,Horno eléctrico,R3,103.57,1,2024-01-21,2,Electrodomésticos,93-124,0,0,,
2993,1837,250,253,Horno eléctrico,R3,104.12,9,2024-12-30,2,Electrodomésticos,93-124,0,0,,
2596,1497,250,252,Horno eléctrico,R2,83.3,10,2024-11-11,2,Electrodomésticos,58-93,0,0,,
570,1557,250,251,Horno eléctrico,R1,53.29,12,2024-03-08,2,Electrodomésticos,27-58,0,0,,
559,1027,250,252,Horno eléctrico,R2,70.09,1,2024-03-07,2,Electrodomésticos,58-93,0,0,,
2778,1797,250,252,Horno eléctrico,R2,74.53,9,2024-12-02,2,Electrodomésticos,58-93,0,0,,
2824,1197,250,252,Horno eléctrico,R2,92.87,10,2024-12-09,2,Electrodomésticos,58-93,0,0,,
2953,1807,250,251,Horno eléctrico,R1,45.12,4,2024-12-25,2,Electrodomésticos,27-58,0,0,,
1377,1297,250,251,Horno eléctrico,R1,35.93,12,2024-06-06,2,Electrodomésticos,27-58,0,0,,
2284,1187,250,253,Horno eléctrico,R3,99.57,8,2024-09-30,2,Electrodomésticos,93-124,0,0,,
2831,1447,250,251,Horno eléctrico,R1,46.02,9,2024-12-10,2,Electrodomésticos,27-58,0,0,,
1822,1717,250,252,Horno eléctrico,R2,88.26,8,2024-08-03,2,Electrodomésticos,58-93,0,0,,
2622,1517,250,251,Horno eléctrico,R1,41.23,8,2024-11-15,2,Electrodomésticos,27-58,0,0,,
2777,1367,250,253,Horno eléctrico,R3,95.2,8,2024-12-02,2,Electrodomésticos,93-124,0,0,,
2639,1137,250,251,Horno eléctrico,R1,51.17,7,2024-11-17,2,Electrodomésticos,27-58,0,0,,
2025,1737,250,252,Horno eléctrico,R2,67.71,7,2024-08-29,2,Electrodomésticos,58-93,0,0,,
2945,1337,250,253,Horno eléctrico,R3,118.72,2,2024-12-24,2,Electrodomésticos,93-124,0,0,,
2830,1267,250,252,Horno eléctrico,R2,81,7,2024-12-10,2,Electrodomésticos,58-93,0,0,,
1164,1087,250,251,Horno eléctrico,R1,52.09,7,2024-05-13,2,Electrodomésticos,27-58,0,0,,
1410,1437,250,252,Horno eléctrico,R2,80.12,8,2024-06-11,2,Electrodomésticos,58-93,0,0,,
660,914,260,263,Jarrón decorativo,R3,98.11,2,2024-03-17,1,Decoración,92-126,0,0,,
1134,94,260,261,Jarrón decorativo,R1,34.6,1,2024-05-09,1,Decoración,26-57,0,0,,
1938,274,260,262,Jarrón decorativo,R2,72.43,3,2024-08-20,1,Decoración,57-92,0,0,,
1963,504,260,261,Jarrón decorativo,R1,54.62,3,2024-08-22,1,Decoración,26-57,0,0,,
1173,214,260,262,Jarrón decorativo,R2,83.4,6,2024-05-14,1,Decoración,57-92,0,0,,
1596,354,260,262,Jarrón decorativo,R2,63.61,3,2024-07-07,1,Decoración,57-92,0,0,,
73,854,260,261,Jarrón decorativo,R1,42.83,5,2024-01-10,1,Decoración,26-57,0,0,,
79,804,260,262,Jarrón decorativo,R2,87.84,7,2024-01-11,1,Decoración,57-92,0,0,,
1961,404,260,261,Jarrón decorativo,R1,45.82,8,2024-08-22,1,Decoración,26-57,0,0,,
1133,14,260,261,Jarrón decorativo,R1,29.77,5,2024-05-09,1,Decoración,26-57,0,0,,
847,204,260,263,Jarrón decorativo,R3,94.75,1,2024-04-08,1,Decoración,92-126,0,0,,
1455,534,260,261,Jarrón decorativo,R1,32.38,5,2024-06-17,1,Decoración,26-57,0,0,,
2474,674,260,263,Jarrón decorativo,R3,108.63,9,2024-10-27,1,Decoración,92-126,0,0,,
2066,644,260,262,Jarrón decorativo,R2,72.73,2,2024-09-03,1,Decoración,57-92,0,0,,
2072,664,260,263,Jarrón decorativo,R3,100.66,6,2024-09-05,1,Decoración,92-126,0,0,,
963,934,260,263,Jarrón decorativo,R3,96.24,11,2024-04-21,1,Decoración,92-126,0,0,,
2041,444,260,261,Jarrón decorativo,R1,36.35,5,2024-08-31,1,Decoración,26-57,0,0,,
2961,494,260,262,Jarrón decorativo,R2,79.23,5,2024-12-26,1,Decoración,57-92,0,0,,
986,434,260,261,Jarrón decorativo,R1,39.89,2,2024-04-24,1,Decoración,26-57,0,0,,
2428,864,260,261,Jarrón decorativo,R1,55.89,2,2024-10-21,1,Decoración,26-57,0,0,,
1652,964,260,261,Jarrón decorativo,R1,43.3,7,2024-07-14,1,Decoración,26-57,0,0,,
18,794,260,263,Jarrón decorativo,R3,96.97,7,2024-01-04,1,Decoración,92-126,0,0,,
2030,484,260,262,Jarrón decorativo,R2,80.57,6,2024-08-30,1,Decoración,57-92,0,0,,
2937,894,260,261,Jarrón decorativo,R1,46.35,12,2024-12-23,1,Decoración,26-57,0,0,,
26,704,260,262,Jarrón decorativo,R2,57.22,9,2024-01-05,1,Decoración,57-92,0,0,,
614,874,260,262,Jarrón decorativo,R2,80.88,12,2024-03-13,1,Decoración,57-92,0,0,,
1020,844,260,262,Jarrón decorativo,R2,61.72,7,2024-04-27,1,Decoración,57-92,0,0,,
2396,564,260,261,Jarrón decorativo,R1,51.28,7,2024-10-15,1,Decoración,26-57,0,0,,
1037,294,260,261,Jarrón decorativo,R1,50.35,3,2024-04-29,1,Decoración,26-57,0,0,,
2461,114,260,263,Jarrón decorativo,R3,104.03,6,2024-10-26,1,Decoración,92-126,0,0,,
2117,34,260,263,Jarrón decorativo,R3,124.77,1,2024-09-10,1,Decoración,92-126,0,0,,
1045,124,260,263,Jarrón decorativo,R3,93.39,7,2024-04-30,1,Decoración,92-126,0,0,,
2119,574,260,262,Jarrón decorativo,R2,60.15,3,2024-09-10,1,Decoración,57-92,0,0,,
637,624,260,261,Jarrón decorativo,R1,51.39,10,2024-03-15,1,Decoración,26-57,0,0,,
1622,154,260,263,Jarrón decorativo,R3,121.5,11,2024-07-10,1,Decoración,92-126,0,0,,
2126,814,260,262,Jarrón decorativo,R2,67.08,12,2024-09-11,1,Decoración,57-92,0,0,,
411,694,260,263,Jarrón decorativo,R3,96.35,10,2024-02-18,1,Decoración,92-126,0,0,,
49,84,260,261,Jarrón decorativo,R1,37.05,4,2024-01-08,1,Decoración,26-57,0,0,,
61,714,260,261,Jarrón decorativo,R1,42.46,8,2024-01-09,1,Decoración,26-57,0,0,,
1983,604,260,263,Jarrón decorativo,R3,124.57,11,2024-08-24,1,Decoración,92-126,0,0,,
2132,724,260,262,Jarrón decorativo,R2,76.28,11,2024-09-12,1,Decoración,57-92,0,0,,
909,374,260,263,Jarrón decorativo,R3,94.59,5,2024-04-15,1,Decoración,92-126,0,0,,
1925,744,260,263,Jarrón decorativo,R3,95.38,7,2024-08-18,1,Decoración,92-126,0,0,,
136,684,260,263,Jarrón decorativo,R3,106.89,6,2024-01-17,1,Decoración,92-126,0,0,,
2549,634,260,261,Jarrón decorativo,R1,45.62,4,2024-11-06,1,Decoración,26-57,0,0,,
2547,464,260,261,Jarrón decorativo,R1,49.06,11,2024-11-06,1,Decoración,26-57,0,0,,
1342,524,260,261,Jarrón decorativo,R1,40.32,4,2024-06-02,1,Decoración,26-57,0,0,,
535,954,260,263,Jarrón decorativo,R3,112.06,1,2024-03-04,1,Decoración,92-126,0,0,,
2255,304,260,262,Jarrón decorativo,R2,67.72,4,2024-09-28,1,Decoración,57-92,0,0,,
1339,334,260,262,Jarrón decorativo,R2,84.95,12,2024-06-02,1,Decoración,57-92,0,0,,
2262,614,260,263,Jarrón decorativo,R3,107.04,7,2024-09-29,1,Decoración,92-126,0,0,,
2684,384,260,263,Jarrón decorativo,R3,105.16,6,2024-11-22,1,Decoración,92-126,0,0,,
296,64,260,263,Jarrón decorativo,R3,104.16,10,2024-02-04,1,Decoración,92-126,0,0,,
2348,134,260,263,Jarrón decorativo,R3,103.16,11,2024-10-09,1,Decoración,92-126,0,0,,
773,654,260,261,Jarrón decorativo,R1,53.53,7,2024-03-31,1,Decoración,26-57,0,0,,
688,234,260,263,Jarrón decorativo,R3,112.4,9,2024-03-20,1,Decoración,92-126,0,0,,
774,904,260,261,Jarrón decorativo,R1,40.48,11,2024-03-31,1,Decoración,26-57,0,0,,
1300,224,260,262,Jarrón decorativo,R2,75.72,1,2024-05-28,1,Decoración,57-92,0,0,,
2691,394,260,263,Jarrón decorativo,R3,114.83,10,2024-11-23,1,Decoración,92-126,0,0,,
542,324,260,262,Jarrón decorativo,R2,57.23,5,2024-03-05,1,Decoración,57-92,0,0,,
543,774,260,263,Jarrón decorativo,R3,115.58,12,2024-03-05,1,Decoración,92-126,0,0,,
153,104,260,263,Jarrón decorativo,R3,103.13,8,2024-01-19,1,Decoración,92-126,0,0,,
171,754,260,262,Jarrón decorativo,R2,91.53,12,2024-01-21,1,Decoración,57-92,0,0,,
303,24,260,262,Jarrón decorativo,R2,70.51,12,2024-02-05,1,Decoración,57-92,0,0,,
2603,514,260,262,Jarrón decorativo,R2,59.63,10,2024-11-12,1,Decoración,57-92,0,0,,
2604,544,260,261,Jarrón decorativo,R1,29.63,5,2024-11-12,1,Decoración,26-57,0,0,,
1436,764,260,261,Jarrón decorativo,R1,45.94,10,2024-06-14,1,Decoración,26-57,0,0,,
181,984,260,261,Jarrón decorativo,R1,26.97,5,2024-01-22,1,Decoración,26-57,0,0,,
1429,824,260,262,Jarrón decorativo,R2,91.89,8,2024-06-13,1,Decoración,57-92,0,0,,
2318,924,260,262,Jarrón decorativo,R2,64.39,11,2024-10-05,1,Decoración,57-92,0,0,,
738,594,260,263,Jarrón decorativo,R3,115.95,1,2024-03-26,1,Decoración,92-126,0,0,,
2629,944,260,263,Jarrón decorativo,R3,98.76,1,2024-11-16,1,Decoración,92-126,0,0,,
1488,834,260,262,Jarrón decorativo,R2,78.01,4,2024-06-23,1,Decoración,57-92,0,0,,
1817,174,260,261,Jarrón decorativo,R1,52.5,3,2024-08-03,1,Decoración,26-57,0,0,,
1827,264,260,261,Jarrón decorativo,R1,53.14,5,2024-08-04,1,Decoración,26-57,0,0,,
2330,474,260,261,Jarrón decorativo,R1,38.87,10,2024-10-07,1,Decoración,26-57,0,0,,
192,164,260,262,Jarrón decorativo,R2,66.27,1,2024-01-24,1,Decoración,57-92,0,0,,
522,454,260,262,Jarrón decorativo,R2,80.34,7,2024-03-02,1,Decoración,57-92,0,0,,
2741,184,260,262,Jarrón decorativo,R2,74.37,10,2024-11-29,1,Decoración,57-92,0,0,,
1310,784,260,263,Jarrón decorativo,R3,109.83,6,2024-05-29,1,Decoración,92-126,0,0,,
1242,414,260,261,Jarrón decorativo,R1,33.06,2,2024-05-21,1,Decoración,26-57,0,0,,
2520,4,260,262,Jarrón decorativo,R2,64.12,12,2024-11-01,1,Decoración,57-92,0,0,,
1730,554,260,263,Jarrón decorativo,R3,97.67,7,2024-07-24,1,Decoración,92-126,0,0,,
2521,284,260,261,Jarrón decorativo,R1,43.09,7,2024-11-01,1,Decoración,26-57,0,0,,
2367,584,260,262,Jarrón decorativo,R2,77.31,8,2024-10-11,1,Decoración,57-92,0,0,,
820,424,260,262,Jarrón decorativo,R2,87.94,2,2024-04-05,1,Decoración,57-92,0,0,,
1238,44,260,263,Jarrón decorativo,R3,118.28,11,2024-05-21,1,Decoración,92-126,0,0,,
2771,144,260,263,Jarrón decorativo,R3,100.04,3,2024-12-02,1,Decoración,92-126,0,0,,
1239,54,260,261,Jarrón decorativo,R1,49.21,4,2024-05-21,1,Decoración,26-57,0,0,,
1546,994,260,263,Jarrón decorativo,R3,93.88,4,2024-06-30,1,Decoración,92-126,0,0,,
509,734,260,263,Jarrón decorativo,R3,108.99,6,2024-02-29,1,Decoración,92-126,0,0,,
380,884,260,262,Jarrón decorativo,R2,82.89,10,2024-02-14,1,Decoración,57-92,0,0,,
2216,194,260,261,Jarrón decorativo,R1,31.14,11,2024-09-23,1,Decoración,26-57,0,0,,
678,314,260,263,Jarrón decorativo,R3,109.29,10,2024-03-19,1,Decoración,92-126,0,0,,
2744,974,260,262,Jarrón decorativo,R2,84.28,7,2024-11-29,1,Decoración,57-92,0,0,,
2353,364,260,262,Jarrón decorativo,R2,73.49,12,2024-10-10,1,Decoración,57-92,0,0,,
2182,254,260,262,Jarrón decorativo,R2,80.33,9,2024-09-17,1,Decoración,57-92,0,0,,
586,74,260,261,Jarrón decorativo,R1,51.08,11,2024-03-10,1,Decoración,26-57,0,0,,
1198,244,260,262,Jarrón decorativo,R2,64.62,8,2024-05-17,1,Decoración,57-92,0,0,,
1459,344,260,262,Jarrón decorativo,R2,67.71,1,2024-06-18,1,Decoración,57-92,0,0,,
2079,2936,270,273,Laptop,R3,124.04,3,2024-09-05,3,Electrónica,89-126,0,0,,
317,2566,270,272,Laptop,R2,70.59,9,2024-02-06,3,Electrónica,58-89,0,0,,
2303,2656,270,271,Laptop,R1,31.99,9,2024-10-02,3,Electrónica,27-58,0,0,,
2090,2616,270,272,Laptop,R2,79.05,4,2024-09-06,3,Electrónica,58-89,0,0,,
2069,2796,270,272,Laptop,R2,58.48,6,2024-09-03,3,Electrónica,58-89,0,0,,
1717,2596,270,271,Laptop,R1,52.44,4,2024-07-21,3,Electrónica,27-58,0,0,,
375,2766,270,271,Laptop,R1,31.94,11,2024-02-13,3,Electrónica,27-58,0,0,,
1814,2216,270,273,Laptop,R3,116.31,11,2024-08-02,3,Electrónica,89-126,0,0,,
2202,2606,270,272,Laptop,R2,87.31,2,2024-09-19,3,Electrónica,58-89,0,0,,
267,2916,270,273,Laptop,R3,93.91,2,2024-01-31,3,Electrónica,89-126,0,0,,
2314,2406,270,273,Laptop,R3,121,10,2024-10-04,3,Electrónica,89-126,0,0,,
311,2426,270,271,Laptop,R1,47.57,4,2024-02-05,3,Electrónica,27-58,0,0,,
2189,2236,270,271,Laptop,R1,34.56,1,2024-09-17,3,Electrónica,27-58,0,0,,
2300,2226,270,273,Laptop,R3,99.45,5,2024-10-02,3,Electrónica,89-126,0,0,,
1769,2786,270,273,Laptop,R3,123.95,11,2024-07-28,3,Electrónica,89-126,0,0,,
2302,2576,270,273,Laptop,R3,123.53,10,2024-10-02,3,Electrónica,89-126,0,0,,
1873,2076,270,273,Laptop,R3,111.86,2,2024-08-10,3,Electrónica,89-126,0,0,,
285,2476,270,273,Laptop,R3,109.23,7,2024-02-02,3,Electrónica,89-126,0,0,,
2165,2986,270,272,Laptop,R2,75.78,8,2024-09-14,3,Electrónica,58-89,0,0,,
2229,2446,270,273,Laptop,R3,114.74,2,2024-09-24,3,Electrónica,89-126,0,0,,
1875,2186,270,271,Laptop,R1,55.27,5,2024-08-10,3,Electrónica,27-58,0,0,,
2130,2346,270,273,Laptop,R3,104.85,3,2024-09-11,3,Electrónica,89-126,0,0,,
2350,2376,270,273,Laptop,R3,106.01,5,2024-10-09,3,Electrónica,89-126,0,0,,
1990,2966,270,272,Laptop,R2,69.21,2,2024-08-24,3,Electrónica,58-89,0,0,,
1708,2326,270,271,Laptop,R1,52.68,11,2024-07-20,3,Electrónica,27-58,0,0,,
1967,2156,270,272,Laptop,R2,62.54,7,2024-08-22,3,Electrónica,58-89,0,0,,
603,2436,270,271,Laptop,R1,43.34,8,2024-03-11,3,Electrónica,27-58,0,0,,
2178,2366,270,273,Laptop,R3,91.93,4,2024-09-16,3,Electrónica,89-126,0,0,,
1710,2866,270,271,Laptop,R1,47.15,1,2024-07-20,3,Electrónica,27-58,0,0,,
2254,2686,270,272,Laptop,R2,64.56,11,2024-09-27,3,Electrónica,58-89,0,0,,
451,2056,270,273,Laptop,R3,99,11,2024-02-22,3,Electrónica,89-126,0,0,,
2115,2066,270,273,Laptop,R3,113.84,2,2024-09-09,3,Electrónica,89-126,0,0,,
584,2826,270,271,Laptop,R1,39.13,8,2024-03-09,3,Electrónica,27-58,0,0,,
415,2136,270,272,Laptop,R2,61.22,2,2024-02-18,3,Electrónica,58-89,0,0,,
2012,2806,270,273,Laptop,R3,124.86,5,2024-08-27,3,Electrónica,89-126,0,0,,
1836,2336,270,271,Laptop,R1,42.58,9,2024-08-04,3,Electrónica,27-58,0,0,,
403,2246,270,272,Laptop,R2,76.02,10,2024-02-17,3,Electrónica,58-89,0,0,,
472,2816,270,271,Laptop,R1,29.49,8,2024-02-24,3,Electrónica,27-58,0,0,,
2162,2296,270,272,Laptop,R2,78.1,9,2024-09-14,3,Electrónica,58-89,0,0,,
2099,2716,270,271,Laptop,R1,28.73,3,2024-09-07,3,Electrónica,27-58,0,0,,
1895,2016,270,271,Laptop,R1,44.12,10,2024-08-13,3,Electrónica,27-58,0,0,,
2179,2526,270,272,Laptop,R2,64.72,7,2024-09-16,3,Electrónica,58-89,0,0,,
430,2706,270,271,Laptop,R1,51.15,2,2024-02-20,3,Electrónica,27-58,0,0,,
2722,2086,270,271,Laptop,R1,41.18,7,2024-11-26,3,Electrónica,27-58,0,0,,
2514,2166,270,273,Laptop,R3,115.57,5,2024-10-31,3,Electrónica,89-126,0,0,,
2508,2536,270,273,Laptop,R3,120.96,1,2024-10-30,3,Electrónica,89-126,0,0,,
761,2856,270,273,Laptop,R3,122.13,11,2024-03-29,3,Electrónica,89-126,0,0,,
719,2456,270,272,Laptop,R2,68.84,11,2024-03-23,3,Electrónica,58-89,0,0,,
850,2486,270,273,Laptop,R3,124.95,11,2024-04-08,3,Electrónica,89-126,0,0,,
148,2416,270,272,Laptop,R2,81.74,10,2024-01-18,3,Electrónica,58-89,0,0,,
676,2496,270,271,Laptop,R1,40.16,3,2024-03-18,3,Electrónica,27-58,0,0,,
845,2356,270,271,Laptop,R1,30.16,6,2024-04-07,3,Electrónica,27-58,0,0,,
1352,2126,270,273,Laptop,R3,107.26,4,2024-06-02,3,Electrónica,89-126,0,0,,
1351,2046,270,271,Laptop,R1,34.09,6,2024-06-02,3,Electrónica,27-58,0,0,,
844,2096,270,272,Laptop,R2,83.25,6,2024-04-07,3,Electrónica,58-89,0,0,,
1170,2776,270,272,Laptop,R2,85.59,1,2024-05-13,3,Electrónica,58-89,0,0,,
767,2286,270,272,Laptop,R2,71.74,8,2024-03-30,3,Electrónica,58-89,0,0,,
1330,2995,270,273,Laptop,R3,119.04,6,2024-05-31,3,Electrónica,89-126,0,0,,
1574,2756,270,272,Laptop,R2,86.43,12,2024-07-03,3,Electrónica,58-89,0,0,,
851,2506,270,271,Laptop,R1,34.74,1,2024-04-08,3,Electrónica,27-58,0,0,,
1549,2006,270,272,Laptop,R2,86.67,3,2024-06-30,3,Electrónica,58-89,0,0,,
1015,2646,270,273,Laptop,R3,111.98,8,2024-04-26,3,Electrónica,89-126,0,0,,
1453,2896,270,272,Laptop,R2,79.86,4,2024-06-16,3,Electrónica,58-89,0,0,,
1447,2026,270,272,Laptop,R2,59.48,6,2024-06-15,3,Electrónica,58-89,0,0,,
1475,2516,270,273,Laptop,R3,91.36,7,2024-06-20,3,Electrónica,89-126,0,0,,
1064,2926,270,271,Laptop,R1,50.36,6,2024-05-01,3,Electrónica,27-58,0,0,,
2878,2626,270,271,Laptop,R1,57.33,8,2024-12-15,3,Electrónica,27-58,0,0,,
706,2946,270,271,Laptop,R1,27.65,11,2024-03-21,3,Electrónica,27-58,0,0,,
1426,2746,270,272,Laptop,R2,58.49,7,2024-06-12,3,Electrónica,58-89,0,0,,
1425,2256,270,271,Laptop,R1,37.57,4,2024-06-12,3,Electrónica,27-58,0,0,,
2616,2316,270,272,Laptop,R2,78.67,3,2024-11-14,3,Electrónica,58-89,0,0,,
916,2266,270,273,Laptop,R3,104.48,5,2024-04-15,3,Electrónica,89-126,0,0,,
736,2306,270,272,Laptop,R2,80.84,9,2024-03-25,3,Electrónica,58-89,0,0,,
917,2396,270,272,Laptop,R2,77.38,1,2024-04-15,3,Electrónica,58-89,0,0,,
1532,2836,270,272,Laptop,R2,64,10,2024-06-28,3,Electrónica,58-89,0,0,,
2849,2106,270,273,Laptop,R3,108.85,1,2024-12-12,3,Electrónica,89-126,0,0,,
2524,2736,270,273,Laptop,R3,113.88,1,2024-11-01,3,Electrónica,89-126,0,0,,
1181,2956,270,272,Laptop,R2,83.54,5,2024-05-14,3,Electrónica,58-89,0,0,,
1188,2726,270,272,Laptop,R2,70.78,12,2024-05-15,3,Electrónica,58-89,0,0,,
1567,2906,270,273,Laptop,R3,99.78,12,2024-07-02,3,Electrónica,89-126,0,0,,
1605,2666,270,271,Laptop,R1,44.22,1,2024-07-07,3,Electrónica,27-58,0,0,,
116,2196,270,271,Laptop,R1,31.69,1,2024-01-15,3,Electrónica,27-58,0,0,,
2749,2976,270,272,Laptop,R2,80.65,9,2024-11-29,3,Electrónica,58-89,0,0,,
1249,2676,270,271,Laptop,R1,32.36,9,2024-05-21,3,Electrónica,27-58,0,0,,
957,2176,270,271,Laptop,R1,36.36,7,2024-04-20,3,Electrónica,27-58,0,0,,
2780,2036,270,273,Laptop,R3,112.29,4,2024-12-02,3,Electrónica,89-126,0,0,,
2788,2846,270,273,Laptop,R3,91.66,10,2024-12-03,3,Electrónica,89-126,0,0,,
2420,2886,270,271,Laptop,R1,49.03,12,2024-10-19,3,Electrónica,27-58,0,0,,
235,2636,270,271,Laptop,R1,33.07,10,2024-01-28,3,Electrónica,27-58,0,0,,
2739,2586,270,273,Laptop,R3,94.55,2,2024-11-28,3,Electrónica,89-126,0,0,,
1278,2116,270,271,Laptop,R1,50.25,8,2024-05-25,3,Electrónica,27-58,0,0,,
1279,2146,270,272,Laptop,R2,87.7,5,2024-05-25,3,Electrónica,58-89,0,0,,
1619,2466,270,273,Laptop,R3,97.07,1,2024-07-09,3,Electrónica,89-126,0,0,,
2758,2556,270,272,Laptop,R2,86.62,10,2024-11-30,3,Electrónica,58-89,0,0,,
2994,2276,270,272,Laptop,R2,85.27,9,2024-12-30,3,Electrónica,58-89,0,0,,
2995,2696,270,273,Laptop,R3,107.81,4,2024-12-30,3,Electrónica,89-126,0,0,,
229,2546,270,271,Laptop,R1,30.31,2,2024-01-27,3,Electrónica,27-58,0,0,,
2802,2206,270,273,Laptop,R3,105.49,7,2024-12-05,3,Electrónica,89-126,0,0,,
1299,2876,270,271,Laptop,R1,37.65,3,2024-05-27,3,Electrónica,27-58,0,0,,
2769,2386,270,272,Laptop,R2,69.56,7,2024-12-01,3,Electrónica,58-89,0,0,,
742,1705,280,282,Lavadora,R2,81.34,4,2024-03-26,2,Electrodomésticos,55-92,0,0,,
864,1315,280,281,Lavadora,R1,49.69,12,2024-04-10,2,Electrodomésticos,26-55,0,0,,
308,1855,280,283,Lavadora,R3,123.28,8,2024-02-05,2,Electrodomésticos,92-124,0,0,,
157,1125,280,283,Lavadora,R3,97.73,12,2024-01-19,2,Electrodomésticos,92-124,0,0,,
2630,1015,280,282,Lavadora,R2,91.96,12,2024-11-16,2,Electrodomésticos,55-92,0,0,,
866,1435,280,281,Lavadora,R1,37.2,10,2024-04-10,2,Electrodomésticos,26-55,0,0,,
2859,1465,280,282,Lavadora,R2,61.87,8,2024-12-14,2,Electrodomésticos,55-92,0,0,,
1227,1905,280,281,Lavadora,R1,49.5,5,2024-05-19,2,Electrodomésticos,26-55,0,0,,
108,1685,280,282,Lavadora,R2,84.8,3,2024-01-14,2,Electrodomésticos,55-92,0,0,,
1102,1845,280,283,Lavadora,R3,119.69,5,2024-05-05,2,Electrodomésticos,92-124,0,0,,
2776,1235,280,283,Lavadora,R3,102.43,7,2024-12-02,2,Electrodomésticos,92-124,0,0,,
105,1065,280,281,Lavadora,R1,43.98,6,2024-01-14,2,Electrodomésticos,26-55,0,0,,
1799,1155,280,283,Lavadora,R3,109.09,3,2024-08-01,2,Electrodomésticos,92-124,0,0,,
1445,1535,280,283,Lavadora,R3,113.28,10,2024-06-15,2,Electrodomésticos,92-124,0,0,,
2871,1325,280,282,Lavadora,R2,78.84,6,2024-12-15,2,Electrodomésticos,55-92,0,0,,
2640,1165,280,282,Lavadora,R2,73.58,9,2024-11-17,2,Electrodomésticos,55-92,0,0,,
2298,1345,280,281,Lavadora,R1,51.32,4,2024-10-02,2,Electrodomésticos,26-55,0,0,,
1789,1475,280,283,Lavadora,R3,103.8,10,2024-07-31,2,Electrodomésticos,92-124,0,0,,
2208,1945,280,282,Lavadora,R2,62.12,10,2024-09-21,2,Electrodomésticos,55-92,0,0,,
1976,1635,280,283,Lavadora,R3,99.24,7,2024-08-23,2,Electrodomésticos,92-124,0,0,,
2198,1585,280,282,Lavadora,R2,64.23,8,2024-09-19,2,Electrodomésticos,55-92,0,0,,
2840,1975,280,283,Lavadora,R3,116.55,6,2024-12-11,2,Electrodomésticos,92-124,0,0,,
1128,1175,280,282,Lavadora,R2,82.41,2,2024-05-08,2,Electrodomésticos,55-92,0,0,,
1312,1275,280,282,Lavadora,R2,82.49,11,2024-05-29,2,Electrodomésticos,55-92,0,0,,
1178,1955,280,281,Lavadora,R1,27.86,6,2024-05-14,2,Electrodomésticos,26-55,0,0,,
1672,1795,280,282,Lavadora,R2,83.14,8,2024-07-16,2,Electrodomésticos,55-92,0,0,,
2807,1555,280,281,Lavadora,R1,36.34,3,2024-12-06,2,Electrodomésticos,26-55,0,0,,
84,1885,280,283,Lavadora,R3,120.75,10,2024-01-11,2,Electrodomésticos,92-124,0,0,,
1284,1025,280,283,Lavadora,R3,119.78,9,2024-05-26,2,Electrodomésticos,92-124,0,0,,
1159,1765,280,283,Lavadora,R3,95.85,8,2024-05-12,2,Electrodomésticos,92-124,0,0,,
1842,1405,280,282,Lavadora,R2,68.06,10,2024-08-05,2,Electrodomésticos,55-92,0,0,,
2735,1055,280,281,Lavadora,R1,34.77,11,2024-11-28,2,Electrodomésticos,26-55,0,0,,
489,1095,280,282,Lavadora,R2,67.17,9,2024-02-27,2,Electrodomésticos,55-92,0,0,,
1878,1695,280,281,Lavadora,R1,50.81,2,2024-08-11,2,Electrodomésticos,26-55,0,0,,
1917,1105,280,283,Lavadora,R3,116.72,4,2024-08-16,2,Electrodomésticos,92-124,0,0,,
491,1835,280,281,Lavadora,R1,46.18,10,2024-02-27,2,Electrodomésticos,26-55,0,0,,
1834,1775,280,283,Lavadora,R3,114.48,6,2024-08-04,2,Electrodomésticos,92-124,0,0,,
853,1225,280,282,Lavadora,R2,87.65,2,2024-04-09,2,Electrodomésticos,55-92,0,0,,
2653,1605,280,282,Lavadora,R2,57.74,1,2024-11-18,2,Electrodomésticos,55-92,0,0,,
755,1565,280,281,Lavadora,R1,37.25,11,2024-03-28,2,Electrodomésticos,26-55,0,0,,
2786,1865,280,282,Lavadora,R2,83.62,5,2024-12-03,2,Electrodomésticos,55-92,0,0,,
2652,1365,280,282,Lavadora,R2,74.74,1,2024-11-18,2,Electrodomésticos,55-92,0,0,,
1955,1665,280,283,Lavadora,R3,102.79,9,2024-08-21,2,Electrodomésticos,92-124,0,0,,
544,1085,280,283,Lavadora,R3,108.53,10,2024-03-05,2,Electrodomésticos,92-124,0,0,,
750,1785,280,281,Lavadora,R1,44.12,10,2024-03-27,2,Electrodomésticos,26-55,0,0,,
393,1265,280,283,Lavadora,R3,120.53,5,2024-02-16,2,Electrodomésticos,92-124,0,0,,
1860,1725,280,281,Lavadora,R1,38.16,6,2024-08-08,2,Electrodomésticos,26-55,0,0,,
1391,1075,280,281,Lavadora,R1,31.9,5,2024-06-08,2,Electrodomésticos,26-55,0,0,,
1394,1735,280,283,Lavadora,R3,111.42,7,2024-06-08,2,Electrodomésticos,92-124,0,0,,
2307,1815,280,282,Lavadora,R2,65.29,5,2024-10-03,2,Electrodomésticos,55-92,0,0,,
174,1145,280,282,Lavadora,R2,67.2,11,2024-01-21,2,Electrodomésticos,55-92,0,0,,
21,1445,280,281,Lavadora,R1,28.41,10,2024-01-04,2,Electrodomésticos,26-55,0,0,,
2531,1415,280,281,Lavadora,R1,29.44,10,2024-11-02,2,Electrodomésticos,26-55,0,0,,
923,1655,280,281,Lavadora,R1,37.39,1,2024-04-16,2,Electrodomésticos,26-55,0,0,,
205,1485,280,282,Lavadora,R2,66.16,4,2024-01-25,2,Electrodomésticos,55-92,0,0,,
1734,1745,280,283,Lavadora,R3,92.94,8,2024-07-24,2,Electrodomésticos,92-124,0,0,,
1733,1575,280,281,Lavadora,R1,47.7,9,2024-07-24,2,Electrodomésticos,26-55,0,0,,
664,1545,280,281,Lavadora,R1,33.31,10,2024-03-17,2,Electrodomésticos,26-55,0,0,,
2503,1395,280,281,Lavadora,R1,39.64,12,2024-10-30,2,Electrodomésticos,26-55,0,0,,
2033,1035,280,282,Lavadora,R2,75.44,2,2024-08-30,2,Electrodomésticos,55-92,0,0,,
1587,1805,280,282,Lavadora,R2,72.8,2,2024-07-05,2,Electrodomésticos,55-92,0,0,,
652,1995,280,281,Lavadora,R1,31.36,7,2024-03-16,2,Electrodomésticos,26-55,0,0,,
1712,1195,280,282,Lavadora,R2,88.93,5,2024-07-21,2,Electrodomésticos,55-92,0,0,,
2087,1895,280,281,Lavadora,R1,30.3,9,2024-09-06,2,Electrodomésticos,26-55,0,0,,
2085,1255,280,281,Lavadora,R1,27.12,7,2024-09-06,2,Electrodomésticos,26-55,0,0,,
1602,1355,280,283,Lavadora,R3,114.24,9,2024-07-07,2,Electrodomésticos,92-124,0,0,,
2477,1005,280,281,Lavadora,R1,44.34,3,2024-10-27,2,Electrodomésticos,26-55,0,0,,
1616,1675,280,282,Lavadora,R2,70.34,6,2024-07-09,2,Electrodomésticos,55-92,0,0,,
2075,1285,280,283,Lavadora,R3,103.55,5,2024-09-05,2,Electrodomésticos,92-124,0,0,,
2417,1615,280,283,Lavadora,R3,114.4,1,2024-10-19,2,Electrodomésticos,92-124,0,0,,
260,1185,280,283,Lavadora,R3,92.36,1,2024-01-31,2,Electrodomésticos,92-124,0,0,,
1678,1135,280,282,Lavadora,R2,55.01,12,2024-07-17,2,Electrodomésticos,55-92,0,0,,
954,1425,280,283,Lavadora,R3,118.77,8,2024-04-20,2,Electrodomésticos,92-124,0,0,,
249,1965,280,281,Lavadora,R1,43.52,7,2024-01-30,2,Electrodomésticos,26-55,0,0,,
2429,1215,280,282,Lavadora,R2,91.79,10,2024-10-21,2,Electrodomésticos,55-92,0,0,,
30,1495,280,281,Lavadora,R1,38.99,6,2024-01-06,2,Electrodomésticos,26-55,0,0,,
617,1295,280,281,Lavadora,R1,53.77,7,2024-03-13,2,Electrodomésticos,26-55,0,0,,
1646,1755,280,281,Lavadora,R1,36.52,9,2024-07-13,2,Electrodomésticos,26-55,0,0,,
2430,1385,280,283,Lavadora,R3,111.51,3,2024-10-21,2,Electrodomésticos,92-124,0,0,,
239,1645,280,282,Lavadora,R2,76.5,3,2024-01-29,2,Electrodomésticos,55-92,0,0,,
1640,1525,280,281,Lavadora,R1,34.53,10,2024-07-12,2,Electrodomésticos,26-55,0,0,,
2450,1925,280,282,Lavadora,R2,91.29,4,2024-10-24,2,Electrodomésticos,55-92,0,0,,
609,1305,280,283,Lavadora,R3,114.72,9,2024-03-12,2,Electrodomésticos,92-124,0,0,,
1647,1985,280,283,Lavadora,R3,93.3,2,2024-07-13,2,Electrodomésticos,92-124,0,0,,
413,1115,280,283,Lavadora,R3,96.75,3,2024-02-18,2,Electrodomésticos,92-124,0,0,,
1901,1625,280,283,Lavadora,R3,121.45,3,2024-08-14,2,Electrodomésticos,92-124,0,0,,
299,1455,280,281,Lavadora,R1,38.61,10,2024-02-04,2,Electrodomésticos,26-55,0,0,,
2560,1875,280,282,Lavadora,R2,58.04,6,2024-11-07,2,Electrodomésticos,55-92,0,0,,
1042,1715,280,283,Lavadora,R3,119.22,11,2024-04-29,2,Electrodomésticos,92-124,0,0,,
1052,1205,280,281,Lavadora,R1,42.38,6,2024-04-30,2,Electrodomésticos,26-55,0,0,,
1505,1825,280,283,Lavadora,R3,93.71,1,2024-06-25,2,Electrodomésticos,92-124,0,0,,
1060,1245,280,282,Lavadora,R2,81.58,12,2024-05-01,2,Electrodomésticos,55-92,0,0,,
1772,1375,280,282,Lavadora,R2,78.13,5,2024-07-29,2,Electrodomésticos,55-92,0,0,,
1774,1505,280,282,Lavadora,R2,78.11,12,2024-07-29,2,Electrodomésticos,55-92,0,0,,
195,1515,280,283,Lavadora,R3,108.37,1,2024-01-24,2,Electrodomésticos,92-124,0,0,,
2324,1595,280,282,Lavadora,R2,80.48,4,2024-10-06,2,Electrodomésticos,55-92,0,0,,
1775,1915,280,283,Lavadora,R3,106.83,12,2024-07-29,2,Electrodomésticos,92-124,0,0,,
1994,1935,280,283,Lavadora,R3,109.94,2,2024-08-25,2,Electrodomésticos,92-124,0,0,,
1514,1335,280,281,Lavadora,R1,36.86,6,2024-06-26,2,Electrodomésticos,26-55,0,0,,
1068,1045,280,281,Lavadora,R1,51.22,4,2024-05-02,2,Electrodomésticos,26-55,0,0,,
1096,311,290,291,Lámpara de mesa,R1,33.89,2,2024-05-05,1,Decoración,25-57,0,0,,
2982,639,290,291,Lámpara de mesa,R1,51.77,7,2024-12-29,1,Decoración,25-57,0,0,,
94,501,290,291,Lámpara de mesa,R1,35.2,6,2024-01-13,1,Decoración,25-57,0,0,,
887,659,290,291,Lámpara de mesa,R1,50.98,3,2024-04-13,1,Decoración,25-57,0,0,,
2979,231,290,291,Lámpara de mesa,R1,36.84,9,2024-12-29,1,Decoración,25-57,0,0,,
971,281,290,291,Lámpara de mesa,R1,42.17,8,2024-04-22,1,Decoración,25-57,0,0,,
975,741,290,293,Lámpara de mesa,R3,98,12,2024-04-22,1,Decoración,83-126,0,0,,
910,601,290,293,Lámpara de mesa,R3,99.85,3,2024-04-15,1,Decoración,83-126,0,0,,
2892,471,290,291,Lámpara de mesa,R1,39,10,2024-12-17,1,Decoración,25-57,0,0,,
980,209,290,293,Lámpara de mesa,R3,97.04,12,2024-04-23,1,Decoración,83-126,0,0,,
487,171,290,292,Lámpara de mesa,R2,62.47,6,2024-02-27,1,Decoración,57-83,0,0,,
2811,561,290,292,Lámpara de mesa,R2,76.9,11,2024-12-07,1,Decoración,57-83,0,0,,
62,871,290,292,Lámpara de mesa,R2,79.64,11,2024-01-09,1,Decoración,57-83,0,0,,
96,669,290,293,Lámpara de mesa,R3,96.79,5,2024-01-13,1,Decoración,83-126,0,0,,
488,239,290,291,Lámpara de mesa,R1,46.25,12,2024-02-27,1,Decoración,25-57,0,0,,
2797,31,290,293,Lámpara de mesa,R3,100.82,8,2024-12-05,1,Decoración,83-126,0,0,,
1058,901,290,291,Lámpara de mesa,R1,39.72,2,2024-05-01,1,Decoración,25-57,0,0,,
1,811,290,293,Lámpara de mesa,R3,105.1,5,2024-01-02,1,Decoración,83-126,0,0,,
981,299,290,293,Lámpara de mesa,R3,119.55,3,2024-04-23,1,Decoración,83-126,0,0,,
886,89,290,291,Lámpara de mesa,R1,55.79,1,2024-04-13,1,Decoración,25-57,0,0,,
2991,909,290,291,Lámpara de mesa,R1,35.85,5,2024-12-30,1,Decoración,25-57,0,0,,
2052,921,290,292,Lámpara de mesa,R2,82.78,4,2024-09-01,1,Decoración,57-83,0,0,,
456,269,290,292,Lámpara de mesa,R2,66.48,1,2024-02-23,1,Decoración,57-83,0,0,,
455,199,290,291,Lámpara de mesa,R1,31.24,1,2024-02-23,1,Decoración,25-57,0,0,,
1223,721,290,292,Lámpara de mesa,R2,74.42,5,2024-05-19,1,Decoración,57-83,0,0,,
2902,729,290,292,Lámpara de mesa,R2,61.89,3,2024-12-18,1,Decoración,57-83,0,0,,
377,151,290,293,Lámpara de mesa,R3,113.01,7,2024-02-14,1,Decoración,83-126,0,0,,
826,439,290,291,Lámpara de mesa,R1,35.43,2,2024-04-06,1,Decoración,25-57,0,0,,
828,959,290,292,Lámpara de mesa,R2,76.32,7,2024-04-06,1,Decoración,57-83,0,0,,
1909,651,290,292,Lámpara de mesa,R2,76.58,11,2024-08-15,1,Decoración,57-83,0,0,,
960,249,290,293,Lámpara de mesa,R3,95.05,1,2024-04-21,1,Decoración,83-126,0,0,,
1931,271,290,293,Lámpara de mesa,R3,107.31,2,2024-08-19,1,Decoración,83-126,0,0,,
1122,491,290,293,Lámpara de mesa,R3,118.22,11,2024-05-08,1,Decoración,83-126,0,0,,
1108,751,290,293,Lámpara de mesa,R3,91.99,11,2024-05-06,1,Decoración,83-126,0,0,,
1039,799,290,293,Lámpara de mesa,R3,102.9,5,2024-04-29,1,Decoración,83-126,0,0,,
2936,559,290,291,Lámpara de mesa,R1,40.35,2,2024-12-23,1,Decoración,25-57,0,0,,
2934,301,290,292,Lámpara de mesa,R2,62.77,6,2024-12-23,1,Decoración,57-83,0,0,,
1016,51,290,293,Lámpara de mesa,R3,112.42,5,2024-04-27,1,Decoración,83-126,0,0,,
1017,359,290,292,Lámpara de mesa,R2,72.78,7,2024-04-27,1,Decoración,57-83,0,0,,
2017,579,290,293,Lámpara de mesa,R3,92.26,7,2024-08-28,1,Decoración,83-126,0,0,,
2024,551,290,292,Lámpara de mesa,R2,67.16,6,2024-08-29,1,Decoración,57-83,0,0,,
447,891,290,291,Lámpara de mesa,R1,44.78,4,2024-02-22,1,Decoración,25-57,0,0,,
2153,81,290,291,Lámpara de mesa,R1,47.34,9,2024-09-14,1,Decoración,25-57,0,0,,
1135,619,290,291,Lámpara de mesa,R1,43.29,11,2024-05-09,1,Decoración,25-57,0,0,,
2014,11,290,292,Lámpara de mesa,R2,82.36,12,2024-08-28,1,Decoración,57-83,0,0,,
919,19,290,292,Lámpara de mesa,R2,61.03,6,2024-04-16,1,Decoración,57-83,0,0,,
2856,759,290,292,Lámpara de mesa,R2,82.4,11,2024-12-14,1,Decoración,57-83,0,0,,
2110,399,290,291,Lámpara de mesa,R1,35.92,10,2024-09-09,1,Decoración,25-57,0,0,,
859,141,290,293,Lámpara de mesa,R3,96.45,1,2024-04-10,1,Decoración,83-126,0,0,,
1029,109,290,293,Lámpara de mesa,R3,103.94,9,2024-04-28,1,Decoración,83-126,0,0,,
2124,41,290,292,Lámpara de mesa,R2,66.37,8,2024-09-11,1,Decoración,57-83,0,0,,
931,1,290,292,Lámpara de mesa,R2,82.25,8,2024-04-17,1,Decoración,57-83,0,0,,
1148,219,290,293,Lámpara de mesa,R3,114.9,10,2024-05-11,1,Decoración,83-126,0,0,,
1048,709,290,293,Lámpara de mesa,R3,98.77,2,2024-04-30,1,Decoración,83-126,0,0,,
839,509,290,292,Lámpara de mesa,R2,72.5,1,2024-04-07,1,Decoración,57-83,0,0,,
1175,609,290,292,Lámpara de mesa,R2,78.44,9,2024-05-14,1,Decoración,57-83,0,0,,
840,821,290,292,Lámpara de mesa,R2,71.17,10,2024-04-07,1,Decoración,57-83,0,0,,
481,581,290,293,Lámpara de mesa,R3,106.58,3,2024-02-26,1,Decoración,83-126,0,0,,
1940,611,290,291,Lámpara de mesa,R1,44.94,7,2024-08-20,1,Decoración,25-57,0,0,,
2865,529,290,292,Lámpara de mesa,R2,64.12,6,2024-12-15,1,Decoración,57-83,0,0,,
2837,989,290,292,Lámpara de mesa,R2,70.77,7,2024-12-11,1,Decoración,57-83,0,0,,
2864,181,290,293,Lámpara de mesa,R3,107.82,8,2024-12-15,1,Decoración,83-126,0,0,,
996,341,290,292,Lámpara de mesa,R2,79.34,1,2024-04-25,1,Decoración,57-83,0,0,,
998,701,290,293,Lámpara de mesa,R3,95.05,3,2024-04-25,1,Decoración,83-126,0,0,,
2029,279,290,291,Lámpara de mesa,R1,28.85,4,2024-08-30,1,Decoración,25-57,0,0,,
465,929,290,291,Lámpara de mesa,R1,48.58,11,2024-02-24,1,Decoración,25-57,0,0,,
2093,99,290,291,Lámpara de mesa,R1,51.99,6,2024-09-07,1,Decoración,25-57,0,0,,
2094,519,290,292,Lámpara de mesa,R2,70.62,3,2024-09-07,1,Decoración,57-83,0,0,,
1080,819,290,293,Lámpara de mesa,R3,122.57,6,2024-05-03,1,Decoración,83-126,0,0,,
994,159,290,291,Lámpara de mesa,R1,49.91,6,2024-04-25,1,Decoración,25-57,0,0,,
2880,69,290,293,Lámpara de mesa,R3,93.24,11,2024-12-16,1,Decoración,83-126,0,0,,
1669,201,290,292,Lámpara de mesa,R2,58.19,1,2024-07-16,1,Decoración,57-83,0,0,,
2550,719,290,291,Lámpara de mesa,R1,56.43,2,2024-11-06,1,Decoración,25-57,0,0,,
730,339,290,291,Lámpara de mesa,R1,42.6,1,2024-03-25,1,Decoración,25-57,0,0,,
287,211,290,291,Lámpara de mesa,R1,30.03,8,2024-02-03,1,Decoración,25-57,0,0,,
732,629,290,291,Lámpara de mesa,R1,40.3,2,2024-03-25,1,Decoración,25-57,0,0,,
1718,121,290,292,Lámpara de mesa,R2,60.27,9,2024-07-22,1,Decoración,57-83,0,0,,
1427,191,290,292,Lámpara de mesa,R2,60.73,1,2024-06-13,1,Decoración,57-83,0,0,,
2205,441,290,293,Lámpara de mesa,R3,120.13,11,2024-09-21,1,Decoración,83-126,0,0,,
214,621,290,292,Lámpara de mesa,R2,70.6,6,2024-01-26,1,Decoración,57-83,0,0,,
161,401,290,292,Lámpara de mesa,R2,69.47,8,2024-01-20,1,Decoración,57-83,0,0,,
2290,521,290,291,Lámpara de mesa,R1,48.44,6,2024-10-01,1,Decoración,25-57,0,0,,
1583,931,290,291,Lámpara de mesa,R1,35.86,9,2024-07-05,1,Decoración,25-57,0,0,,
2619,671,290,292,Lámpara de mesa,R2,66.33,7,2024-11-15,1,Decoración,57-83,0,0,,
558,879,290,291,Lámpara de mesa,R1,34.26,11,2024-03-07,1,Decoración,25-57,0,0,,
1584,979,290,292,Lámpara de mesa,R2,76.68,2,2024-07-05,1,Decoración,57-83,0,0,,
550,781,290,293,Lámpara de mesa,R3,115.77,11,2024-03-06,1,Decoración,83-126,0,0,,
1597,569,290,292,Lámpara de mesa,R2,78.36,12,2024-07-07,1,Decoración,57-83,0,0,,
739,649,290,293,Lámpara de mesa,R3,83.61,1,2024-03-26,1,Decoración,83-126,0,0,,
2634,21,290,291,Lámpara de mesa,R1,41.84,12,2024-11-17,1,Decoración,25-57,0,0,,
2636,361,290,293,Lámpara de mesa,R3,120.89,2,2024-11-17,1,Decoración,83-126,0,0,,
320,381,290,293,Lámpara de mesa,R3,124.57,3,2024-02-07,1,Decoración,83-126,0,0,,
2638,779,290,292,Lámpara de mesa,R2,72.68,9,2024-11-17,1,Decoración,57-83,0,0,,
156,851,290,293,Lámpara de mesa,R3,85.23,6,2024-01-19,1,Decoración,83-126,0,0,,
746,549,290,293,Lámpara de mesa,R3,116.13,8,2024-03-27,1,Decoración,83-126,0,0,,
587,161,290,293,Lámpara de mesa,R3,96.41,11,2024-03-10,1,Decoración,83-126,0,0,,
649,919,290,291,Lámpara de mesa,R1,51.5,1,2024-03-16,1,Decoración,25-57,0,0,,
1420,771,290,291,Lámpara de mesa,R1,51.51,2,2024-06-12,1,Decoración,25-57,0,0,,
2647,389,290,291,Lámpara de mesa,R1,40.06,4,2024-11-18,1,Decoración,25-57,0,0,,
170,59,290,293,Lámpara de mesa,R3,121.72,8,2024-01-21,1,Decoración,83-126,0,0,,
1458,261,290,293,Lámpara de mesa,R3,124.14,7,2024-06-18,1,Decoración,83-126,0,0,,
1741,321,290,291,Lámpara de mesa,R1,54.66,7,2024-07-25,1,Decoración,25-57,0,0,,
680,961,290,293,Lámpara de mesa,R3,103.06,9,2024-03-19,1,Decoración,83-126,0,0,,
1526,71,290,293,Lámpara de mesa,R3,97.07,2,2024-06-28,1,Decoración,83-126,0,0,,
1522,831,290,292,Lámpara de mesa,R2,70.23,12,2024-06-27,1,Decoración,57-83,0,0,,
2342,991,290,292,Lámpara de mesa,R2,79.63,12,2024-10-08,1,Decoración,57-83,0,0,,
1521,711,290,292,Lámpara de mesa,R2,66.24,1,2024-06-27,1,Decoración,57-83,0,0,,
679,731,290,291,Lámpara de mesa,R1,40.05,2,2024-03-19,1,Decoración,25-57,0,0,,
288,541,290,292,Lámpara de mesa,R2,76.33,10,2024-02-03,1,Decoración,57-83,0,0,,
1511,489,290,293,Lámpara de mesa,R3,111.2,10,2024-06-26,1,Decoración,83-126,0,0,,
1510,179,290,293,Lámpara de mesa,R3,120.58,1,2024-06-26,1,Decoración,83-126,0,0,,
191,39,290,292,Lámpara de mesa,R2,57.35,12,2024-01-24,1,Decoración,57-83,0,0,,
2306,681,290,293,Lámpara de mesa,R3,113.04,1,2024-10-03,1,Decoración,83-126,0,0,,
1762,631,290,293,Lámpara de mesa,R3,111.73,5,2024-07-28,1,Decoración,83-126,0,0,,
186,189,290,291,Lámpara de mesa,R1,26.42,2,2024-01-23,1,Decoración,25-57,0,0,,
2568,761,290,292,Lámpara de mesa,R2,80.48,10,2024-11-08,1,Decoración,57-83,0,0,,
2569,951,290,292,Lámpara de mesa,R2,58.55,9,2024-11-08,1,Decoración,57-83,0,0,,
2574,481,290,291,Lámpara de mesa,R1,55.87,3,2024-11-09,1,Decoración,25-57,0,0,,
1770,571,290,292,Lámpara de mesa,R2,82.77,9,2024-07-29,1,Decoración,57-83,0,0,,
2576,861,290,292,Lámpara de mesa,R2,66.88,4,2024-11-09,1,Decoración,57-83,0,0,,
1776,791,290,291,Lámpara de mesa,R1,32.02,6,2024-07-30,1,Decoración,25-57,0,0,,
2577,889,290,293,Lámpara de mesa,R3,95.87,7,2024-11-09,1,Decoración,83-126,0,0,,
597,91,290,293,Lámpara de mesa,R3,89.87,12,2024-03-11,1,Decoración,83-126,0,0,,
659,449,290,291,Lámpara de mesa,R1,29.32,3,2024-03-17,1,Decoración,25-57,0,0,,
306,911,290,291,Lámpara de mesa,R1,33.9,4,2024-02-05,1,Decoración,25-57,0,0,,
187,839,290,293,Lámpara de mesa,R3,96.37,5,2024-01-23,1,Decoración,83-126,0,0,,
748,939,290,291,Lámpara de mesa,R1,46.83,3,2024-03-27,1,Decoración,25-57,0,0,,
2646,371,290,293,Lámpara de mesa,R3,110.45,12,2024-11-18,1,Decoración,83-126,0,0,,
333,971,290,292,Lámpara de mesa,R2,79.91,8,2024-02-08,1,Decoración,57-83,0,0,,
2713,331,290,291,Lámpara de mesa,R1,36.82,3,2024-11-26,1,Decoración,25-57,0,0,,
2648,431,290,293,Lámpara de mesa,R3,98.3,6,2024-11-18,1,Decoración,83-126,0,0,,
2725,451,290,292,Lámpara de mesa,R2,81.2,7,2024-11-27,1,Decoración,57-83,0,0,,
1281,29,290,292,Lámpara de mesa,R2,70.17,12,2024-05-26,1,Decoración,57-83,0,0,,
797,351,290,293,Lámpara de mesa,R3,98.22,4,2024-04-03,1,Decoración,83-126,0,0,,
1643,241,290,292,Lámpara de mesa,R2,62.35,3,2024-07-13,1,Decoración,57-83,0,0,,
798,479,290,291,Lámpara de mesa,R1,35.26,9,2024-04-03,1,Decoración,25-57,0,0,,
2224,531,290,292,Lámpara de mesa,R2,66.98,4,2024-09-24,1,Decoración,57-83,0,0,,
516,661,290,293,Lámpara de mesa,R3,85.58,11,2024-03-01,1,Decoración,83-126,0,0,,
1644,691,290,293,Lámpara de mesa,R3,111.59,2,2024-07-13,1,Decoración,83-126,0,0,,
2425,591,290,292,Lámpara de mesa,R2,74.62,1,2024-10-21,1,Decoración,57-83,0,0,,
133,131,290,292,Lámpara de mesa,R2,58.32,10,2024-01-17,1,Decoración,57-83,0,0,,
1264,859,290,292,Lámpara de mesa,R2,76.25,4,2024-05-23,1,Decoración,57-83,0,0,,
801,679,290,291,Lámpara de mesa,R1,39.86,6,2024-04-03,1,Decoración,25-57,0,0,,
813,841,290,293,Lámpara de mesa,R3,86.82,10,2024-04-04,1,Decoración,83-126,0,0,,
1243,981,290,293,Lámpara de mesa,R3,83.12,9,2024-05-21,1,Decoración,83-126,0,0,,
1241,319,290,293,Lámpara de mesa,R3,93.24,9,2024-05-21,1,Decoración,83-126,0,0,,
2762,511,290,292,Lámpara de mesa,R2,63.09,1,2024-12-01,1,Decoración,57-83,0,0,,
1891,101,290,291,Lámpara de mesa,R1,40.25,12,2024-08-13,1,Decoración,25-57,0,0,,
508,79,290,293,Lámpara de mesa,R3,119.69,10,2024-02-29,1,Decoración,83-126,0,0,,
2763,881,290,292,Lámpara de mesa,R2,58.49,3,2024-12-01,1,Decoración,57-83,0,0,,
819,421,290,293,Lámpara de mesa,R3,114.83,9,2024-04-05,1,Decoración,83-126,0,0,,
110,169,290,292,Lámpara de mesa,R2,76.32,9,2024-01-15,1,Decoración,57-83,0,0,,
257,259,290,292,Lámpara de mesa,R2,78.89,11,2024-01-31,1,Decoración,57-83,0,0,,
2217,461,290,293,Lámpara de mesa,R3,121.83,3,2024-09-23,1,Decoración,83-126,0,0,,
1636,291,290,291,Lámpara de mesa,R1,48.57,4,2024-07-12,1,Decoración,25-57,0,0,,
1544,411,290,291,Lámpara de mesa,R1,52.72,4,2024-06-30,1,Decoración,25-57,0,0,,
1635,61,290,293,Lámpara de mesa,R3,86.92,11,2024-07-12,1,Decoración,83-126,0,0,,
762,749,290,291,Lámpara de mesa,R1,44.88,1,2024-03-30,1,Decoración,25-57,0,0,,
1614,941,290,292,Lámpara de mesa,R2,58.97,12,2024-07-09,1,Decoración,57-83,0,0,,
279,829,290,291,Lámpara de mesa,R1,41.6,12,2024-02-02,1,Decoración,25-57,0,0,,
605,849,290,291,Lámpara de mesa,R1,46.89,2,2024-03-12,1,Decoración,25-57,0,0,,
2247,379,290,291,Lámpara de mesa,R1,49.43,7,2024-09-27,1,Decoración,25-57,0,0,,
2668,119,290,291,Lámpara de mesa,R1,50.6,11,2024-11-20,1,Decoración,25-57,0,0,,
1341,459,290,293,Lámpara de mesa,R3,101.54,4,2024-06-02,1,Decoración,83-126,0,0,,
1701,391,290,291,Lámpara de mesa,R1,56.98,2,2024-07-20,1,Decoración,25-57,0,0,,
2663,801,290,292,Lámpara de mesa,R2,72.15,9,2024-11-19,1,Decoración,57-83,0,0,,
2662,589,290,293,Lámpara de mesa,R3,111.78,2,2024-11-19,1,Decoración,83-126,0,0,,
345,229,290,293,Lámpara de mesa,R3,99.71,3,2024-02-10,1,Decoración,83-126,0,0,,
772,251,290,291,Lámpara de mesa,R1,33.37,3,2024-03-31,1,Decoración,25-57,0,0,,
1319,111,290,291,Lámpara de mesa,R1,38.65,12,2024-05-30,1,Decoración,25-57,0,0,,
231,641,290,293,Lámpara de mesa,R3,95.46,10,2024-01-28,1,Decoración,83-126,0,0,,
152,49,290,291,Lámpara de mesa,R1,52.95,6,2024-01-19,1,Decoración,25-57,0,0,,
348,949,290,293,Lámpara de mesa,R3,87.04,1,2024-02-10,1,Decoración,83-126,0,0,,
2248,409,290,291,Lámpara de mesa,R1,53.65,5,2024-09-27,1,Decoración,25-57,0,0,,
771,221,290,291,Lámpara de mesa,R1,41.81,9,2024-03-31,1,Decoración,25-57,0,0,,
337,809,290,292,Lámpara de mesa,R2,58.38,4,2024-02-09,1,Decoración,57-83,0,0,,
2098,1383,300,302,Microondas,R2,91.39,6,2024-09-07,2,Electrodomésticos,67-94,0,0,,
2478,1033,300,303,Microondas,R3,113.6,3,2024-10-27,2,Electrodomésticos,94-126,0,0,,
2358,1233,300,303,Microondas,R3,110.22,12,2024-10-10,2,Electrodomésticos,94-126,0,0,,
2418,1713,300,301,Microondas,R1,65.46,5,2024-10-19,2,Electrodomésticos,26-67,0,0,,
2370,1113,300,302,Microondas,R2,79.45,3,2024-10-11,2,Electrodomésticos,67-94,0,0,,
206,1503,300,301,Microondas,R1,39.45,9,2024-01-25,2,Electrodomésticos,26-67,0,0,,
2952,1473,300,302,Microondas,R2,83.38,1,2024-12-25,2,Electrodomésticos,67-94,0,0,,
2950,1273,300,302,Microondas,R2,78.3,8,2024-12-25,2,Electrodomésticos,67-94,0,0,,
2468,1733,300,301,Microondas,R1,33.38,11,2024-10-26,2,Electrodomésticos,26-67,0,0,,
2504,1403,300,302,Microondas,R2,91.18,1,2024-10-30,2,Electrodomésticos,67-94,0,0,,
2992,1583,300,303,Microondas,R3,105.36,9,2024-12-30,2,Electrodomésticos,94-126,0,0,,
2986,1893,300,302,Microondas,R2,89.88,3,2024-12-29,2,Electrodomésticos,67-94,0,0,,
2970,1853,300,302,Microondas,R2,89.05,1,2024-12-27,2,Electrodomésticos,67-94,0,0,,
272,1813,300,302,Microondas,R2,89.16,5,2024-02-01,2,Electrodomésticos,67-94,0,0,,
2207,1763,300,302,Microondas,R2,67.94,12,2024-09-21,2,Electrodomésticos,67-94,0,0,,
2530,1293,300,303,Microondas,R3,100.74,11,2024-11-02,2,Electrodomésticos,94-126,0,0,,
2666,1913,300,302,Microondas,R2,75.41,12,2024-11-19,2,Electrodomésticos,67-94,0,0,,
2168,1593,300,301,Microondas,R1,46.1,3,2024-09-15,2,Electrodomésticos,26-67,0,0,,
2677,1993,300,301,Microondas,R1,60.07,5,2024-11-20,2,Electrodomésticos,26-67,0,0,,
2680,1542,300,303,Microondas,R3,98.15,3,2024-11-21,2,Electrodomésticos,94-126,0,0,,
2699,1692,300,301,Microondas,R1,52.7,9,2024-11-24,2,Electrodomésticos,26-67,0,0,,
2823,1023,300,301,Microondas,R1,55.57,1,2024-12-09,2,Electrodomésticos,26-67,0,0,,
2176,1783,300,301,Microondas,R1,51.23,3,2024-09-16,2,Electrodomésticos,26-67,0,0,,
2820,1392,300,301,Microondas,R1,35.57,8,2024-12-08,2,Electrodomésticos,26-67,0,0,,
2714,1043,300,301,Microondas,R1,28.96,3,2024-11-26,2,Electrodomésticos,26-67,0,0,,
2729,1352,300,301,Microondas,R1,39.86,3,2024-11-27,2,Electrodomésticos,26-67,0,0,,
2186,1363,300,303,Microondas,R3,104.9,6,2024-09-17,2,Electrodomésticos,94-126,0,0,,
2192,1232,300,301,Microondas,R1,65.14,6,2024-09-18,2,Electrodomésticos,26-67,0,0,,
2745,1252,300,303,Microondas,R3,96.06,4,2024-11-29,2,Electrodomésticos,94-126,0,0,,
2775,1163,300,303,Microondas,R3,97.07,7,2024-12-02,2,Electrodomésticos,94-126,0,0,,
367,1963,300,303,Microondas,R3,96.35,3,2024-02-12,2,Electrodomésticos,94-126,0,0,,
389,1353,300,303,Microondas,R3,98.65,2,2024-02-15,2,Electrodomésticos,94-126,0,0,,
2356,1133,300,303,Microondas,R3,121.17,3,2024-10-10,2,Electrodomésticos,94-126,0,0,,
2838,1553,300,302,Microondas,R2,83.88,10,2024-12-11,2,Electrodomésticos,67-94,0,0,,
76,1933,300,301,Microondas,R1,46.05,6,2024-01-10,2,Electrodomésticos,26-67,0,0,,
2113,1053,300,303,Microondas,R3,112.78,10,2024-09-09,2,Electrodomésticos,94-126,0,0,,
2543,1283,300,303,Microondas,R3,94.63,9,2024-11-05,2,Electrodomésticos,94-126,0,0,,
2558,1493,300,302,Microondas,R2,73.63,12,2024-11-07,2,Electrodomésticos,67-94,0,0,,
2123,1573,300,303,Microondas,R3,121.44,4,2024-09-10,2,Electrodomésticos,94-126,0,0,,
2128,1643,300,301,Microondas,R1,32.4,12,2024-09-11,2,Electrodomésticos,26-67,0,0,,
2896,1393,300,303,Microondas,R3,96.48,11,2024-12-17,2,Electrodomésticos,94-126,0,0,,
2586,1243,300,301,Microondas,R1,64.56,12,2024-11-10,2,Electrodomésticos,26-67,0,0,,
2615,1753,300,301,Microondas,R1,38.63,9,2024-11-14,2,Electrodomésticos,26-67,0,0,,
64,1443,300,302,Microondas,R2,67.39,8,2024-01-09,2,Electrodomésticos,67-94,0,0,,
2295,1423,300,303,Microondas,R3,108.25,12,2024-10-01,2,Electrodomésticos,94-126,0,0,,
313,1313,300,302,Microondas,R2,82.58,9,2024-02-06,2,Electrodomésticos,67-94,0,0,,
401,1623,300,303,Microondas,R3,95.91,4,2024-02-17,2,Electrodomésticos,94-126,0,0,,
2621,1463,300,302,Microondas,R2,70.42,10,2024-11-15,2,Electrodomésticos,67-94,0,0,,
2146,1412,300,303,Microondas,R3,124.18,9,2024-09-13,2,Electrodomésticos,94-126,0,0,,
2858,1223,300,302,Microondas,R2,84.83,3,2024-12-14,2,Electrodomésticos,67-94,0,0,,
2158,1673,300,303,Microondas,R3,118.55,12,2024-09-14,2,Electrodomésticos,94-126,0,0,,
2137,1432,300,302,Microondas,R2,78.03,8,2024-09-12,2,Electrodomésticos,67-94,0,0,,
1498,1833,300,301,Microondas,R1,42.14,2,2024-06-24,2,Electrodomésticos,26-67,0,0,,
681,1073,300,302,Microondas,R2,72.86,10,2024-03-19,2,Electrodomésticos,67-94,0,0,,
458,1323,300,301,Microondas,R1,52.26,8,2024-02-23,2,Electrodomésticos,26-67,0,0,,
1572,1292,300,303,Microondas,R3,115.46,2,2024-07-03,2,Electrodomésticos,94-126,0,0,,
503,1793,300,303,Microondas,R3,108.34,12,2024-02-28,2,Electrodomésticos,94-126,0,0,,
1204,1773,300,302,Microondas,R2,75.48,1,2024-05-17,2,Electrodomésticos,67-94,0,0,,
1992,1162,300,301,Microondas,R1,63.69,11,2024-08-25,2,Electrodomésticos,26-67,0,0,,
1995,1962,300,302,Microondas,R2,93.59,6,2024-08-25,2,Electrodomésticos,67-94,0,0,,
734,1093,300,302,Microondas,R2,71.38,1,2024-03-25,2,Electrodomésticos,67-94,0,0,,
1356,1923,300,303,Microondas,R3,97.54,4,2024-06-03,2,Electrodomésticos,94-126,0,0,,
547,1743,300,302,Microondas,R2,81.63,6,2024-03-05,2,Electrodomésticos,67-94,0,0,,
2002,1612,300,301,Microondas,R1,54.26,5,2024-08-26,2,Electrodomésticos,26-67,0,0,,
1830,1013,300,302,Microondas,R2,67.16,1,2024-08-04,2,Electrodomésticos,67-94,0,0,,
1585,1072,300,302,Microondas,R2,93.79,1,2024-07-05,2,Electrodomésticos,67-94,0,0,,
977,1203,300,303,Microondas,R3,96.53,1,2024-04-22,2,Electrodomésticos,94-126,0,0,,
1749,1242,300,302,Microondas,R2,70.09,9,2024-07-26,2,Electrodomésticos,67-94,0,0,,
1479,1843,300,302,Microondas,R2,72,11,2024-06-21,2,Electrodomésticos,67-94,0,0,,
1593,1792,300,302,Microondas,R2,70.37,6,2024-07-06,2,Electrodomésticos,67-94,0,0,,
1847,1312,300,303,Microondas,R3,118.1,10,2024-08-06,2,Electrodomésticos,94-126,0,0,,
1246,1883,300,301,Microondas,R1,34.52,10,2024-05-21,2,Electrodomésticos,26-67,0,0,,
1601,1112,300,301,Microondas,R1,41.19,5,2024-07-07,2,Electrodomésticos,26-67,0,0,,
1763,1213,300,301,Microondas,R1,57.17,5,2024-07-28,2,Electrodomésticos,26-67,0,0,,
1850,1683,300,303,Microondas,R3,120.94,2,2024-08-06,2,Electrodomésticos,94-126,0,0,,
1496,1172,300,302,Microondas,R2,73.91,12,2024-06-24,2,Electrodomésticos,67-94,0,0,,
1813,1902,300,302,Microondas,R2,75.91,3,2024-08-02,2,Electrodomésticos,67-94,0,0,,
1952,1022,300,301,Microondas,R1,56.15,5,2024-08-21,2,Electrodomésticos,26-67,0,0,,
1954,1143,300,301,Microondas,R1,52.36,7,2024-08-21,2,Electrodomésticos,26-67,0,0,,
1956,1693,300,302,Microondas,R2,91.88,5,2024-08-21,2,Electrodomésticos,67-94,0,0,,
1165,1103,300,303,Microondas,R3,96.18,2,2024-05-13,2,Electrodomésticos,94-126,0,0,,
754,1433,300,301,Microondas,R1,63.01,8,2024-03-28,2,Electrodomésticos,26-67,0,0,,
924,1803,300,303,Microondas,R3,122.22,11,2024-04-16,2,Electrodomésticos,94-126,0,0,,
756,1873,300,301,Microondas,R1,32.18,7,2024-03-28,2,Electrodomésticos,26-67,0,0,,
1422,1662,300,301,Microondas,R1,33.73,1,2024-06-12,2,Electrodomésticos,26-67,0,0,,
1371,1382,300,303,Microondas,R3,94.28,9,2024-06-05,2,Electrodomésticos,94-126,0,0,,
474,1703,300,302,Microondas,R2,91.81,9,2024-02-25,2,Electrodomésticos,67-94,0,0,,
1809,1002,300,301,Microondas,R1,62.61,8,2024-08-02,2,Electrodomésticos,26-67,0,0,,
1362,1563,300,303,Microondas,R3,111.61,2,2024-06-04,2,Electrodomésticos,94-126,0,0,,
949,1943,300,302,Microondas,R2,82.6,10,2024-04-19,2,Electrodomésticos,67-94,0,0,,
1779,1723,300,303,Microondas,R3,103.6,9,2024-07-30,2,Electrodomésticos,94-126,0,0,,
1360,1063,300,303,Microondas,R3,108.39,12,2024-06-04,2,Electrodomésticos,94-126,0,0,,
1773,1413,300,301,Microondas,R1,39.87,11,2024-07-29,2,Electrodomésticos,26-67,0,0,,
578,1513,300,302,Microondas,R2,69.57,1,2024-03-09,2,Electrodomésticos,67-94,0,0,,
1812,1483,300,302,Microondas,R2,69.18,7,2024-08-02,2,Electrodomésticos,67-94,0,0,,
1195,1823,300,303,Microondas,R3,119.18,6,2024-05-16,2,Electrodomésticos,94-126,0,0,,
936,1253,300,301,Microondas,R1,65.99,8,2024-04-17,2,Electrodomésticos,26-67,0,0,,
1603,1903,300,303,Microondas,R3,101.57,8,2024-07-07,2,Electrodomésticos,94-126,0,0,,
1437,1992,300,303,Microondas,R3,120.02,12,2024-06-14,2,Electrodomésticos,94-126,0,0,,
1257,1603,300,303,Microondas,R3,112.46,6,2024-05-22,2,Electrodomésticos,94-126,0,0,,
740,1183,300,301,Microondas,R1,49.65,5,2024-03-26,2,Electrodomésticos,26-67,0,0,,
1663,1533,300,302,Microondas,R2,71.18,9,2024-07-15,2,Electrodomésticos,67-94,0,0,,
1926,1153,300,303,Microondas,R3,111.78,5,2024-08-18,2,Electrodomésticos,94-126,0,0,,
1661,1373,300,302,Microondas,R2,86.33,2,2024-07-15,2,Electrodomésticos,67-94,0,0,,
626,1303,300,301,Microondas,R1,40.9,9,2024-03-14,2,Electrodomésticos,26-67,0,0,,
1866,1202,300,303,Microondas,R3,119.25,11,2024-08-09,2,Electrodomésticos,94-126,0,0,,
438,1453,300,301,Microondas,R1,60.46,5,2024-02-21,2,Electrodomésticos,26-67,0,0,,
1645,1123,300,301,Microondas,R1,46.62,7,2024-07-13,2,Electrodomésticos,26-67,0,0,,
1294,1543,300,303,Microondas,R3,118.71,9,2024-05-27,2,Electrodomésticos,94-126,0,0,,
1515,1712,300,301,Microondas,R1,55.83,2,2024-06-26,2,Electrodomésticos,26-67,0,0,,
2045,1282,300,301,Microondas,R1,39.87,10,2024-08-31,2,Electrodomésticos,26-67,0,0,,
2046,1523,300,302,Microondas,R2,91.78,10,2024-08-31,2,Electrodomésticos,67-94,0,0,,
1305,1613,300,303,Microondas,R3,101.99,5,2024-05-28,2,Electrodomésticos,94-126,0,0,,
964,1193,300,302,Microondas,R2,90.55,4,2024-04-21,2,Electrodomésticos,67-94,0,0,,
518,1263,300,301,Microondas,R1,54.11,7,2024-03-01,2,Electrodomésticos,26-67,0,0,,
1062,1973,300,301,Microondas,R1,38.03,11,2024-05-01,2,Electrodomésticos,26-67,0,0,,
777,1633,300,303,Microondas,R3,112.89,1,2024-03-31,2,Electrodomésticos,94-126,0,0,,
1325,1343,300,303,Microondas,R3,106.86,12,2024-05-31,2,Electrodomésticos,94-126,0,0,,
1503,1192,300,301,Microondas,R1,66.39,12,2024-06-25,2,Electrodomésticos,26-67,0,0,,
1861,1922,300,301,Microondas,R1,58.19,6,2024-08-08,2,Electrodomésticos,26-67,0,0,,
2036,1863,300,302,Microondas,R2,88.86,9,2024-08-30,2,Electrodomésticos,67-94,0,0,,
1523,1083,300,301,Microondas,R1,26.82,3,2024-06-27,2,Electrodomésticos,26-67,0,0,,
640,1953,300,303,Microondas,R3,119.61,2,2024-03-15,2,Electrodomésticos,94-126,0,0,,
1713,1402,300,302,Microondas,R2,80.75,9,2024-07-21,2,Electrodomésticos,67-94,0,0,,
2018,1342,300,303,Microondas,R3,113.71,12,2024-08-28,2,Electrodomésticos,94-126,0,0,,
1704,1333,300,303,Microondas,R3,95.29,8,2024-07-20,2,Electrodomésticos,94-126,0,0,,
2035,1472,300,302,Microondas,R2,74.36,10,2024-08-30,2,Electrodomésticos,67-94,0,0,,
1343,1003,300,302,Microondas,R2,84.24,9,2024-06-02,2,Electrodomésticos,67-94,0,0,,
1689,1663,300,301,Microondas,R1,60.51,10,2024-07-18,2,Electrodomésticos,26-67,0,0,,
615,1173,300,302,Microondas,R2,71.13,12,2024-03-13,2,Electrodomésticos,67-94,0,0,,
1468,1722,300,301,Microondas,R1,31.78,3,2024-06-19,2,Electrodomésticos,26-67,0,0,,
1490,1442,300,302,Microondas,R2,81.76,5,2024-06-23,2,Electrodomésticos,67-94,0,0,,
795,1983,300,303,Microondas,R3,96.24,4,2024-04-02,2,Electrodomésticos,94-126,0,0,,
1679,1653,300,303,Microondas,R3,124.64,9,2024-07-17,2,Electrodomésticos,94-126,0,0,,
1680,1862,300,301,Microondas,R1,51.41,6,2024-07-17,2,Electrodomésticos,26-67,0,0,,
1398,2321,310,311,Parlantes Bluetooth,R1,47.14,5,2024-06-08,3,Electrónica,25-61,0,0,,
1806,2641,310,311,Parlantes Bluetooth,R1,47.01,11,2024-08-01,3,Electrónica,25-61,0,0,,
160,2231,310,311,Parlantes Bluetooth,R1,42.98,7,2024-01-19,3,Electrónica,25-61,0,0,,
1076,2621,310,313,Parlantes Bluetooth,R3,119.91,9,2024-05-02,3,Electrónica,89-125,0,0,,
1111,2211,310,313,Parlantes Bluetooth,R3,108.16,3,2024-05-06,3,Electrónica,89-125,0,0,,
2891,2921,310,313,Parlantes Bluetooth,R3,97.14,8,2024-12-16,3,Electrónica,89-125,0,0,,
1147,2941,310,311,Parlantes Bluetooth,R1,36.25,4,2024-05-10,3,Electrónica,25-61,0,0,,
2889,2581,310,311,Parlantes Bluetooth,R1,32.01,9,2024-12-16,3,Electrónica,25-61,0,0,,
2644,2881,310,311,Parlantes Bluetooth,R1,39.46,11,2024-11-17,3,Electrónica,25-61,0,0,,
2221,2331,310,311,Parlantes Bluetooth,R1,26.24,6,2024-09-23,3,Electrónica,25-61,0,0,,
1407,2601,310,313,Parlantes Bluetooth,R3,121.98,7,2024-06-10,3,Electrónica,89-125,0,0,,
1551,2771,310,313,Parlantes Bluetooth,R3,117.61,2,2024-06-30,3,Electrónica,89-125,0,0,,
1115,2801,310,313,Parlantes Bluetooth,R3,97.22,1,2024-05-06,3,Electrónica,89-125,0,0,,
2259,2341,310,312,Parlantes Bluetooth,R2,81.98,2,2024-09-28,3,Electrónica,61-89,0,0,,
2643,2631,310,312,Parlantes Bluetooth,R2,66.84,11,2024-11-17,3,Electrónica,61-89,0,0,,
871,2661,310,312,Parlantes Bluetooth,R2,79.11,3,2024-04-10,3,Electrónica,61-89,0,0,,
1143,2131,310,313,Parlantes Bluetooth,R3,98.97,7,2024-05-10,3,Electrónica,89-125,0,0,,
1550,2741,310,313,Parlantes Bluetooth,R3,112.71,6,2024-06-30,3,Electrónica,89-125,0,0,,
56,2501,310,312,Parlantes Bluetooth,R2,87.78,1,2024-01-08,3,Electrónica,61-89,0,0,,
207,2121,310,313,Parlantes Bluetooth,R3,100.6,6,2024-01-25,3,Electrónica,89-125,0,0,,
1755,2901,310,313,Parlantes Bluetooth,R3,93.37,10,2024-07-26,3,Electrónica,89-125,0,0,,
2289,2141,310,313,Parlantes Bluetooth,R3,116.34,12,2024-09-30,3,Electrónica,89-125,0,0,,
2394,2291,310,313,Parlantes Bluetooth,R3,111.95,5,2024-10-14,3,Electrónica,89-125,0,0,,
2733,2421,310,313,Parlantes Bluetooth,R3,97.6,11,2024-11-27,3,Electrónica,89-125,0,0,,
2731,2111,310,311,Parlantes Bluetooth,R1,28.52,2,2024-11-27,3,Electrónica,25-61,0,0,,
2679,2591,310,311,Parlantes Bluetooth,R1,28.1,8,2024-11-20,3,Electrónica,25-61,0,0,,
1287,2041,310,313,Parlantes Bluetooth,R3,102.72,2,2024-05-26,3,Electrónica,89-125,0,0,,
1656,2911,310,312,Parlantes Bluetooth,R2,63.27,2,2024-07-14,3,Electrónica,61-89,0,0,,
1298,2011,310,311,Parlantes Bluetooth,R1,27.45,7,2024-05-27,3,Electrónica,25-61,0,0,,
2709,2371,310,313,Parlantes Bluetooth,R3,93.33,4,2024-11-25,3,Electrónica,89-125,0,0,,
2443,2051,310,311,Parlantes Bluetooth,R1,49.4,9,2024-10-23,3,Electrónica,25-61,0,0,,
2444,2071,310,312,Parlantes Bluetooth,R2,87.97,12,2024-10-23,3,Electrónica,61-89,0,0,,
780,2731,310,312,Parlantes Bluetooth,R2,77.95,6,2024-03-31,3,Electrónica,61-89,0,0,,
1335,2481,310,312,Parlantes Bluetooth,R2,79.7,8,2024-06-01,3,Electrónica,61-89,0,0,,
2703,2651,310,311,Parlantes Bluetooth,R1,38.31,6,2024-11-24,3,Electrónica,25-61,0,0,,
1316,2251,310,311,Parlantes Bluetooth,R1,51.27,8,2024-05-29,3,Electrónica,25-61,0,0,,
635,2981,310,312,Parlantes Bluetooth,R2,80.25,10,2024-03-14,3,Electrónica,61-89,0,0,,
2458,2311,310,312,Parlantes Bluetooth,R2,79.72,6,2024-10-25,3,Electrónica,61-89,0,0,,
2460,2781,310,312,Parlantes Bluetooth,R2,69,12,2024-10-25,3,Electrónica,61-89,0,0,,
2385,2821,310,313,Parlantes Bluetooth,R3,117.62,9,2024-10-12,3,Electrónica,89-125,0,0,,
2288,2031,310,311,Parlantes Bluetooth,R1,31.44,4,2024-09-30,3,Electrónica,25-61,0,0,,
807,2281,310,312,Parlantes Bluetooth,R2,70.68,5,2024-04-03,3,Electrónica,61-89,0,0,,
1594,2861,310,312,Parlantes Bluetooth,R2,67.09,6,2024-07-06,3,Electrónica,61-89,0,0,,
2296,2271,310,312,Parlantes Bluetooth,R2,61.01,1,2024-10-01,3,Electrónica,61-89,0,0,,
87,2761,310,311,Parlantes Bluetooth,R1,29.89,9,2024-01-11,3,Electrónica,25-61,0,0,,
2659,2441,310,311,Parlantes Bluetooth,R1,55.81,4,2024-11-18,3,Electrónica,25-61,0,0,,
149,2431,310,312,Parlantes Bluetooth,R2,69.4,1,2024-01-18,3,Electrónica,61-89,0,0,,
1768,2491,310,313,Parlantes Bluetooth,R3,123.5,9,2024-07-28,3,Electrónica,89-125,0,0,,
2506,2081,310,313,Parlantes Bluetooth,R3,94.89,10,2024-10-30,3,Electrónica,89-125,0,0,,
2322,2841,310,311,Parlantes Bluetooth,R1,48.99,10,2024-10-05,3,Electrónica,25-61,0,0,,
1197,2931,310,313,Parlantes Bluetooth,R3,110.22,2,2024-05-16,3,Electrónica,89-125,0,0,,
1205,2061,310,312,Parlantes Bluetooth,R2,81.99,8,2024-05-17,3,Electrónica,61-89,0,0,,
2338,2831,310,312,Parlantes Bluetooth,R2,86.32,10,2024-10-07,3,Electrónica,61-89,0,0,,
1752,2561,310,311,Parlantes Bluetooth,R1,28.91,1,2024-07-26,3,Electrónica,25-61,0,0,,
1209,2971,310,312,Parlantes Bluetooth,R2,74.59,7,2024-05-17,3,Electrónica,61-89,0,0,,
295,2851,310,313,Parlantes Bluetooth,R3,110.42,2,2024-02-03,3,Electrónica,89-125,0,0,,
1750,2301,310,312,Parlantes Bluetooth,R2,61.21,9,2024-07-26,3,Electrónica,61-89,0,0,,
1748,3000,310,312,Parlantes Bluetooth,R2,78.55,11,2024-07-25,3,Electrónica,61-89,0,0,,
1747,2891,310,311,Parlantes Bluetooth,R1,31.28,12,2024-07-25,3,Electrónica,25-61,0,0,,
2362,2671,310,311,Parlantes Bluetooth,R1,30.22,6,2024-10-10,3,Electrónica,25-61,0,0,,
1727,2221,310,312,Parlantes Bluetooth,R2,64.92,2,2024-07-23,3,Electrónica,61-89,0,0,,
1074,2191,310,313,Parlantes Bluetooth,R3,124.34,11,2024-05-02,3,Electrónica,89-125,0,0,,
2689,2391,310,311,Parlantes Bluetooth,R1,41.39,10,2024-11-22,3,Electrónica,25-61,0,0,,
705,2701,310,312,Parlantes Bluetooth,R2,88.65,9,2024-03-21,3,Electrónica,61-89,0,0,,
2972,2951,310,313,Parlantes Bluetooth,R3,89.89,6,2024-12-27,3,Electrónica,89-125,0,0,,
2022,2531,310,311,Parlantes Bluetooth,R1,34.04,4,2024-08-28,3,Electrónica,25-61,0,0,,
1923,2791,310,313,Parlantes Bluetooth,R3,90.88,10,2024-08-17,3,Electrónica,89-125,0,0,,
385,2871,310,313,Parlantes Bluetooth,R3,101.08,7,2024-02-14,3,Electrónica,89-125,0,0,,
2967,2961,310,311,Parlantes Bluetooth,R1,29.97,3,2024-12-26,3,Electrónica,25-61,0,0,,
2104,2181,310,311,Parlantes Bluetooth,R1,56.03,12,2024-09-08,3,Electrónica,25-61,0,0,,
1010,2101,310,312,Parlantes Bluetooth,R2,82.23,2,2024-04-26,3,Electrónica,61-89,0,0,,
1500,2091,310,312,Parlantes Bluetooth,R2,83.6,10,2024-06-24,3,Electrónica,61-89,0,0,,
1442,2811,310,313,Parlantes Bluetooth,R3,116.91,7,2024-06-14,3,Electrónica,89-125,0,0,,
485,2551,310,312,Parlantes Bluetooth,R2,62.77,6,2024-02-26,3,Electrónica,61-89,0,0,,
2573,2411,310,312,Parlantes Bluetooth,R2,61.45,8,2024-11-08,3,Electrónica,61-89,0,0,,
2917,2451,310,311,Parlantes Bluetooth,R1,42.08,2,2024-12-20,3,Electrónica,25-61,0,0,,
2028,2261,310,313,Parlantes Bluetooth,R3,95.41,3,2024-08-29,3,Electrónica,89-125,0,0,,
2572,2351,310,313,Parlantes Bluetooth,R3,115.66,3,2024-11-08,3,Electrónica,89-125,0,0,,
2957,2511,310,311,Parlantes Bluetooth,R1,52.04,5,2024-12-25,3,Electrónica,25-61,0,0,,
1997,2681,310,313,Parlantes Bluetooth,R3,91.54,12,2024-08-25,3,Electrónica,89-125,0,0,,
2163,2521,310,312,Parlantes Bluetooth,R2,88.72,2,2024-09-14,3,Electrónica,61-89,0,0,,
1987,2161,310,312,Parlantes Bluetooth,R2,63.4,8,2024-08-24,3,Electrónica,61-89,0,0,,
1492,2461,310,312,Parlantes Bluetooth,R2,73.92,11,2024-06-23,3,Electrónica,61-89,0,0,,
704,2691,310,311,Parlantes Bluetooth,R1,32.86,11,2024-03-21,3,Electrónica,25-61,0,0,,
1957,2021,310,312,Parlantes Bluetooth,R2,82.26,2,2024-08-21,3,Electrónica,61-89,0,0,,
1022,2201,310,311,Parlantes Bluetooth,R1,41.53,7,2024-04-27,3,Electrónica,25-61,0,0,,
1979,2241,310,311,Parlantes Bluetooth,R1,48.93,8,2024-08-23,3,Electrónica,25-61,0,0,,
2139,2471,310,313,Parlantes Bluetooth,R3,108.48,1,2024-09-12,3,Electrónica,89-125,0,0,,
461,2541,310,311,Parlantes Bluetooth,R1,26.71,12,2024-02-23,3,Electrónica,25-61,0,0,,
927,2151,310,312,Parlantes Bluetooth,R2,83.34,7,2024-04-16,3,Electrónica,61-89,0,0,,
167,2721,310,311,Parlantes Bluetooth,R1,40.74,6,2024-01-20,3,Electrónica,25-61,0,0,,
906,2381,310,313,Parlantes Bluetooth,R3,98.28,5,2024-04-14,3,Electrónica,89-125,0,0,,
2565,2401,310,312,Parlantes Bluetooth,R2,65.49,11,2024-11-07,3,Electrónica,61-89,0,0,,
970,2611,310,311,Parlantes Bluetooth,R1,48.89,12,2024-04-21,3,Electrónica,25-61,0,0,,
2047,2361,310,313,Parlantes Bluetooth,R3,112.56,8,2024-08-31,3,Electrónica,89-125,0,0,,
2191,2711,310,312,Parlantes Bluetooth,R2,75.11,9,2024-09-17,3,Electrónica,61-89,0,0,,
2063,2751,310,312,Parlantes Bluetooth,R2,70.38,8,2024-09-02,3,Electrónica,61-89,0,0,,
384,2571,310,313,Parlantes Bluetooth,R3,123.36,5,2024-02-14,3,Electrónica,89-125,0,0,,
1355,1370,320,323,Plancha de vapor,R3,115.6,10,2024-06-03,2,Electrodomésticos,88-125,0,0,,
439,1660,320,321,Plancha de vapor,R1,35.94,12,2024-02-21,2,Electrodomésticos,26-55,0,0,,
2721,1980,320,323,Plancha de vapor,R3,115.37,2,2024-11-26,2,Electrodomésticos,88-125,0,0,,
2779,1880,320,321,Plancha de vapor,R1,40.57,5,2024-12-02,2,Electrodomésticos,26-55,0,0,,
2001,1130,320,322,Plancha de vapor,R2,81.76,11,2024-08-26,2,Electrodomésticos,55-88,0,0,,
1457,1560,320,322,Plancha de vapor,R2,63.13,9,2024-06-17,2,Electrodomésticos,55-88,0,0,,
1290,1050,320,322,Plancha de vapor,R2,72.33,1,2024-05-27,2,Electrodomésticos,55-88,0,0,,
125,1250,320,323,Plancha de vapor,R3,98.55,6,2024-01-16,2,Electrodomésticos,88-125,0,0,,
2790,1110,320,323,Plancha de vapor,R3,123.18,10,2024-12-04,2,Electrodomésticos,88-125,0,0,,
45,1550,320,321,Plancha de vapor,R1,51.51,7,2024-01-07,2,Electrodomésticos,26-55,0,0,,
989,1320,320,322,Plancha de vapor,R2,73.95,4,2024-04-24,2,Electrodomésticos,55-88,0,0,,
1292,1380,320,322,Plancha de vapor,R2,61.63,2,2024-05-27,2,Electrodomésticos,55-88,0,0,,
2122,1490,320,322,Plancha de vapor,R2,57.93,6,2024-09-10,2,Electrodomésticos,55-88,0,0,,
261,1210,320,323,Plancha de vapor,R3,101.96,10,2024-01-31,2,Electrodomésticos,88-125,0,0,,
1203,1300,320,323,Plancha de vapor,R3,93.91,7,2024-05-17,2,Electrodomésticos,88-125,0,0,,
965,1230,320,323,Plancha de vapor,R3,90.85,2,2024-04-21,2,Electrodomésticos,88-125,0,0,,
1303,1080,320,321,Plancha de vapor,R1,53.1,6,2024-05-28,2,Electrodomésticos,26-55,0,0,,
763,1800,320,321,Plancha de vapor,R1,33.15,2,2024-03-30,2,Electrodomésticos,26-55,0,0,,
1451,1990,320,323,Plancha de vapor,R3,113.42,3,2024-06-16,2,Electrodomésticos,88-125,0,0,,
2323,1280,320,321,Plancha de vapor,R1,31.01,7,2024-10-06,2,Electrodomésticos,26-55,0,0,,
127,1920,320,322,Plancha de vapor,R2,86.65,6,2024-01-16,2,Electrodomésticos,55-88,0,0,,
2136,1270,320,322,Plancha de vapor,R2,74.28,1,2024-09-12,2,Electrodomésticos,55-88,0,0,,
2595,1430,320,321,Plancha de vapor,R1,34.93,9,2024-11-11,2,Electrodomésticos,26-55,0,0,,
942,1590,320,322,Plancha de vapor,R2,60.38,4,2024-04-18,2,Electrodomésticos,55-88,0,0,,
2319,1650,320,323,Plancha de vapor,R3,117.52,2,2024-10-05,2,Electrodomésticos,88-125,0,0,,
935,1190,320,321,Plancha de vapor,R1,29.68,1,2024-04-17,2,Electrodomésticos,26-55,0,0,,
955,1680,320,323,Plancha de vapor,R3,110.3,9,2024-04-20,2,Electrodomésticos,88-125,0,0,,
137,1750,320,323,Plancha de vapor,R3,94.53,2,2024-01-17,2,Electrodomésticos,88-125,0,0,,
2495,1930,320,322,Plancha de vapor,R2,64.2,5,2024-10-29,2,Electrodomésticos,55-88,0,0,,
1297,1940,320,321,Plancha de vapor,R1,45.19,1,2024-05-27,2,Electrodomésticos,26-55,0,0,,
1477,1350,320,323,Plancha de vapor,R3,105.68,5,2024-06-21,2,Electrodomésticos,88-125,0,0,,
440,1700,320,322,Plancha de vapor,R2,75.08,6,2024-02-21,2,Electrodomésticos,55-88,0,0,,
618,1620,320,322,Plancha de vapor,R2,76.32,5,2024-03-13,2,Electrodomésticos,55-88,0,0,,
1681,1910,320,322,Plancha de vapor,R2,75.65,5,2024-07-17,2,Electrodomésticos,55-88,0,0,,
616,1260,320,323,Plancha de vapor,R3,122.04,1,2024-03-13,2,Electrodomésticos,88-125,0,0,,
1686,1170,320,321,Plancha de vapor,R1,30.39,11,2024-07-18,2,Electrodomésticos,26-55,0,0,,
2976,1530,320,321,Plancha de vapor,R1,47.14,2,2024-12-28,2,Electrodomésticos,26-55,0,0,,
718,1690,320,322,Plancha de vapor,R2,68.28,9,2024-03-23,2,Electrodomésticos,55-88,0,0,,
441,1820,320,321,Plancha de vapor,R1,45.5,12,2024-02-21,2,Electrodomésticos,26-55,0,0,,
2393,1850,320,321,Plancha de vapor,R1,28.6,5,2024-10-14,2,Electrodomésticos,26-55,0,0,,
223,1360,320,323,Plancha de vapor,R3,95.1,2,2024-01-27,2,Electrodomésticos,88-125,0,0,,
2086,1760,320,322,Plancha de vapor,R2,60.45,6,2024-09-06,2,Electrodomésticos,55-88,0,0,,
6,1710,320,322,Plancha de vapor,R2,65.43,2,2024-01-02,2,Electrodomésticos,55-88,0,0,,
1615,1180,320,321,Plancha de vapor,R1,42.61,2,2024-07-09,2,Electrodomésticos,26-55,0,0,,
280,1600,320,321,Plancha de vapor,R1,47.6,10,2024-02-02,2,Electrodomésticos,26-55,0,0,,
2102,1440,320,323,Plancha de vapor,R3,118.21,7,2024-09-08,2,Electrodomésticos,88-125,0,0,,
976,1010,320,321,Plancha de vapor,R1,37.94,8,2024-04-22,2,Electrodomésticos,26-55,0,0,,
803,1480,320,323,Plancha de vapor,R3,99.08,11,2024-04-03,2,Electrodomésticos,88-125,0,0,,
2379,1890,320,323,Plancha de vapor,R3,102.24,9,2024-10-12,2,Electrodomésticos,88-125,0,0,,
2372,1610,320,323,Plancha de vapor,R3,91.96,1,2024-10-11,2,Electrodomésticos,88-125,0,0,,
2585,1200,320,322,Plancha de vapor,R2,83.34,10,2024-11-10,2,Electrodomésticos,55-88,0,0,,
595,1860,320,323,Plancha de vapor,R3,102.6,12,2024-03-10,2,Electrodomésticos,88-125,0,0,,
592,1330,320,321,Plancha de vapor,R1,28.85,11,2024-03-10,2,Electrodomésticos,26-55,0,0,,
2727,1100,320,323,Plancha de vapor,R3,108.29,5,2024-11-27,2,Electrodomésticos,88-125,0,0,,
651,1670,320,323,Plancha de vapor,R3,101.57,7,2024-03-16,2,Electrodomésticos,88-125,0,0,,
2963,1520,320,322,Plancha de vapor,R2,74.47,8,2024-12-26,2,Electrodomésticos,55-88,0,0,,
414,1510,320,322,Plancha de vapor,R2,79.95,10,2024-02-18,2,Electrodomésticos,55-88,0,0,,
2765,1160,320,323,Plancha de vapor,R3,124.24,2,2024-12-01,2,Electrodomésticos,88-125,0,0,,
2766,1460,320,322,Plancha de vapor,R2,79.78,9,2024-12-01,2,Electrodomésticos,55-88,0,0,,
1592,1770,320,322,Plancha de vapor,R2,80.83,9,2024-07-06,2,Electrodomésticos,55-88,0,0,,
1743,1220,320,322,Plancha de vapor,R2,74.88,1,2024-07-25,2,Electrodomésticos,55-88,0,0,,
144,1900,320,321,Plancha de vapor,R1,45.14,1,2024-01-18,2,Electrodomésticos,26-55,0,0,,
2037,1960,320,323,Plancha de vapor,R3,109.54,12,2024-08-30,2,Electrodomésticos,88-125,0,0,,
599,1240,320,321,Plancha de vapor,R1,40.78,12,2024-03-11,2,Electrodomésticos,26-55,0,0,,
173,1140,320,321,Plancha de vapor,R1,27.61,7,2024-01-21,2,Electrodomésticos,26-55,0,0,,
868,1630,320,322,Plancha de vapor,R2,76.06,9,2024-04-10,2,Electrodomésticos,55-88,0,0,,
890,1450,320,322,Plancha de vapor,R2,56.8,8,2024-04-13,2,Electrodomésticos,55-88,0,0,,
1333,1040,320,321,Plancha de vapor,R1,49.22,2,2024-06-01,2,Electrodomésticos,26-55,0,0,,
512,1570,320,323,Plancha de vapor,R3,114.48,4,2024-02-29,2,Electrodomésticos,88-125,0,0,,
1537,1390,320,321,Plancha de vapor,R1,45.61,8,2024-06-29,2,Electrodomésticos,26-55,0,0,,
1404,1120,320,321,Plancha de vapor,R1,30.67,7,2024-06-10,2,Electrodomésticos,26-55,0,0,,
2875,1840,320,322,Plancha de vapor,R2,68.39,9,2024-12-15,2,Electrodomésticos,55-88,0,0,,
1920,1950,320,323,Plancha de vapor,R3,99.29,1,2024-08-17,2,Electrodomésticos,88-125,0,0,,
2559,1790,320,322,Plancha de vapor,R2,80.84,5,2024-11-07,2,Electrodomésticos,55-88,0,0,,
392,1070,320,321,Plancha de vapor,R1,48.23,5,2024-02-16,2,Electrodomésticos,26-55,0,0,,
1033,1830,320,323,Plancha de vapor,R3,120.94,11,2024-04-28,2,Electrodomésticos,88-125,0,0,,
2839,1640,320,321,Plancha de vapor,R1,34.87,4,2024-12-11,2,Electrodomésticos,26-55,0,0,,
698,1290,320,322,Plancha de vapor,R2,76.04,5,2024-03-21,2,Electrodomésticos,55-88,0,0,,
325,1340,320,321,Plancha de vapor,R1,48.48,10,2024-02-07,2,Electrodomésticos,26-55,0,0,,
1965,1060,320,322,Plancha de vapor,R2,59.64,12,2024-08-22,2,Electrodomésticos,55-88,0,0,,
1130,1970,320,323,Plancha de vapor,R3,113.7,5,2024-05-08,2,Electrodomésticos,88-125,0,0,,
1411,1720,320,322,Plancha de vapor,R2,81.86,12,2024-06-11,2,Electrodomésticos,55-88,0,0,,
74,1090,320,322,Plancha de vapor,R2,66.15,8,2024-01-10,2,Electrodomésticos,55-88,0,0,,
2545,1810,320,322,Plancha de vapor,R2,70.67,11,2024-11-05,2,Electrodomésticos,55-88,0,0,,
483,1740,320,321,Plancha de vapor,R1,45.37,6,2024-02-26,2,Electrodomésticos,26-55,0,0,,
42,1400,320,321,Plancha de vapor,R1,26.91,5,2024-01-07,2,Electrodomésticos,26-55,0,0,,
2872,1470,320,323,Plancha de vapor,R3,107.11,3,2024-12-15,2,Electrodomésticos,88-125,0,0,,
360,1730,320,323,Plancha de vapor,R3,101.57,10,2024-02-11,2,Electrodomésticos,88-125,0,0,,
1071,1310,320,321,Plancha de vapor,R1,43.78,9,2024-05-02,2,Electrodomésticos,26-55,0,0,,
501,1410,320,323,Plancha de vapor,R3,122.77,10,2024-02-28,2,Electrodomésticos,88-125,0,0,,
41,1150,320,321,Plancha de vapor,R1,33.63,10,2024-01-07,2,Electrodomésticos,26-55,0,0,,
1184,1540,320,321,Plancha de vapor,R1,47.1,3,2024-05-15,2,Electrodomésticos,26-55,0,0,,
2252,2000,320,323,Plancha de vapor,R3,105.5,3,2024-09-27,2,Electrodomésticos,88-125,0,0,,
2533,1780,320,323,Plancha de vapor,R3,119,1,2024-11-02,2,Electrodomésticos,88-125,0,0,,
2535,1420,320,323,Plancha de vapor,R3,100.54,6,2024-11-03,2,Electrodomésticos,88-125,0,0,,
1395,1870,320,321,Plancha de vapor,R1,29.65,11,2024-06-08,2,Electrodomésticos,26-55,0,0,,
1849,1500,320,321,Plancha de vapor,R1,29.66,12,2024-08-06,2,Electrodomésticos,26-55,0,0,,
1375,1030,320,322,Plancha de vapor,R2,66.69,1,2024-06-06,2,Electrodomésticos,55-88,0,0,,
1859,1580,320,323,Plancha de vapor,R3,103.76,7,2024-08-08,2,Electrodomésticos,88-125,0,0,,
2818,1020,320,322,Plancha de vapor,R2,55.26,2,2024-12-08,2,Electrodomésticos,55-88,0,0,,
1055,2629,330,333,Proyector,R3,94.3,1,2024-04-30,3,Electrónica,86-125,0,0,,
968,2369,330,333,Proyector,R3,87.64,2,2024-04-21,3,Electrónica,86-125,0,0,,
281,2079,330,333,Proyector,R3,111.74,6,2024-02-02,3,Electrónica,86-125,0,0,,
284,2329,330,331,Proyector,R1,62.88,7,2024-02-02,3,Electrónica,26-63,0,0,,
1533,2919,330,331,Proyector,R1,46.95,6,2024-06-28,3,Electrónica,26-63,0,0,,
2678,2009,330,332,Proyector,R2,73.42,10,2024-11-20,3,Electrónica,63-86,0,0,,
2863,2879,330,331,Proyector,R1,48.11,12,2024-12-14,3,Electrónica,26-63,0,0,,
611,2519,330,332,Proyector,R2,76.15,11,2024-03-12,3,Electrónica,63-86,0,0,,
1863,2839,330,331,Proyector,R1,41.28,12,2024-08-08,3,Electrónica,26-63,0,0,,
273,2069,330,332,Proyector,R2,76.17,12,2024-02-01,3,Electrónica,63-86,0,0,,
1609,2889,330,331,Proyector,R1,32.99,7,2024-07-08,3,Electrónica,26-63,0,0,,
2879,2759,330,332,Proyector,R2,83.88,7,2024-12-15,3,Electrónica,63-86,0,0,,
1517,2499,330,332,Proyector,R2,66.51,1,2024-06-26,3,Electrónica,63-86,0,0,,
2383,2359,330,331,Proyector,R1,52.24,10,2024-10-12,3,Electrónica,26-63,0,0,,
1918,2639,330,331,Proyector,R1,27.45,4,2024-08-16,3,Electrónica,26-63,0,0,,
2060,2599,330,332,Proyector,R2,78.72,6,2024-09-02,3,Electrónica,63-86,0,0,,
902,2029,330,333,Proyector,R3,124.37,8,2024-04-14,3,Electrónica,86-125,0,0,,
1452,2349,330,332,Proyector,R2,68.09,8,2024-06-16,3,Electrónica,63-86,0,0,,
1327,2659,330,332,Proyector,R2,75.9,3,2024-05-31,3,Electrónica,63-86,0,0,,
2695,2479,330,331,Proyector,R1,51.72,3,2024-11-23,3,Electrónica,26-63,0,0,,
1624,2579,330,333,Proyector,R3,115.5,6,2024-07-10,3,Electrónica,86-125,0,0,,
2064,2779,330,333,Proyector,R3,121.82,8,2024-09-02,3,Electrónica,86-125,0,0,,
2700,2149,330,333,Proyector,R3,91.89,5,2024-11-24,3,Electrónica,86-125,0,0,,
131,2789,330,333,Proyector,R3,115.19,11,2024-01-16,3,Electrónica,86-125,0,0,,
2067,2049,330,332,Proyector,R2,80.4,7,2024-09-03,3,Electrónica,63-86,0,0,,
903,2039,330,331,Proyector,R1,34.39,7,2024-04-14,3,Electrónica,26-63,0,0,,
726,2399,330,333,Proyector,R3,96.7,3,2024-03-24,3,Electrónica,86-125,0,0,,
2070,2969,330,331,Proyector,R1,26.99,2,2024-09-03,3,Electrónica,26-63,0,0,,
2987,2309,330,333,Proyector,R3,118.01,3,2024-12-29,3,Electrónica,86-125,0,0,,
128,2129,330,333,Proyector,R3,107.98,6,2024-01-16,3,Electrónica,86-125,0,0,,
373,2669,330,331,Proyector,R1,26.52,3,2024-02-13,3,Electrónica,26-63,0,0,,
1889,2139,330,333,Proyector,R3,119.08,3,2024-08-12,3,Electrónica,86-125,0,0,,
2904,2339,330,332,Proyector,R2,75,7,2024-12-18,3,Electrónica,63-86,0,0,,
374,2739,330,332,Proyector,R2,63.33,10,2024-02-13,3,Electrónica,63-86,0,0,,
1621,2719,330,333,Proyector,R3,94.86,7,2024-07-09,3,Electrónica,86-125,0,0,,
2077,2219,330,332,Proyector,R2,65.3,5,2024-09-05,3,Electrónica,63-86,0,0,,
2682,2179,330,333,Proyector,R3,111.31,11,2024-11-21,3,Electrónica,86-125,0,0,,
1336,2929,330,333,Proyector,R3,115.45,7,2024-06-01,3,Electrónica,86-125,0,0,,
2906,2869,330,333,Proyector,R3,122.17,9,2024-12-18,3,Electrónica,86-125,0,0,,
1650,2469,330,331,Proyector,R1,52.56,8,2024-07-13,3,Electrónica,26-63,0,0,,
376,2829,330,331,Proyector,R1,33.84,5,2024-02-13,3,Electrónica,26-63,0,0,,
1416,2819,330,332,Proyector,R2,80.92,8,2024-06-11,3,Electrónica,63-86,0,0,,
1617,2239,330,331,Proyector,R1,35.83,5,2024-07-09,3,Electrónica,26-63,0,0,,
1417,2859,330,331,Proyector,R1,62.35,3,2024-06-11,3,Electrónica,26-63,0,0,,
519,2699,330,332,Proyector,R2,66.66,6,2024-03-01,3,Electrónica,63-86,0,0,,
2723,2569,330,333,Proyector,R3,104.95,5,2024-11-26,3,Electrónica,86-125,0,0,,
372,2379,330,333,Proyector,R3,108.52,12,2024-02-13,3,Electrónica,86-125,0,0,,
1267,2189,330,333,Proyector,R3,100.31,3,2024-05-23,3,Electrónica,86-125,0,0,,
1746,2709,330,333,Proyector,R3,108.23,6,2024-07-25,3,Electrónica,86-125,0,0,,
712,2059,330,333,Proyector,R3,116.66,12,2024-03-22,3,Electrónica,86-125,0,0,,
1218,2409,330,332,Proyector,R2,79.11,10,2024-05-18,3,Electrónica,63-86,0,0,,
484,2319,330,332,Proyector,R2,65.89,4,2024-02-26,3,Electrónica,63-86,0,0,,
1217,2289,330,331,Proyector,R1,60.8,4,2024-05-18,3,Electrónica,26-63,0,0,,
1541,2259,330,331,Proyector,R1,35.94,2,2024-06-29,3,Electrónica,26-63,0,0,,
2498,2529,330,333,Proyector,R3,92.21,4,2024-10-29,3,Electrónica,86-125,0,0,,
2580,2589,330,332,Proyector,R2,82.9,8,2024-11-09,3,Electrónica,63-86,0,0,,
2138,2279,330,332,Proyector,R2,85.53,10,2024-09-12,3,Electrónica,63-86,0,0,,
13,2769,330,331,Proyector,R1,43.62,11,2024-01-03,3,Electrónica,26-63,0,0,,
1043,2089,330,333,Proyector,R3,95.13,12,2024-04-29,3,Electrónica,86-125,0,0,,
459,2419,330,331,Proyector,R1,52.52,3,2024-02-23,3,Electrónica,26-63,0,0,,
1767,2159,330,331,Proyector,R1,38.48,6,2024-07-28,3,Electrónica,26-63,0,0,,
1206,2609,330,331,Proyector,R1,30.02,2,2024-05-17,3,Electrónica,26-63,0,0,,
1145,2649,330,331,Proyector,R1,44.93,5,2024-05-10,3,Electrónica,26-63,0,0,,
1146,2679,330,331,Proyector,R1,48.62,1,2024-05-10,3,Electrónica,26-63,0,0,,
926,2019,330,331,Proyector,R1,41.79,7,2024-04-16,3,Electrónica,26-63,0,0,,
1026,2559,330,333,Proyector,R3,86.2,8,2024-04-27,3,Electrónica,86-125,0,0,,
2822,2949,330,332,Proyector,R2,67.97,10,2024-12-08,3,Electrónica,63-86,0,0,,
656,2749,330,333,Proyector,R3,120.5,4,2024-03-16,3,Electrónica,86-125,0,0,,
657,2809,330,333,Proyector,R3,89.06,1,2024-03-16,3,Electrónica,86-125,0,0,,
1196,2509,330,331,Proyector,R1,46.93,2,2024-05-16,3,Electrónica,26-63,0,0,,
391,2979,330,332,Proyector,R2,65.41,7,2024-02-15,3,Electrónica,63-86,0,0,,
1803,2439,330,331,Proyector,R1,59.08,3,2024-08-01,3,Electrónica,26-63,0,0,,
478,2269,330,332,Proyector,R2,74.59,4,2024-02-25,3,Electrónica,63-86,0,0,,
23,2209,330,331,Proyector,R1,32.15,1,2024-01-04,3,Electrónica,26-63,0,0,,
145,2119,330,332,Proyector,R2,84.1,11,2024-01-18,3,Electrónica,63-86,0,0,,
540,2489,330,332,Proyector,R2,77.06,1,2024-03-04,3,Electrónica,63-86,0,0,,
210,2619,330,332,Proyector,R2,70.1,10,2024-01-25,3,Electrónica,63-86,0,0,,
1856,2249,330,332,Proyector,R2,78.26,9,2024-08-07,3,Electrónica,63-86,0,0,,
1852,2299,330,332,Proyector,R2,78.69,2,2024-08-06,3,Electrónica,63-86,0,0,,
2966,2899,330,331,Proyector,R1,29.76,1,2024-12-26,3,Electrónica,26-63,0,0,,
835,2169,330,333,Proyector,R3,120.34,1,2024-04-06,3,Electrónica,86-125,0,0,,
2181,2939,330,332,Proyector,R2,83.38,9,2024-09-16,3,Electrónica,63-86,0,0,,
1722,2799,330,333,Proyector,R3,97.23,8,2024-07-22,3,Electrónica,86-125,0,0,,
2809,2849,330,331,Proyector,R1,38.67,11,2024-12-06,3,Electrónica,26-63,0,0,,
2755,2109,330,331,Proyector,R1,45.09,8,2024-11-30,3,Electrónica,26-63,0,0,,
2757,2459,330,333,Proyector,R3,118.81,2,2024-11-30,3,Electrónica,86-125,0,0,,
1928,2199,330,332,Proyector,R2,67.25,3,2024-08-18,3,Electrónica,63-86,0,0,,
2507,2449,330,333,Proyector,R3,104.25,4,2024-10-30,3,Electrónica,86-125,0,0,,
7,2959,330,333,Proyector,R3,88.17,9,2024-01-02,3,Electrónica,86-125,0,0,,
2011,2539,330,331,Proyector,R1,33.87,7,2024-08-27,3,Electrónica,26-63,0,0,,
1844,2549,330,332,Proyector,R2,69.11,11,2024-08-05,3,Electrónica,63-86,0,0,,
1929,2229,330,332,Proyector,R2,66.77,6,2024-08-18,3,Electrónica,63-86,0,0,,
2804,2689,330,331,Proyector,R1,62.73,9,2024-12-05,3,Electrónica,26-63,0,0,,
2364,2998,330,333,Proyector,R3,115.84,10,2024-10-10,3,Electrónica,86-125,0,0,,
2566,2909,330,333,Proyector,R3,108.21,12,2024-11-07,3,Electrónica,86-125,0,0,,
2941,2429,330,333,Proyector,R3,91.85,6,2024-12-23,3,Electrónica,86-125,0,0,,
2361,2389,330,332,Proyector,R2,73.93,5,2024-10-10,3,Electrónica,63-86,0,0,,
1845,2729,330,331,Proyector,R1,56.29,11,2024-08-05,3,Electrónica,26-63,0,0,,
552,2099,330,331,Proyector,R1,40.99,2,2024-03-06,3,Electrónica,26-63,0,0,,
2510,58,340,341,Rincón de plantas,R1,58.7,12,2024-10-31,1,Decoración,25-63,0,0,,
1628,858,340,342,Rincón de plantas,R2,84.64,11,2024-07-11,1,Decoración,63-86,0,0,,
2551,758,340,341,Rincón de plantas,R1,29,10,2024-11-06,1,Decoración,25-63,0,0,,
2594,688,340,342,Rincón de plantas,R2,81.27,11,2024-11-11,1,Decoración,63-86,0,0,,
162,788,340,342,Rincón de plantas,R2,85.75,3,2024-01-20,1,Decoración,63-86,0,0,,
1388,648,340,342,Rincón de plantas,R2,78.47,6,2024-06-08,1,Decoración,63-86,0,0,,
2628,618,340,341,Rincón de plantas,R1,36.15,8,2024-11-16,1,Decoración,25-63,0,0,,
142,588,340,342,Rincón de plantas,R2,80.17,3,2024-01-18,1,Decoración,63-86,0,0,,
220,218,340,343,Rincón de plantas,R3,120.32,1,2024-01-27,1,Decoración,86-124,0,0,,
1400,28,340,341,Rincón de plantas,R1,54.26,10,2024-06-09,1,Decoración,25-63,0,0,,
1443,208,340,343,Rincón de plantas,R3,107.88,10,2024-06-15,1,Decoración,86-124,0,0,,
1610,228,340,341,Rincón de plantas,R1,56.12,2,2024-07-09,1,Decoración,25-63,0,0,,
1611,268,340,342,Rincón de plantas,R2,82.16,10,2024-07-09,1,Decoración,63-86,0,0,,
1340,378,340,341,Rincón de plantas,R1,37.9,10,2024-06-02,1,Decoración,25-63,0,0,,
751,558,340,343,Rincón de plantas,R3,93.66,10,2024-03-28,1,Decoración,86-124,0,0,,
1471,388,340,342,Rincón de plantas,R2,80.35,12,2024-06-20,1,Decoración,63-86,0,0,,
2058,78,340,343,Rincón de plantas,R3,92.57,5,2024-09-02,1,Decoración,86-124,0,0,,
1591,838,340,341,Rincón de plantas,R1,32.18,4,2024-07-06,1,Decoración,25-63,0,0,,
721,708,340,342,Rincón de plantas,R2,63.1,11,2024-03-24,1,Decoración,63-86,0,0,,
747,598,340,342,Rincón de plantas,R2,82.59,8,2024-03-27,1,Decoración,63-86,0,0,,
1460,358,340,342,Rincón de plantas,R2,63.41,7,2024-06-18,1,Decoración,63-86,0,0,,
194,768,340,343,Rincón de plantas,R3,89.47,2,2024-01-24,1,Decoración,86-124,0,0,,
1494,578,340,341,Rincón de plantas,R1,36.07,9,2024-06-24,1,Decoración,25-63,0,0,,
2529,808,340,342,Rincón de plantas,R2,67.82,11,2024-11-02,1,Decoración,63-86,0,0,,
668,188,340,343,Rincón de plantas,R3,101.62,9,2024-03-18,1,Decoración,86-124,0,0,,
945,548,340,341,Rincón de plantas,R1,32.26,8,2024-04-19,1,Decoración,25-63,0,0,,
135,368,340,343,Rincón de plantas,R3,87.4,9,2024-01-17,1,Decoración,86-124,0,0,,
1883,148,340,343,Rincón de plantas,R3,105.27,6,2024-08-12,1,Decoración,86-124,0,0,,
2215,68,340,343,Rincón de plantas,R3,109.6,4,2024-09-23,1,Decoración,86-124,0,0,,
2882,628,340,341,Rincón de plantas,R1,29.36,11,2024-12-16,1,Decoración,25-63,0,0,,
2223,478,340,341,Rincón de plantas,R1,44.03,10,2024-09-24,1,Decoración,25-63,0,0,,
523,868,340,342,Rincón de plantas,R2,85.49,2,2024-03-02,1,Decoración,63-86,0,0,,
2869,1001,340,341,Rincón de plantas,R1,42.14,9,2024-12-15,1,Decoración,25-63,0,0,,
2868,948,340,342,Rincón de plantas,R2,72.96,6,2024-12-15,1,Decoración,63-86,0,0,,
2242,698,340,343,Rincón de plantas,R3,93.59,10,2024-09-26,1,Decoración,86-124,0,0,,
1106,98,340,343,Rincón de plantas,R3,91.3,6,2024-05-06,1,Decoración,86-124,0,0,,
873,328,340,341,Rincón de plantas,R1,60.89,1,2024-04-11,1,Decoración,25-63,0,0,,
528,8,340,342,Rincón de plantas,R2,70.24,7,2024-03-03,1,Decoración,63-86,0,0,,
1116,998,340,342,Rincón de plantas,R2,65.82,1,2024-05-07,1,Decoración,63-86,0,0,,
2690,338,340,343,Rincón de plantas,R3,114.46,12,2024-11-23,1,Decoración,86-124,0,0,,
1829,748,340,343,Rincón de plantas,R3,115.76,3,2024-08-04,1,Decoración,86-124,0,0,,
858,48,340,343,Rincón de plantas,R3,102.85,3,2024-04-10,1,Decoración,86-124,0,0,,
77,308,340,341,Rincón de plantas,R1,31.7,11,2024-01-11,1,Decoración,25-63,0,0,,
2844,128,340,343,Rincón de plantas,R3,96.21,6,2024-12-12,1,Decoración,86-124,0,0,,
78,718,340,341,Rincón de plantas,R1,29.88,8,2024-01-11,1,Decoración,25-63,0,0,,
1819,528,340,342,Rincón de plantas,R2,83.39,6,2024-08-03,1,Decoración,63-86,0,0,,
2293,968,340,341,Rincón de plantas,R1,60.2,3,2024-10-01,1,Decoración,25-63,0,0,,
1182,678,340,343,Rincón de plantas,R3,88.93,6,2024-05-15,1,Decoración,86-124,0,0,,
1886,938,340,342,Rincón de plantas,R2,83.79,4,2024-08-12,1,Decoración,63-86,0,0,,
838,398,340,342,Rincón de plantas,R2,77.3,7,2024-04-07,1,Decoración,63-86,0,0,,
1907,168,340,343,Rincón de plantas,R3,115.04,9,2024-08-15,1,Decoración,86-124,0,0,,
1941,638,340,343,Rincón de plantas,R3,88,5,2024-08-20,1,Decoración,86-124,0,0,,
952,198,340,343,Rincón de plantas,R3,115.15,11,2024-04-20,1,Decoración,86-124,0,0,,
2990,418,340,343,Rincón de plantas,R3,112.02,8,2024-12-30,1,Decoración,86-124,0,0,,
433,288,340,341,Rincón de plantas,R1,59.16,11,2024-02-21,1,Decoración,25-63,0,0,,
434,408,340,342,Rincón de plantas,R2,63.23,7,2024-02-21,1,Decoración,63-86,0,0,,
422,878,340,341,Rincón de plantas,R1,29.09,12,2024-02-19,1,Decoración,25-63,0,0,,
421,728,340,341,Rincón de plantas,R1,58.34,2,2024-02-19,1,Decoración,25-63,0,0,,
420,428,340,342,Rincón de plantas,R2,74.58,11,2024-02-19,1,Decoración,63-86,0,0,,
974,538,340,343,Rincón de plantas,R3,119.89,4,2024-04-22,1,Decoración,86-124,0,0,,
2109,118,340,343,Rincón de plantas,R3,107.62,6,2024-09-09,1,Decoración,86-124,0,0,,
2112,958,340,343,Rincón de plantas,R3,118.75,1,2024-09-09,1,Decoración,86-124,0,0,,
8,318,340,342,Rincón de plantas,R2,79.86,11,2024-01-03,1,Decoración,63-86,0,0,,
446,888,340,341,Rincón de plantas,R1,36.28,12,2024-02-22,1,Decoración,25-63,0,0,,
2006,248,340,342,Rincón de plantas,R2,81.89,4,2024-08-27,1,Decoración,63-86,0,0,,
2118,468,340,341,Rincón de plantas,R1,48.64,11,2024-09-10,1,Decoración,25-63,0,0,,
2120,818,340,341,Rincón de plantas,R1,51.02,6,2024-09-10,1,Decoración,25-63,0,0,,
448,928,340,343,Rincón de plantas,R3,111.8,5,2024-02-22,1,Decoración,86-124,0,0,,
410,658,340,343,Rincón de plantas,R3,96.23,8,2024-02-18,1,Decoración,86-124,0,0,,
932,138,340,341,Rincón de plantas,R1,38.89,2,2024-04-17,1,Decoración,25-63,0,0,,
1950,508,340,341,Rincón de plantas,R1,36.76,2,2024-08-21,1,Decoración,25-63,0,0,,
1030,518,340,343,Rincón de plantas,R3,113.79,7,2024-04-28,1,Decoración,86-124,0,0,,
2923,108,340,341,Rincón de plantas,R1,47.84,1,2024-12-22,1,Decoración,25-63,0,0,,
1050,988,340,343,Rincón de plantas,R3,115.47,1,2024-04-30,1,Decoración,86-124,0,0,,
566,348,340,341,Rincón de plantas,R1,46.49,1,2024-03-08,1,Decoración,25-63,0,0,,
2852,458,340,343,Rincón de plantas,R3,117.55,7,2024-12-13,1,Decoración,86-124,0,0,,
1199,448,340,343,Rincón de plantas,R3,99.24,9,2024-05-17,1,Decoración,86-124,0,0,,
1273,738,340,341,Rincón de plantas,R1,29.42,11,2024-05-25,1,Decoración,25-63,0,0,,
2368,778,340,341,Rincón de plantas,R1,32.69,5,2024-10-11,1,Decoración,25-63,0,0,,
2366,438,340,343,Rincón de plantas,R3,104.88,10,2024-10-11,1,Decoración,86-124,0,0,,
278,828,340,341,Rincón de plantas,R1,27.95,7,2024-02-02,1,Decoración,25-63,0,0,,
1232,918,340,343,Rincón de plantas,R3,104.95,9,2024-05-20,1,Decoración,86-124,0,0,,
589,978,340,341,Rincón de plantas,R1,32.05,4,2024-03-10,1,Decoración,25-63,0,0,,
1224,908,340,343,Rincón de plantas,R3,106.89,1,2024-05-19,1,Decoración,86-124,0,0,,
2355,668,340,341,Rincón de plantas,R1,61.18,8,2024-10-10,1,Decoración,25-63,0,0,,
1702,488,340,343,Rincón de plantas,R3,114.92,1,2024-07-20,1,Decoración,86-124,0,0,,
2354,498,340,341,Rincón de plantas,R1,42.62,4,2024-10-10,1,Decoración,25-63,0,0,,
2742,798,340,341,Rincón de plantas,R1,52.11,3,2024-11-29,1,Decoración,25-63,0,0,,
269,848,340,342,Rincón de plantas,R2,81.92,10,2024-02-01,1,Decoración,63-86,0,0,,
1282,568,340,343,Rincón de plantas,R3,100.45,1,2024-05-26,1,Decoración,86-124,0,0,,
1670,298,340,341,Rincón de plantas,R1,29.59,12,2024-07-16,1,Decoración,25-63,0,0,,
103,608,340,342,Rincón de plantas,R2,64.67,10,2024-01-14,1,Decoración,63-86,0,0,,
2407,278,340,343,Rincón de plantas,R3,122.76,10,2024-10-17,1,Decoración,86-124,0,0,,
93,88,340,343,Rincón de plantas,R3,109.33,9,2024-01-13,1,Decoración,86-124,0,0,,
2305,38,340,341,Rincón de plantas,R1,26.44,4,2024-10-03,1,Decoración,25-63,0,0,,
134,178,340,342,Rincón de plantas,R2,81.5,1,2024-01-17,1,Decoración,63-86,0,0,,
2697,238,340,343,Rincón de plantas,R3,103.51,12,2024-11-24,1,Decoración,86-124,0,0,,
2317,898,340,342,Rincón de plantas,R2,67.87,11,2024-10-05,1,Decoración,63-86,0,0,,
2431,18,340,341,Rincón de plantas,R1,37.09,3,2024-10-22,1,Decoración,25-63,0,0,,
2328,158,340,343,Rincón de plantas,R3,117.14,8,2024-10-07,1,Decoración,86-124,0,0,,
1719,258,340,341,Rincón de plantas,R1,52.21,9,2024-07-22,1,Decoración,25-63,0,0,,
1291,1226,350,352,Secadora,R2,89.37,10,2024-05-27,2,Electrodomésticos,50-93,0,0,,
1285,1616,350,351,Secadora,R1,40.43,8,2024-05-26,2,Electrodomésticos,26-50,0,0,,
2730,1576,350,351,Secadora,R1,35.14,4,2024-11-27,2,Electrodomésticos,26-50,0,0,,
2927,1216,350,351,Secadora,R1,38.24,2,2024-12-22,2,Electrodomésticos,26-50,0,0,,
1431,1246,350,352,Secadora,R2,60.94,6,2024-06-13,2,Electrodomésticos,50-93,0,0,,
2928,1386,350,351,Secadora,R1,41.84,7,2024-12-22,2,Electrodomésticos,26-50,0,0,,
941,1316,350,353,Secadora,R3,110.21,11,2024-04-18,2,Electrodomésticos,93-125,0,0,,
2938,1416,350,352,Secadora,R2,64.14,1,2024-12-23,2,Electrodomésticos,50-93,0,0,,
2706,1396,350,353,Secadora,R3,113.64,4,2024-11-25,2,Electrodomésticos,93-125,0,0,,
1275,1526,350,353,Secadora,R3,115.5,7,2024-05-25,2,Electrodomésticos,93-125,0,0,,
793,1866,350,351,Secadora,R1,39.42,9,2024-04-02,2,Electrodomésticos,26-50,0,0,,
2,1156,350,353,Secadora,R3,97.96,3,2024-01-02,2,Electrodomésticos,93-125,0,0,,
1002,1846,350,353,Secadora,R3,124.29,2,2024-04-25,2,Electrodomésticos,93-125,0,0,,
2968,1236,350,351,Secadora,R1,27.84,11,2024-12-27,2,Electrodomésticos,26-50,0,0,,
1293,1446,350,353,Secadora,R3,124.12,10,2024-05-27,2,Electrodomésticos,93-125,0,0,,
4,1546,350,353,Secadora,R3,106.21,4,2024-01-02,2,Electrodomésticos,93-125,0,0,,
1345,1076,350,352,Secadora,R2,77.29,4,2024-06-02,2,Electrodomésticos,50-93,0,0,,
2955,1996,350,353,Secadora,R3,113.87,9,2024-12-25,2,Electrodomésticos,93-125,0,0,,
2737,1976,350,353,Secadora,R3,97.56,7,2024-11-28,2,Electrodomésticos,93-125,0,0,,
2614,1566,350,352,Secadora,R2,78.4,8,2024-11-14,2,Electrodomésticos,50-93,0,0,,
2964,1876,350,351,Secadora,R1,41.79,4,2024-12-26,2,Electrodomésticos,26-50,0,0,,
2813,1596,350,351,Secadora,R1,29.1,6,2024-12-07,2,Electrodomésticos,26-50,0,0,,
143,1626,350,353,Secadora,R3,102.73,6,2024-01-18,2,Electrodomésticos,93-125,0,0,,
2805,1086,350,352,Secadora,R2,50.66,9,2024-12-06,2,Electrodomésticos,50-93,0,0,,
1167,1966,350,351,Secadora,R1,27.27,9,2024-05-13,2,Electrodomésticos,26-50,0,0,,
1193,1606,350,353,Secadora,R3,105.33,5,2024-05-16,2,Electrodomésticos,93-125,0,0,,
842,1956,350,351,Secadora,R1,42.59,12,2024-04-07,2,Electrodomésticos,26-50,0,0,,
1150,1116,350,352,Secadora,R2,56.24,8,2024-05-11,2,Electrodomésticos,50-93,0,0,,
1194,1756,350,353,Secadora,R3,113.61,11,2024-05-16,2,Electrodomésticos,93-125,0,0,,
1201,1006,350,353,Secadora,R3,116.9,5,2024-05-17,2,Electrodomésticos,93-125,0,0,,
2794,1656,350,351,Secadora,R1,42.59,7,2024-12-04,2,Electrodomésticos,26-50,0,0,,
1127,1146,350,353,Secadora,R3,96.67,7,2024-05-08,2,Electrodomésticos,93-125,0,0,,
2665,1836,350,352,Secadora,R2,68.69,4,2024-11-19,2,Electrodomésticos,50-93,0,0,,
1118,1896,350,351,Secadora,R1,37.22,4,2024-05-07,2,Electrodomésticos,26-50,0,0,,
865,1356,350,353,Secadora,R3,124.09,4,2024-04-10,2,Electrodomésticos,93-125,0,0,,
2793,1636,350,351,Secadora,R1,44.47,6,2024-12-04,2,Electrodomésticos,26-50,0,0,,
830,1776,350,351,Secadora,R1,33.55,3,2024-04-06,2,Electrodomésticos,26-50,0,0,,
1040,1096,350,353,Secadora,R3,115.14,10,2024-04-29,2,Electrodomésticos,93-125,0,0,,
829,1376,350,352,Secadora,R2,69.58,7,2024-04-06,2,Electrodomésticos,50-93,0,0,,
1346,1476,350,352,Secadora,R2,73.14,6,2024-06-02,2,Electrodomésticos,50-93,0,0,,
1214,1176,350,353,Secadora,R3,118.64,11,2024-05-18,2,Electrodomésticos,93-125,0,0,,
1402,1276,350,352,Secadora,R2,65.45,12,2024-06-09,2,Electrodomésticos,50-93,0,0,,
2870,1126,350,352,Secadora,R2,88.77,1,2024-12-15,2,Electrodomésticos,50-93,0,0,,
1093,1666,350,353,Secadora,R3,99.75,4,2024-05-04,2,Electrodomésticos,93-125,0,0,,
1092,1056,350,353,Secadora,R3,109.52,10,2024-05-04,2,Electrodomésticos,93-125,0,0,,
892,1856,350,351,Secadora,R1,42.03,11,2024-04-13,2,Electrodomésticos,26-50,0,0,,
2885,1586,350,351,Secadora,R1,44.98,5,2024-12-16,2,Electrodomésticos,26-50,0,0,,
159,1806,350,351,Secadora,R1,27.45,10,2024-01-19,2,Electrodomésticos,26-50,0,0,,
815,1366,350,351,Secadora,R1,31.56,11,2024-04-04,2,Electrodomésticos,26-50,0,0,,
900,1516,350,353,Secadora,R3,105.8,3,2024-04-14,2,Electrodomésticos,93-125,0,0,,
2814,1906,350,353,Secadora,R3,96.7,8,2024-12-07,2,Electrodomésticos,93-125,0,0,,
1061,1726,350,353,Secadora,R3,101.27,7,2024-05-01,2,Electrodomésticos,93-125,0,0,,
1051,1036,350,351,Secadora,R1,42.32,7,2024-04-30,2,Electrodomésticos,26-50,0,0,,
1213,1066,350,352,Secadora,R2,62.98,9,2024-05-18,2,Electrodomésticos,50-93,0,0,,
43,1496,350,353,Secadora,R3,95.33,11,2024-01-07,2,Electrodomésticos,93-125,0,0,,
1538,1826,350,353,Secadora,R3,109.43,9,2024-06-29,2,Electrodomésticos,93-125,0,0,,
2494,1556,350,353,Secadora,R3,117.97,3,2024-10-29,2,Electrodomésticos,93-125,0,0,,
1900,1256,350,351,Secadora,R1,29.77,7,2024-08-14,2,Electrodomésticos,26-50,0,0,,
1638,1306,350,352,Secadora,R2,69.81,6,2024-07-12,2,Electrodomésticos,50-93,0,0,,
1858,1406,350,353,Secadora,R3,113.35,8,2024-08-08,2,Electrodomésticos,93-125,0,0,,
350,1436,350,351,Secadora,R1,45.43,11,2024-02-10,2,Electrodomésticos,26-50,0,0,,
351,1696,350,353,Secadora,R3,115.57,12,2024-02-10,2,Electrodomésticos,93-125,0,0,,
248,1886,350,351,Secadora,R1,47.91,1,2024-01-30,2,Electrodomésticos,26-50,0,0,,
2544,1466,350,352,Secadora,R2,85.31,5,2024-11-05,2,Electrodomésticos,50-93,0,0,,
247,1046,350,353,Secadora,R3,109,11,2024-01-30,2,Electrodomésticos,93-125,0,0,,
2434,1766,350,352,Secadora,R2,65.13,9,2024-10-22,2,Electrodomésticos,50-93,0,0,,
1735,1816,350,351,Secadora,R1,47.25,4,2024-07-24,2,Electrodomésticos,26-50,0,0,,
196,1786,350,351,Secadora,R1,40.63,3,2024-01-24,2,Electrodomésticos,26-50,0,0,,
2135,1166,350,351,Secadora,R1,26.96,2,2024-09-12,2,Electrodomésticos,26-50,0,0,,
1562,1296,350,352,Secadora,R2,65.21,10,2024-07-02,2,Electrodomésticos,50-93,0,0,,
1731,1016,350,351,Secadora,R1,28.8,12,2024-07-24,2,Electrodomésticos,26-50,0,0,,
2441,1206,350,351,Secadora,R1,44.22,1,2024-10-23,2,Electrodomésticos,26-50,0,0,,
2161,1986,350,351,Secadora,R1,34.34,6,2024-09-14,2,Electrodomésticos,26-50,0,0,,
2449,1716,350,352,Secadora,R2,62.92,10,2024-10-24,2,Electrodomésticos,50-93,0,0,,
2148,1706,350,352,Secadora,R2,66.86,5,2024-09-13,2,Electrodomésticos,50-93,0,0,,
1641,1536,350,352,Secadora,R2,69.11,6,2024-07-12,2,Electrodomésticos,50-93,0,0,,
2103,1486,350,352,Secadora,R2,90.49,5,2024-09-08,2,Electrodomésticos,50-93,0,0,,
537,1646,350,351,Secadora,R1,33.89,7,2024-03-04,2,Electrodomésticos,26-50,0,0,,
290,1336,350,351,Secadora,R1,42.81,7,2024-02-03,2,Electrodomésticos,26-50,0,0,,
2173,1266,350,352,Secadora,R2,77.49,9,2024-09-16,2,Electrodomésticos,50-93,0,0,,
175,1286,350,352,Secadora,R2,84.5,11,2024-01-21,2,Electrodomésticos,50-93,0,0,,
300,1456,350,352,Secadora,R2,84.24,3,2024-02-04,2,Electrodomésticos,50-93,0,0,,
2467,1676,350,352,Secadora,R2,88.46,9,2024-10-26,2,Electrodomésticos,50-93,0,0,,
1604,1936,350,353,Secadora,R3,117.68,12,2024-07-07,2,Electrodomésticos,93-125,0,0,,
1629,1746,350,352,Secadora,R2,52.03,5,2024-07-11,2,Electrodomésticos,50-93,0,0,,
382,1946,350,352,Secadora,R2,69.17,6,2024-02-14,2,Electrodomésticos,50-93,0,0,,
551,1686,350,352,Secadora,R2,59.33,8,2024-03-06,2,Electrodomésticos,50-93,0,0,,
437,1186,350,352,Secadora,R2,80.16,9,2024-02-21,2,Electrodomésticos,50-93,0,0,,
182,1106,350,352,Secadora,R2,91.54,2,2024-01-22,2,Electrodomésticos,50-93,0,0,,
499,1136,350,351,Secadora,R1,41.84,8,2024-02-28,2,Electrodomésticos,26-50,0,0,,
1764,1506,350,353,Secadora,R3,98.85,11,2024-07-28,2,Electrodomésticos,93-125,0,0,,
2044,1026,350,353,Secadora,R3,121.19,10,2024-08-31,2,Electrodomésticos,93-125,0,0,,
2174,1426,350,353,Secadora,R3,104.23,4,2024-09-16,2,Electrodomésticos,93-125,0,0,,
620,1916,350,353,Secadora,R3,110.04,11,2024-03-13,2,Electrodomésticos,93-125,0,0,,
1674,1926,350,351,Secadora,R1,42.19,2,2024-07-16,2,Electrodomésticos,26-50,0,0,,
545,1736,350,352,Secadora,R2,59.04,11,2024-03-05,2,Electrodomésticos,50-93,0,0,,
1484,1196,350,351,Secadora,R1,32.4,3,2024-06-22,2,Electrodomésticos,26-50,0,0,,
2321,1796,350,352,Secadora,R2,63.51,11,2024-10-05,2,Electrodomésticos,50-93,0,0,,
2411,1326,350,353,Secadora,R3,109.4,7,2024-10-18,2,Electrodomésticos,93-125,0,0,,
400,1346,350,352,Secadora,R2,64.11,4,2024-02-17,2,Electrodomésticos,50-93,0,0,,
633,2748,360,361,SmartWatch,R1,53.93,7,2024-03-14,3,Electrónica,25-55,0,0,,
553,2388,360,363,SmartWatch,R3,100.57,9,2024-03-06,3,Electrónica,91-126,0,0,,
554,2498,360,363,SmartWatch,R3,100.96,10,2024-03-06,3,Electrónica,91-126,0,0,,
57,2918,360,362,SmartWatch,R2,82.18,10,2024-01-08,3,Electrónica,55-91,0,0,,
1229,2978,360,363,SmartWatch,R3,115.44,9,2024-05-19,3,Electrónica,91-126,0,0,,
1874,2078,360,363,SmartWatch,R3,107.98,8,2024-08-10,3,Electrónica,91-126,0,0,,
1634,2997,360,361,SmartWatch,R1,47.71,3,2024-07-11,3,Electrónica,25-55,0,0,,
1869,2798,360,362,SmartWatch,R2,56.58,12,2024-08-09,3,Electrónica,55-91,0,0,,
85,2268,360,361,SmartWatch,R1,48.45,2,2024-01-11,3,Electrónica,25-55,0,0,,
1078,2988,360,363,SmartWatch,R3,100.8,4,2024-05-02,3,Electrónica,91-126,0,0,,
1794,2488,360,362,SmartWatch,R2,71.56,5,2024-07-31,3,Electrónica,55-91,0,0,,
1105,2898,360,363,SmartWatch,R3,108.81,10,2024-05-05,3,Electrónica,91-126,0,0,,
1162,2888,360,362,SmartWatch,R2,66.44,3,2024-05-12,3,Electrónica,55-91,0,0,,
1268,2678,360,361,SmartWatch,R1,47.3,10,2024-05-23,3,Electrónica,25-55,0,0,,
1260,2868,360,363,SmartWatch,R3,124.57,6,2024-05-22,3,Electrónica,91-126,0,0,,
2843,2818,360,361,SmartWatch,R1,27.83,1,2024-12-11,3,Electrónica,25-55,0,0,,
316,2438,360,361,SmartWatch,R1,45.98,3,2024-02-06,3,Electrónica,25-55,0,0,,
2834,2348,360,361,SmartWatch,R1,49.9,11,2024-12-10,3,Electrónica,25-55,0,0,,
2269,2168,360,362,SmartWatch,R2,89.68,8,2024-09-29,3,Electrónica,55-91,0,0,,
2405,2448,360,363,SmartWatch,R3,109.91,12,2024-10-16,3,Electrónica,91-126,0,0,,
336,2618,360,362,SmartWatch,R2,64.98,11,2024-02-08,3,Electrónica,55-91,0,0,,
118,2788,360,361,SmartWatch,R1,30.38,8,2024-01-15,3,Electrónica,25-55,0,0,,
1837,2578,360,361,SmartWatch,R1,26.11,7,2024-08-04,3,Electrónica,25-55,0,0,,
623,2688,360,363,SmartWatch,R3,119.73,12,2024-03-13,3,Electrónica,91-126,0,0,,
341,2668,360,363,SmartWatch,R3,97.01,4,2024-02-09,3,Electrónica,91-126,0,0,,
624,2858,360,362,SmartWatch,R2,89.27,6,2024-03-13,3,Electrónica,55-91,0,0,,
342,2718,360,363,SmartWatch,R3,110.23,11,2024-02-09,3,Electrónica,91-126,0,0,,
1113,2708,360,363,SmartWatch,R3,115.3,10,2024-05-06,3,Electrónica,91-126,0,0,,
806,2028,360,361,SmartWatch,R1,38.84,7,2024-04-03,3,Electrónica,25-55,0,0,,
286,2548,360,363,SmartWatch,R3,108.99,10,2024-02-02,3,Electrónica,91-126,0,0,,
2470,2198,360,362,SmartWatch,R2,78.65,7,2024-10-26,3,Electrónica,55-91,0,0,,
2437,2128,360,363,SmartWatch,R3,123.02,6,2024-10-22,3,Electrónica,91-126,0,0,,
878,2478,360,362,SmartWatch,R2,80.84,8,2024-04-11,3,Electrónica,55-91,0,0,,
245,2938,360,363,SmartWatch,R3,122.68,1,2024-01-29,3,Electrónica,91-126,0,0,,
115,2098,360,362,SmartWatch,R2,75.65,5,2024-01-15,3,Electrónica,55-91,0,0,,
2373,2258,360,362,SmartWatch,R2,68.66,5,2024-10-11,3,Electrónica,55-91,0,0,,
2237,2248,360,362,SmartWatch,R2,88.46,8,2024-09-25,3,Electrónica,55-91,0,0,,
240,2228,360,363,SmartWatch,R3,100.06,7,2024-01-29,3,Electrónica,91-126,0,0,,
310,2378,360,362,SmartWatch,R2,72.38,1,2024-02-05,3,Electrónica,55-91,0,0,,
2187,2148,360,362,SmartWatch,R2,84.06,9,2024-09-17,3,Electrónica,55-91,0,0,,
1760,2518,360,363,SmartWatch,R3,114.56,3,2024-07-27,3,Electrónica,91-126,0,0,,
1793,2408,360,363,SmartWatch,R3,101.54,5,2024-07-31,3,Electrónica,91-126,0,0,,
1396,2138,360,361,SmartWatch,R1,27.36,4,2024-06-08,3,Electrónica,25-55,0,0,,
1397,2308,360,363,SmartWatch,R3,105.89,9,2024-06-08,3,Electrónica,91-126,0,0,,
2472,2878,360,363,SmartWatch,R3,122.44,5,2024-10-26,3,Electrónica,91-126,0,0,,
2347,2738,360,362,SmartWatch,R2,65.16,3,2024-10-08,3,Electrónica,55-91,0,0,,
1978,2048,360,361,SmartWatch,R1,53.91,2,2024-08-23,3,Electrónica,25-55,0,0,,
834,2108,360,362,SmartWatch,R2,79.37,10,2024-04-06,3,Electrónica,55-91,0,0,,
1989,2648,360,362,SmartWatch,R2,77.68,2,2024-08-24,3,Electrónica,55-91,0,0,,
2345,2598,360,363,SmartWatch,R3,113.97,7,2024-10-08,3,Electrónica,91-126,0,0,,
1406,2418,360,361,SmartWatch,R1,46.8,3,2024-06-10,3,Electrónica,25-55,0,0,,
2600,2558,360,362,SmartWatch,R2,63.94,7,2024-11-11,3,Electrónica,55-91,0,0,,
294,2758,360,362,SmartWatch,R2,81.32,6,2024-02-03,3,Electrónica,55-91,0,0,,
1414,2458,360,362,SmartWatch,R2,58.95,9,2024-06-11,3,Electrónica,55-91,0,0,,
2142,2828,360,361,SmartWatch,R1,35.18,12,2024-09-12,3,Electrónica,25-55,0,0,,
1508,2328,360,361,SmartWatch,R1,27.13,3,2024-06-25,3,Electrónica,25-55,0,0,,
2782,2658,360,363,SmartWatch,R3,115.11,3,2024-12-02,3,Electrónica,91-126,0,0,,
2337,2608,360,362,SmartWatch,R2,60.98,5,2024-10-07,3,Electrónica,55-91,0,0,,
1501,2158,360,362,SmartWatch,R2,89.15,1,2024-06-24,3,Electrónica,55-91,0,0,,
2013,2928,360,361,SmartWatch,R1,50.23,8,2024-08-27,3,Electrónica,25-55,0,0,,
2618,2958,360,362,SmartWatch,R2,64.59,10,2024-11-14,3,Electrónica,55-91,0,0,,
1781,2318,360,363,SmartWatch,R3,122.04,9,2024-07-30,3,Electrónica,91-126,0,0,,
1441,2728,360,362,SmartWatch,R2,87.88,2,2024-06-14,3,Electrónica,55-91,0,0,,
2315,2538,360,361,SmartWatch,R1,29.14,12,2024-10-04,3,Electrónica,25-55,0,0,,
939,2368,360,362,SmartWatch,R2,70.23,5,2024-04-17,3,Electrónica,55-91,0,0,,
2977,2038,360,363,SmartWatch,R3,100.58,5,2024-12-28,3,Electrónica,91-126,0,0,,
2610,2208,360,361,SmartWatch,R1,33.12,10,2024-11-13,3,Electrónica,25-55,0,0,,
2609,2118,360,363,SmartWatch,R3,99.5,5,2024-11-13,3,Electrónica,91-126,0,0,,
2010,2298,360,361,SmartWatch,R1,51.84,1,2024-08-27,3,Electrónica,25-55,0,0,,
166,2588,360,362,SmartWatch,R2,83.01,11,2024-01-20,3,Electrónica,55-91,0,0,,
1216,2288,360,361,SmartWatch,R1,42.66,11,2024-05-18,3,Electrónica,25-55,0,0,,
1539,2008,360,361,SmartWatch,R1,34.81,9,2024-06-29,3,Electrónica,25-55,0,0,,
227,2218,360,361,SmartWatch,R1,54.84,1,2024-01-27,3,Electrónica,25-55,0,0,,
2180,2848,360,361,SmartWatch,R1,33.56,5,2024-09-16,3,Electrónica,25-55,0,0,,
140,2698,360,362,SmartWatch,R2,76.47,7,2024-01-17,3,Electrónica,55-91,0,0,,
2484,2808,360,361,SmartWatch,R1,54.79,9,2024-10-27,3,Electrónica,25-55,0,0,,
2177,2278,360,361,SmartWatch,R1,50.2,5,2024-09-16,3,Electrónica,25-55,0,0,,
653,2018,360,363,SmartWatch,R3,99.78,1,2024-03-16,3,Electrónica,91-126,0,0,,
823,2778,360,362,SmartWatch,R2,70.66,7,2024-04-05,3,Electrónica,55-91,0,0,,
479,2398,360,361,SmartWatch,R1,47.21,1,2024-02-25,3,Electrónica,25-55,0,0,,
212,2948,360,361,SmartWatch,R1,29.15,2,2024-01-25,3,Electrónica,25-55,0,0,,
1568,2968,360,363,SmartWatch,R3,92.79,1,2024-07-02,3,Electrónica,91-126,0,0,,
1566,2358,360,363,SmartWatch,R3,118.54,3,2024-07-02,3,Electrónica,91-126,0,0,,
2582,2908,360,362,SmartWatch,R2,78.63,4,2024-11-09,3,Electrónica,55-91,0,0,,
90,2428,360,363,SmartWatch,R3,115,10,2024-01-12,3,Electrónica,91-126,0,0,,
2334,2188,360,361,SmartWatch,R1,41.24,4,2024-10-07,3,Electrónica,25-55,0,0,,
2660,2638,360,363,SmartWatch,R3,124,5,2024-11-18,3,Electrónica,91-126,0,0,,
293,2068,360,361,SmartWatch,R1,49.23,4,2024-02-03,3,Electrónica,25-55,0,0,,
1364,2468,360,361,SmartWatch,R1,54.55,11,2024-06-04,3,Electrónica,25-55,0,0,,
760,2838,360,363,SmartWatch,R3,115.3,3,2024-03-29,3,Electrónica,91-126,0,0,,
2515,2178,360,363,SmartWatch,R3,104.12,8,2024-10-31,3,Electrónica,91-126,0,0,,
2516,2238,360,362,SmartWatch,R2,68.47,6,2024-10-31,3,Electrónica,55-91,0,0,,
1025,2528,360,361,SmartWatch,R1,54.61,1,2024-04-27,3,Electrónica,25-55,0,0,,
471,2768,360,361,SmartWatch,R1,29.39,11,2024-02-24,3,Electrónica,25-55,0,0,,
1959,2338,360,361,SmartWatch,R1,36.21,1,2024-08-21,3,Electrónica,25-55,0,0,,
470,2058,360,361,SmartWatch,R1,35.41,3,2024-02-24,3,Electrónica,25-55,0,0,,
1784,2628,360,363,SmartWatch,R3,97.44,7,2024-07-30,3,Electrónica,91-126,0,0,,
1009,2088,360,363,SmartWatch,R3,111.58,9,2024-04-26,3,Electrónica,91-126,0,0,,
1969,2508,360,362,SmartWatch,R2,63.29,3,2024-08-22,3,Electrónica,55-91,0,0,,
1440,2568,360,362,SmartWatch,R2,85.17,5,2024-06-14,3,Electrónica,55-91,0,0,,
2590,2573,370,372,Smartphone,R2,91.52,7,2024-11-10,3,Electrónica,64-101,0,0,,
846,2373,370,373,Smartphone,R3,123.6,12,2024-04-07,3,Electrónica,101-126,0,0,,
2308,2703,370,373,Smartphone,R3,123.4,12,2024-10-03,3,Electrónica,101-126,0,0,,
91,2583,370,372,Smartphone,R2,67.93,10,2024-01-12,3,Electrónica,64-101,0,0,,
1179,2213,370,371,Smartphone,R1,30.51,9,2024-05-14,3,Electrónica,26-64,0,0,,
1189,2733,370,372,Smartphone,R2,75.31,5,2024-05-15,3,Electrónica,64-101,0,0,,
572,2233,370,371,Smartphone,R1,37.11,3,2024-03-08,3,Electrónica,26-64,0,0,,
1144,2333,370,373,Smartphone,R3,109.48,5,2024-05-10,3,Electrónica,101-126,0,0,,
725,2003,370,373,Smartphone,R3,118.8,2,2024-03-24,3,Electrónica,101-126,0,0,,
1138,2473,370,372,Smartphone,R2,75.13,12,2024-05-09,3,Electrónica,64-101,0,0,,
473,2943,370,371,Smartphone,R1,28.64,2,2024-02-24,3,Electrónica,26-64,0,0,,
1012,2363,370,372,Smartphone,R2,88.02,12,2024-04-26,3,Electrónica,64-101,0,0,,
1004,2713,370,371,Smartphone,R1,28.75,9,2024-04-25,3,Electrónica,26-64,0,0,,
460,2503,370,371,Smartphone,R1,32.58,9,2024-02-23,3,Electrónica,26-64,0,0,,
2948,2513,370,373,Smartphone,R3,119.12,8,2024-12-24,3,Electrónica,101-126,0,0,,
452,2883,370,371,Smartphone,R1,59.99,12,2024-02-22,3,Electrónica,26-64,0,0,,
2958,2863,370,372,Smartphone,R2,88.08,5,2024-12-25,3,Electrónica,64-101,0,0,,
2004,2423,370,373,Smartphone,R3,110.79,1,2024-08-26,3,Electrónica,101-126,0,0,,
2009,2243,370,372,Smartphone,R2,101,1,2024-08-27,3,Electrónica,101-126,0,0,,
2108,2723,370,373,Smartphone,R3,119.21,11,2024-09-08,3,Electrónica,101-126,0,0,,
2105,2193,370,371,Smartphone,R1,55.63,3,2024-09-08,3,Electrónica,26-64,0,0,,
444,2903,370,371,Smartphone,R1,53.67,6,2024-02-21,3,Electrónica,26-64,0,0,,
442,2083,370,371,Smartphone,R1,32.6,8,2024-02-21,3,Electrónica,26-64,0,0,,
2973,2990,370,371,Smartphone,R1,60.16,11,2024-12-27,3,Electrónica,26-64,0,0,,
969,2523,370,371,Smartphone,R1,56.73,1,2024-04-21,3,Electrónica,26-64,0,0,,
2089,2453,370,373,Smartphone,R3,116.35,6,2024-09-06,3,Electrónica,101-126,0,0,,
432,2992,370,373,Smartphone,R3,116.25,8,2024-02-20,3,Electrónica,101-126,0,0,,
2056,2313,370,373,Smartphone,R3,103.95,1,2024-09-01,3,Electrónica,101-126,0,0,,
958,2413,370,372,Smartphone,R2,76.69,3,2024-04-20,3,Electrónica,64-101,0,0,,
1027,2633,370,371,Smartphone,R1,35.18,12,2024-04-27,3,Electrónica,26-64,0,0,,
918,2673,370,372,Smartphone,R2,76.29,11,2024-04-15,3,Electrónica,64-101,0,0,,
34,2603,370,372,Smartphone,R2,87.05,5,2024-01-06,3,Electrónica,64-101,0,0,,
1924,2963,370,371,Smartphone,R1,62.46,6,2024-08-17,3,Electrónica,26-64,0,0,,
1823,2093,370,372,Smartphone,R2,70.7,7,2024-08-03,3,Electrónica,64-101,0,0,,
1825,2563,370,372,Smartphone,R2,90.19,1,2024-08-03,3,Electrónica,64-101,0,0,,
1132,2163,370,373,Smartphone,R3,106.39,12,2024-05-08,3,Electrónica,101-126,0,0,,
2851,2893,370,371,Smartphone,R1,42.97,3,2024-12-12,3,Electrónica,26-64,0,0,,
2245,2793,370,372,Smartphone,R2,91.37,8,2024-09-26,3,Electrónica,64-101,0,0,,
352,2013,370,371,Smartphone,R1,49.34,12,2024-02-10,3,Electrónica,26-64,0,0,,
1103,2403,370,372,Smartphone,R2,74.39,3,2024-05-05,3,Electrónica,64-101,0,0,,
353,2203,370,371,Smartphone,R1,59.33,5,2024-02-10,3,Electrónica,26-64,0,0,,
354,2873,370,372,Smartphone,R2,74.8,5,2024-02-10,3,Electrónica,64-101,0,0,,
548,2063,370,373,Smartphone,R3,124.01,12,2024-03-05,3,Electrónica,101-126,0,0,,
355,2973,370,372,Smartphone,R2,97.62,1,2024-02-10,3,Electrónica,64-101,0,0,,
1879,2153,370,371,Smartphone,R1,31.39,4,2024-08-11,3,Electrónica,26-64,0,0,,
55,2283,370,372,Smartphone,R2,70.07,11,2024-01-08,3,Electrónica,64-101,0,0,,
2890,2843,370,371,Smartphone,R1,63.78,8,2024-12-16,3,Electrónica,26-64,0,0,,
2327,2443,370,373,Smartphone,R3,111.34,5,2024-10-06,3,Electrónica,101-126,0,0,,
54,2173,370,371,Smartphone,R1,54.19,12,2024-01-08,3,Electrónica,26-64,0,0,,
47,2773,370,373,Smartphone,R3,107.51,5,2024-01-07,3,Electrónica,101-126,0,0,,
2203,2753,370,371,Smartphone,R1,60.87,12,2024-09-19,3,Electrónica,26-64,0,0,,
2905,2663,370,373,Smartphone,R3,118.95,10,2024-12-18,3,Electrónica,101-126,0,0,,
2911,2833,370,372,Smartphone,R2,97.07,9,2024-12-19,3,Electrónica,64-101,0,0,,
1086,2463,370,372,Smartphone,R2,67.59,2,2024-05-03,3,Electrónica,64-101,0,0,,
515,2223,370,373,Smartphone,R3,116.89,6,2024-02-29,3,Electrónica,101-126,0,0,,
1761,2853,370,372,Smartphone,R2,69.68,1,2024-07-27,3,Electrónica,64-101,0,0,,
2996,2913,370,372,Smartphone,R2,99.85,7,2024-12-30,3,Electrónica,64-101,0,0,,
2499,2553,370,372,Smartphone,R2,78.89,3,2024-10-29,3,Electrónica,64-101,0,0,,
2436,2043,370,371,Smartphone,R1,30.55,4,2024-10-22,3,Electrónica,26-64,0,0,,
632,2493,370,373,Smartphone,R3,124.82,5,2024-03-14,3,Electrónica,101-126,0,0,,
251,2273,370,371,Smartphone,R1,59.33,2,2024-01-30,3,Electrónica,26-64,0,0,,
2424,2933,370,372,Smartphone,R2,74.88,5,2024-10-20,3,Electrónica,64-101,0,0,,
2423,2923,370,371,Smartphone,R1,33.63,5,2024-10-20,3,Electrónica,26-64,0,0,,
1531,2743,370,372,Smartphone,R2,91.42,9,2024-06-28,3,Electrónica,64-101,0,0,,
768,2683,370,373,Smartphone,R3,111.41,7,2024-03-30,3,Electrónica,101-126,0,0,,
199,2543,370,372,Smartphone,R2,91.39,7,2024-01-24,3,Electrónica,64-101,0,0,,
119,2803,370,372,Smartphone,R2,95.73,5,2024-01-15,3,Electrónica,64-101,0,0,,
2561,2113,370,373,Smartphone,R3,119.26,2,2024-11-07,3,Electrónica,101-126,0,0,,
1288,2073,370,372,Smartphone,R2,70.04,3,2024-05-26,3,Electrónica,64-101,0,0,,
1618,2293,370,373,Smartphone,R3,115.15,4,2024-07-09,3,Electrónica,101-126,0,0,,
2451,2183,370,373,Smartphone,R3,110.92,7,2024-10-24,3,Electrónica,101-126,0,0,,
283,2133,370,372,Smartphone,R2,88.43,2,2024-02-02,3,Electrónica,64-101,0,0,,
621,2393,370,373,Smartphone,R3,113.88,9,2024-03-13,3,Electrónica,101-126,0,0,,
677,2763,370,373,Smartphone,R3,107.84,11,2024-03-18,3,Electrónica,101-126,0,0,,
1684,2643,370,372,Smartphone,R2,97.36,1,2024-07-17,3,Electrónica,64-101,0,0,,
2517,2483,370,372,Smartphone,R2,93.11,4,2024-10-31,3,Electrónica,64-101,0,0,,
2732,2253,370,371,Smartphone,R1,59.1,12,2024-11-27,3,Electrónica,26-64,0,0,,
1565,2343,370,372,Smartphone,R2,68.49,11,2024-07-02,3,Electrónica,64-101,0,0,,
655,2613,370,373,Smartphone,R3,105.63,6,2024-03-16,3,Electrónica,101-126,0,0,,
200,2623,370,371,Smartphone,R1,27.32,7,2024-01-24,3,Electrónica,26-64,0,0,,
1736,2023,370,373,Smartphone,R3,105.76,12,2024-07-24,3,Electrónica,101-126,0,0,,
2496,2033,370,371,Smartphone,R1,29.94,11,2024-10-29,3,Electrónica,26-64,0,0,,
2456,2103,370,371,Smartphone,R1,44.04,10,2024-10-25,3,Electrónica,26-64,0,0,,
1208,2823,370,371,Smartphone,R1,61.76,11,2024-05-17,3,Electrónica,26-64,0,0,,
585,2983,370,373,Smartphone,R3,118.6,11,2024-03-09,3,Electrónica,101-126,0,0,,
2344,2533,370,372,Smartphone,R2,64.37,1,2024-10-08,3,Electrónica,64-101,0,0,,
246,2953,370,373,Smartphone,R3,121,12,2024-01-29,3,Electrónica,101-126,0,0,,
2599,2263,370,371,Smartphone,R1,47.67,6,2024-11-11,3,Electrónica,26-64,0,0,,
1438,2123,370,371,Smartphone,R1,32.32,6,2024-06-14,3,Electrónica,26-64,0,0,,
1632,2053,370,373,Smartphone,R3,115.95,4,2024-07-11,3,Electrónica,101-126,0,0,,
2349,2353,370,371,Smartphone,R1,33.52,8,2024-10-09,3,Electrónica,26-64,0,0,,
1633,2143,370,372,Smartphone,R2,74.56,1,2024-07-11,3,Electrónica,64-101,0,0,,
234,2323,370,371,Smartphone,R1,34.5,1,2024-01-28,3,Electrónica,26-64,0,0,,
236,2693,370,373,Smartphone,R3,115.81,1,2024-01-28,3,Electrónica,101-126,0,0,,
2701,2303,370,371,Smartphone,R1,63.94,12,2024-11-24,3,Electrónica,26-64,0,0,,
2335,2433,370,373,Smartphone,R3,117.66,5,2024-10-07,3,Electrónica,101-126,0,0,,
243,2653,370,373,Smartphone,R3,121.22,6,2024-01-29,3,Electrónica,101-126,0,0,,
785,2383,370,373,Smartphone,R3,103.69,1,2024-04-01,3,Electrónica,101-126,0,0,,
2452,2783,370,372,Smartphone,R2,95.67,8,2024-10-24,3,Electrónica,64-101,0,0,,
1738,2593,370,373,Smartphone,R3,123.47,7,2024-07-24,3,Electrónica,101-126,0,0,,
716,2813,370,373,Smartphone,R3,114.94,11,2024-03-22,3,Electrónica,101-126,0,0,,
1922,2564,380,381,Tablet,R1,39.66,6,2024-08-17,3,Electrónica,26-62,0,0,,
769,2984,380,382,Tablet,R2,75.89,11,2024-03-30,3,Electrónica,62-81,0,0,,
2188,2234,380,383,Tablet,R3,83.61,5,2024-09-17,3,Electrónica,81-124,0,0,,
514,2104,380,382,Tablet,R2,78.87,5,2024-02-29,3,Electrónica,62-81,0,0,,
1896,2224,380,382,Tablet,R2,68.29,3,2024-08-13,3,Electrónica,62-81,0,0,,
2900,2064,380,383,Tablet,R3,90.59,7,2024-12-17,3,Electrónica,81-124,0,0,,
138,2284,380,382,Tablet,R2,69.35,4,2024-01-17,3,Electrónica,62-81,0,0,,
493,2594,380,383,Tablet,R3,82.71,7,2024-02-27,3,Electrónica,81-124,0,0,,
495,2964,380,383,Tablet,R3,99.82,8,2024-02-27,3,Electrónica,81-124,0,0,,
766,2044,380,381,Tablet,R1,35.84,11,2024-03-30,3,Electrónica,26-62,0,0,,
581,2664,380,381,Tablet,R1,54.19,3,2024-03-09,3,Electrónica,26-62,0,0,,
1387,2854,380,381,Tablet,R1,56.11,7,2024-06-07,3,Electrónica,26-62,0,0,,
1554,2394,380,382,Tablet,R2,74.88,11,2024-07-01,3,Electrónica,62-81,0,0,,
944,2134,380,381,Tablet,R1,43.2,4,2024-04-18,3,Electrónica,26-62,0,0,,
2057,2464,380,382,Tablet,R2,69.17,9,2024-09-01,3,Electrónica,62-81,0,0,,
2062,2654,380,381,Tablet,R1,47.46,12,2024-09-02,3,Electrónica,26-62,0,0,,
1446,2014,380,382,Tablet,R2,76.9,8,2024-06-15,3,Electrónica,62-81,0,0,,
959,2844,380,381,Tablet,R1,53.22,7,2024-04-20,3,Electrónica,26-62,0,0,,
2988,2424,380,382,Tablet,R2,69.18,4,2024-12-29,3,Electrónica,62-81,0,0,,
2078,2434,380,381,Tablet,R1,28.32,9,2024-09-05,3,Electrónica,26-62,0,0,,
1434,2754,380,381,Tablet,R1,61.6,3,2024-06-13,3,Electrónica,26-62,0,0,,
2091,2644,380,382,Tablet,R2,80.89,8,2024-09-06,3,Electrónica,62-81,0,0,,
2978,2204,380,382,Tablet,R2,70.13,12,2024-12-28,3,Electrónica,62-81,0,0,,
1432,2344,380,382,Tablet,R2,71.59,5,2024-06-13,3,Electrónica,62-81,0,0,,
1485,2324,380,381,Tablet,R1,45.82,9,2024-06-22,3,Electrónica,26-62,0,0,,
1424,2164,380,382,Tablet,R2,66.02,8,2024-06-12,3,Electrónica,62-81,0,0,,
1945,2494,380,383,Tablet,R3,94.1,1,2024-08-20,3,Electrónica,81-124,0,0,,
2971,2414,380,381,Tablet,R1,47.99,5,2024-12-27,3,Electrónica,26-62,0,0,,
1507,2254,380,383,Tablet,R3,110.94,6,2024-06-25,3,Electrónica,81-124,0,0,,
2116,2384,380,382,Tablet,R2,70.83,6,2024-09-09,3,Electrónica,62-81,0,0,,
2005,2804,380,383,Tablet,R3,90.14,11,2024-08-26,3,Electrónica,81-124,0,0,,
984,2214,380,383,Tablet,R3,81.56,8,2024-04-23,3,Electrónica,81-124,0,0,,
14,2794,380,382,Tablet,R2,67.97,9,2024-01-03,3,Electrónica,62-81,0,0,,
1525,2884,380,383,Tablet,R3,94.72,4,2024-06-27,3,Electrónica,81-124,0,0,,
15,2824,380,382,Tablet,R2,74.09,5,2024-01-03,3,Electrónica,62-81,0,0,,
198,2354,380,381,Tablet,R1,27.98,8,2024-01-24,3,Electrónica,26-62,0,0,,
2943,2764,380,383,Tablet,R3,92.81,11,2024-12-23,3,Electrónica,81-124,0,0,,
2942,2574,380,381,Tablet,R1,49.2,5,2024-12-23,3,Electrónica,26-62,0,0,,
1540,2024,380,381,Tablet,R1,61.79,6,2024-06-29,3,Electrónica,26-62,0,0,,
1385,2624,380,383,Tablet,R3,122.97,2,2024-06-07,3,Electrónica,81-124,0,0,,
1380,2674,380,383,Tablet,R3,116.52,3,2024-06-06,3,Electrónica,81-124,0,0,,
1423,2084,380,381,Tablet,R1,26.85,9,2024-06-12,3,Electrónica,26-62,0,0,,
895,2704,380,383,Tablet,R3,117.89,1,2024-04-13,3,Electrónica,81-124,0,0,,
1897,2894,380,381,Tablet,R1,28.58,7,2024-08-13,3,Electrónica,26-62,0,0,,
2059,2534,380,381,Tablet,R1,38.12,5,2024-09-02,3,Electrónica,26-62,0,0,,
817,2124,380,382,Tablet,R2,74.39,7,2024-04-04,3,Electrónica,62-81,0,0,,
253,2784,380,381,Tablet,R1,41.96,9,2024-01-30,3,Electrónica,26-62,0,0,,
1276,2004,380,383,Tablet,R3,123.01,11,2024-05-25,3,Electrónica,81-124,0,0,,
1220,2904,380,383,Tablet,R3,93.31,3,2024-05-18,3,Electrónica,81-124,0,0,,
879,2544,380,382,Tablet,R2,63.88,8,2024-04-11,3,Electrónica,62-81,0,0,,
1824,2514,380,382,Tablet,R2,79.99,10,2024-08-03,3,Electrónica,62-81,0,0,,
2273,2864,380,383,Tablet,R3,105.06,6,2024-09-29,3,Electrónica,81-124,0,0,,
120,2874,380,383,Tablet,R3,117.47,2,2024-01-15,3,Electrónica,81-124,0,0,,
880,2934,380,383,Tablet,R3,95.9,2,2024-04-11,3,Electrónica,81-124,0,0,,
2346,2724,380,381,Tablet,R1,42.93,5,2024-10-08,3,Electrónica,26-62,0,0,,
100,2924,380,381,Tablet,R1,32.3,1,2024-01-13,3,Electrónica,26-62,0,0,,
1780,2054,380,383,Tablet,R3,96.64,9,2024-07-30,3,Electrónica,81-124,0,0,,
1835,2114,380,382,Tablet,R2,64.99,3,2024-08-04,3,Electrónica,62-81,0,0,,
2633,2602,390,393,Televisor,R3,118.04,4,2024-11-16,3,Electrónica,85-124,0,0,,
416,2302,390,392,Televisor,R2,69.69,5,2024-02-18,3,Electrónica,57-85,0,0,,
993,2962,390,393,Televisor,R3,118.65,5,2024-04-24,3,Electrónica,85-124,0,0,,
1415,2552,390,393,Televisor,R3,122.59,7,2024-06-11,3,Electrónica,85-124,0,0,,
1155,2772,390,393,Televisor,R3,107.31,3,2024-05-11,3,Electrónica,85-124,0,0,,
2374,2732,390,392,Televisor,R2,73.89,5,2024-10-11,3,Electrónica,57-85,0,0,,
737,2542,390,392,Televisor,R2,67.37,4,2024-03-25,3,Electrónica,57-85,0,0,,
1804,2452,390,392,Televisor,R2,83.17,8,2024-08-01,3,Electrónica,57-85,0,0,,
1248,2432,390,391,Televisor,R1,54.12,9,2024-05-21,3,Electrónica,26-57,0,0,,
1168,2022,390,393,Televisor,R3,112.05,3,2024-05-13,3,Electrónica,85-124,0,0,,
991,2312,390,393,Televisor,R3,108.25,8,2024-04-24,3,Electrónica,85-124,0,0,,
1509,2512,390,391,Televisor,R1,52.92,9,2024-06-25,3,Electrónica,26-57,0,0,,
694,2112,390,391,Televisor,R1,34.89,12,2024-03-20,3,Electrónica,26-57,0,0,,
1405,2292,390,391,Televisor,R1,39.53,12,2024-06-10,3,Electrónica,26-57,0,0,,
808,2532,390,392,Televisor,R2,81.42,9,2024-04-03,3,Electrónica,57-85,0,0,,
2553,2412,390,393,Televisor,R3,108.45,8,2024-11-06,3,Electrónica,85-124,0,0,,
2956,2422,390,392,Televisor,R2,58,10,2024-12-25,3,Electrónica,57-85,0,0,,
1988,2382,390,393,Televisor,R3,94.9,4,2024-08-24,3,Electrónica,85-124,0,0,,
1237,2482,390,391,Televisor,R1,43.31,1,2024-05-20,3,Electrónica,26-57,0,0,,
443,2742,390,391,Televisor,R1,49.01,3,2024-02-21,3,Electrónica,26-57,0,0,,
555,2942,390,393,Televisor,R3,119.68,2,2024-03-06,3,Electrónica,85-124,0,0,,
99,2822,390,392,Televisor,R2,57.34,1,2024-01-13,3,Electrónica,57-85,0,0,,
2787,2662,390,392,Televisor,R2,66.96,10,2024-12-03,3,Electrónica,57-85,0,0,,
302,2832,390,391,Televisor,R1,49.23,4,2024-02-04,3,Electrónica,26-57,0,0,,
1753,2712,390,392,Televisor,R2,57.13,8,2024-07-26,3,Electrónica,57-85,0,0,,
2803,2682,390,391,Televisor,R1,39.35,7,2024-12-05,3,Electrónica,26-57,0,0,,
2808,2332,390,391,Televisor,R1,54.34,11,2024-12-06,3,Electrónica,26-57,0,0,,
2048,2642,390,393,Televisor,R3,98.01,5,2024-08-31,3,Electrónica,85-124,0,0,,
714,2162,390,391,Televisor,R1,40.83,3,2024-03-22,3,Electrónica,26-57,0,0,,
1782,2372,390,391,Televisor,R1,36.05,7,2024-07-30,3,Electrónica,26-57,0,0,,
967,2212,390,391,Televisor,R1,38.98,11,2024-04-21,3,Electrónica,26-57,0,0,,
728,2462,390,391,Televisor,R1,46.04,3,2024-03-24,3,Electrónica,26-57,0,0,,
1190,2972,390,393,Televisor,R3,91.67,2,2024-05-15,3,Electrónica,85-124,0,0,,
1219,2612,390,393,Televisor,R3,96.38,11,2024-05-18,3,Electrónica,85-124,0,0,,
2092,2702,390,391,Televisor,R1,32.05,6,2024-09-06,3,Electrónica,26-57,0,0,,
1785,2722,390,392,Televisor,R2,61.6,11,2024-07-30,3,Electrónica,57-85,0,0,,
1786,2762,390,393,Televisor,R3,107.05,11,2024-07-30,3,Electrónica,85-124,0,0,,
2027,2142,390,393,Televisor,R3,85.48,10,2024-08-29,3,Electrónica,85-124,0,0,,
2026,2032,390,391,Televisor,R1,50.36,12,2024-08-29,3,Electrónica,26-57,0,0,,
1491,2192,390,393,Televisor,R3,104.46,12,2024-06-23,3,Electrónica,85-124,0,0,,
2301,2442,390,392,Televisor,R2,71.48,4,2024-10-02,3,Electrónica,57-85,0,0,,
2299,2012,390,391,Televisor,R1,48.02,7,2024-10-02,3,Electrónica,26-57,0,0,,
1154,2672,390,392,Televisor,R2,79.54,1,2024-05-11,3,Electrónica,57-85,0,0,,
1228,2582,390,392,Televisor,R2,69.3,6,2024-05-19,3,Electrónica,57-85,0,0,,
2363,2692,390,391,Televisor,R1,52.35,2,2024-10-10,3,Electrónica,26-57,0,0,,
1805,2592,390,393,Televisor,R3,106.91,2,2024-08-01,3,Electrónica,85-124,0,0,,
1870,2989,390,392,Televisor,R2,79.99,4,2024-08-09,3,Electrónica,57-85,0,0,,
1716,2362,390,392,Televisor,R2,58.05,11,2024-07-21,3,Electrónica,57-85,0,0,,
1857,2922,390,393,Televisor,R3,115.66,12,2024-08-07,3,Electrónica,85-124,0,0,,
630,2052,390,392,Televisor,R2,66.57,5,2024-03-14,3,Electrónica,57-85,0,0,,
2438,2472,390,392,Televisor,R2,67.41,1,2024-10-22,3,Electrónica,57-85,0,0,,
139,2402,390,393,Televisor,R3,117.53,9,2024-01-17,3,Electrónica,85-124,0,0,,
2200,2152,390,392,Televisor,R2,84.19,3,2024-09-19,3,Electrónica,57-85,0,0,,
1063,2182,390,393,Televisor,R3,105.46,11,2024-05-01,3,Electrónica,85-124,0,0,,
1903,2072,390,393,Televisor,R3,101.44,11,2024-08-14,3,Electrónica,85-124,0,0,,
2708,2172,390,393,Televisor,R3,115.93,8,2024-11-25,3,Electrónica,85-124,0,0,,
2236,2202,390,391,Televisor,R1,31.84,7,2024-09-25,3,Electrónica,26-57,0,0,,
634,2882,390,391,Televisor,R1,56.81,9,2024-03-14,3,Electrónica,26-57,0,0,,
368,2122,390,393,Televisor,R3,97.3,9,2024-02-12,3,Electrónica,85-124,0,0,,
580,2002,390,392,Televisor,R2,68.99,10,2024-03-09,3,Electrónica,57-85,0,0,,
2446,2562,390,392,Televisor,R2,78.28,9,2024-10-23,3,Electrónica,57-85,0,0,,
526,2572,390,393,Televisor,R3,123.48,7,2024-03-02,3,Electrónica,85-124,0,0,,
1329,2842,390,391,Televisor,R1,38.35,5,2024-05-31,3,Electrónica,26-57,0,0,,
2457,2132,390,393,Televisor,R3,117.96,7,2024-10-25,3,Electrónica,85-124,0,0,,
525,2322,390,392,Televisor,R2,81.31,9,2024-03-02,3,Electrónica,57-85,0,0,,
884,2492,390,391,Televisor,R1,54.4,5,2024-04-12,3,Electrónica,26-57,0,0,,
1880,2622,390,393,Televisor,R3,109.28,8,2024-08-11,3,Electrónica,85-124,0,0,,
2888,2342,390,391,Televisor,R1,50.79,2,2024-12-16,3,Electrónica,26-57,0,0,,
885,2812,390,391,Televisor,R1,52.6,2,2024-04-12,3,Electrónica,26-57,0,0,,
363,2952,390,393,Televisor,R3,112.58,5,2024-02-11,3,Electrónica,85-124,0,0,,
779,2062,390,393,Televisor,R3,101.98,7,2024-03-31,3,Electrónica,85-124,0,0,,
252,2522,390,393,Televisor,R3,94.98,2,2024-01-30,3,Electrónica,85-124,0,0,,
1003,2262,390,391,Televisor,R1,48.3,2,2024-04-25,3,Electrónica,26-57,0,0,,
1843,2042,390,391,Televisor,R1,44.97,4,2024-08-05,3,Electrónica,26-57,0,0,,
228,2222,390,391,Televisor,R1,33.19,9,2024-01-27,3,Electrónica,26-57,0,0,,
1259,2802,390,393,Televisor,R3,101.58,9,2024-05-22,3,Electrónica,85-124,0,0,,
549,2102,390,391,Televisor,R1,33.14,1,2024-03-05,3,Electrónica,26-57,0,0,,
2222,2632,390,391,Televisor,R1,40.39,2,2024-09-23,3,Electrónica,26-57,0,0,,
1971,2892,390,392,Televisor,R2,76.02,9,2024-08-22,3,Electrónica,57-85,0,0,,
201,2982,390,391,Televisor,R1,26.7,9,2024-01-24,3,Electrónica,26-57,0,0,,
2381,2242,390,392,Televisor,R2,72.27,7,2024-10-12,3,Electrónica,57-85,0,0,,
1543,2932,390,392,Televisor,R2,66.39,5,2024-06-29,3,Electrónica,57-85,0,0,,
2382,2352,390,392,Televisor,R2,82.27,2,2024-10-12,3,Electrónica,57-85,0,0,,
857,2852,390,391,Televisor,R1,34.23,4,2024-04-09,3,Electrónica,26-57,0,0,,
2152,2902,390,393,Televisor,R3,118.89,2,2024-09-13,3,Electrónica,85-124,0,0,,
610,2282,390,391,Televisor,R1,31.8,10,2024-03-12,3,Electrónica,26-57,0,0,,
390,2782,390,392,Televisor,R2,62.8,8,2024-02-15,3,Electrónica,57-85,0,0,,
758,2272,390,391,Televisor,R1,55.97,7,2024-03-29,3,Electrónica,26-57,0,0,,
150,2792,390,392,Televisor,R2,84.96,5,2024-01-18,3,Electrónica,57-85,0,0,,
209,2502,390,392,Televisor,R2,77.83,8,2024-01-25,3,Electrónica,57-85,0,0,,
1948,2862,390,392,Televisor,R2,62.63,8,2024-08-20,3,Electrónica,57-85,0,0,,
477,2232,390,392,Televisor,R2,70.17,7,2024-02-25,3,Electrónica,57-85,0,0,,
1277,2092,390,392,Televisor,R2,65.23,6,2024-05-25,3,Electrónica,57-85,0,0,,
2738,2392,390,393,Televisor,R3,90.14,9,2024-11-28,3,Electrónica,85-124,0,0,,
2667,2872,390,393,Televisor,R3,105.88,3,2024-11-19,3,Electrónica,85-124,0,0,,
1280,2652,390,392,Televisor,R2,74.49,4,2024-05-25,3,Electrónica,57-85,0,0,,
218,2252,390,393,Televisor,R3,89.27,8,2024-01-26,3,Electrónica,85-124,0,0,,
641,2082,390,391,Televisor,R1,55.66,3,2024-03-15,3,Electrónica,26-57,0,0,,
1666,2991,390,393,Televisor,R3,92.33,4,2024-07-15,3,Electrónica,85-124,0,0,,
744,2912,390,391,Televisor,R1,42.72,1,2024-03-26,3,Electrónica,26-57,0,0,,
